rank,domain,url
207,bbc.com,https://www.bbc.com/news
207,bbc.com,https://www.bbc.com/sport
207,bbc.com,https://www.bbc.com/business
207,bbc.com,https://www.bbc.com/technology
220,mit.edu,https://web.mit.edu/education
220,mit.edu,https://web.mit.edu/research
220,mit.edu,https://web.mit.edu/innovation
220,mit.edu,https://web.mit.edu/admissions-aid
224,bbc.co.uk,https://www.bbc.co.uk/accessibility/
224,bbc.co.uk,https://www.bbc.co.uk/schedules/p00fzl9m
224,bbc.co.uk,https://www.bbc.co.uk/sounds
224,bbc.co.uk,https://www.bbc.co.uk/news
228,ubuntu.com,https://ubuntu.com/search
228,ubuntu.com,https://ubuntu.com/navigation
228,ubuntu.com,https://ubuntu.com/download
228,ubuntu.com,https://ubuntu.com/blog/canonical-releases-ubuntu-26-04-lts-resolute-raccoon
229,oxylabs.io,https://oxylabs.io/products/residential-proxy-pool
229,oxylabs.io,https://oxylabs.io/products/datacenter-proxies
229,oxylabs.io,https://oxylabs.io/products/isp-proxies
229,oxylabs.io,https://oxylabs.io/products/dedicated-isp-proxies
249,who.int,https://www.who.int/southeastasia
249,who.int,https://www.who.int/europe/
249,who.int,http://www.emro.who.int/index.html
249,who.int,https://www.who.int/westernpacific/
253,linktr.ee,https://linktr.ee/register
253,linktr.ee,https://linktr.ee/selenagomez
253,linktr.ee,https://linktr.ee/funkynutmeg
253,linktr.ee,https://linktr.ee/hbo
261,weather.com,https://weather.com/weather/today/l/
261,weather.com,https://weather.com/weather/radar/interactive/l/
261,weather.com,https://weather.com/login
261,weather.com,https://weather.com/weather/tenday/l/
264,pages.dev,https://developers.cloudflare.com/pages
264,pages.dev,https://dash.cloudflare.com/login?redirect_uri=https%3A%2F%2Fdash.cloudflare.com%2F%3Faccount%3Dpages
264,pages.dev,https://dash.cloudflare.com/sign-up/workers-and-pages
264,pages.dev,https://developers.cloudflare.com/pages/platform/functions
266,meraki.com,https://meraki.cisco.com/en-au/
266,meraki.com,https://meraki.cisco.com/pt-br/
266,meraki.com,https://meraki.cisco.com/fr-ca/
266,meraki.com,https://meraki.cisco.com/zh-cn/
280,forter.com,https://www.forter.com/agents?utm_campaign=44315003-FY26%20Product%20Announcements&utm_source=website&utm_medium=banner
280,forter.com,https://www.forter.com/agents/
280,forter.com,https://www.forter.com/agentic-commerce/
280,forter.com,https://www.forter.com/platform/fraud-management/
293,inmobi.com,https://www.inmobi.com/company/leadership/
293,inmobi.com,https://www.inmobi.com/company/culture/
293,inmobi.com,https://advertising.inmobi.com/company/press
293,inmobi.com,https://www.inmobi.com/company/careers/
297,harvard.edu,https://www.harvard.edu/federal-lawsuits/
297,harvard.edu,https://www.harvard.edu/a-to-z/
297,harvard.edu,https://www.harvard.edu/academics/
297,harvard.edu,https://www.harvard.edu//programs/
309,wiley.com,https://www.wiley.com/en-us/
309,wiley.com,https://checkout.wiley.com/en-us/cart
309,wiley.com,https://customer.wiley.com/CGI-BIN/lansaweb?procfun+shopcart+shcfn11+funcparms+parmurl(l0350):https%3A%2F%2Fwww.wiley.com+source(A0100):HYBRIS_US
309,wiley.com,https://content.wiley.com/showyourwork?utm_source=extweb&utm_medium=referral&utm_content=null&utm_campaign=ari_productlaunch_fy27_tmp-wly
312,googleblog.com,https://blog.google/feed
312,googleblog.com,https://blog.google/innovation-and-ai/models-and-research/google-deepmind/
312,googleblog.com,https://blog.google/innovation-and-ai/models-and-research/google-research/
312,googleblog.com,https://blog.google/innovation-and-ai/models-and-research/google-labs/
323,media.net,https://www.media.net/publishers
323,media.net,https://www.media.net/advertiser
323,media.net,https://www.media.net/aboutus
323,media.net,https://www.media.net/contact
343,crpt.ru,https://crpt.ru/about-company.html
343,crpt.ru,https://crpt.ru/ocrpt.html
343,crpt.ru,https://crpt.ru/project/p1.html
343,crpt.ru,https://crpt.ru/project/p2.html
351,opendns.com,https://www.opendns.com/home-internet-security/
351,opendns.com,https://www.opendns.com/about/
351,opendns.com,https://www.opendns.com/search/
351,opendns.com,https://www.opendns.com/support/
360,tradingview.com,https://www.tradingview.com/chart/
360,tradingview.com,https://www.tradingview.com/ideas/
360,tradingview.com,https://www.tradingview.com/markets/
360,tradingview.com,https://www.tradingview.com/brokers/
366,trueconf.net,https://trueconf.com/company/contacts.html
366,trueconf.net,https://trueconf.com/products/
366,trueconf.net,https://trueconf.com/products/changelog.html
366,trueconf.net,https://trueconf.com/products/tcsf/trueconf-server-free.html
367,nvidia.com,https://www.nvidia.com/en-us/
367,nvidia.com,https://www.nvidia.com/en-us/data-center/dgx-cloud/
367,nvidia.com,https://docs.nvidia.com/ngc/latest/ngc-private-registry-user-guide.html
367,nvidia.com,https://www.nvidia.com/en-us/gpu-cloud/
413,casalemedia.com,https://www.indexexchange.com/platform/
413,casalemedia.com,https://www.indexexchange.com/platform/exchange-efficiency/
413,casalemedia.com,https://www.indexexchange.com/platform/exchange-quality/
413,casalemedia.com,https://www.indexexchange.com/platform/exchange-transparency/
440,substack.com,https://substack.com/explore
440,substack.com,https://substack.com/@jameelajamil?utm_source=substack-feed-item
440,substack.com,https://substack.com/@jameelajamil
440,substack.com,https://substack.com/@jameelajamil/note/c-313198950
443,yahoo.co.jp,https://travel.yahoo.co.jp/ikCo.ashx?cosid=y_010017&cosuid=ytmh&surl=%2F&sc_e=ytmh
443,yahoo.co.jp,https://typhoon.yahoo.co.jp/weather/jp/warn/
443,yahoo.co.jp,https://emergency-weather.yahoo.co.jp/weather/jp/evacuation/
443,yahoo.co.jp,https://search.yahoo.co.jp/image
448,mailinabox.email,https://mailinabox.email/guide.html
448,mailinabox.email,https://mailinabox.email/slack
448,mailinabox.email,https://mailinabox.email/maintenance.html
448,mailinabox.email,https://mailinabox.email/advanced-configuration.html
452,speedtest.net,https://www.speedtest.net/login
452,speedtest.net,https://www.speedtest.net/en
452,speedtest.net,https://www.speedtest.net/ar
452,speedtest.net,https://www.speedtest.net/de
454,cloudns.net,https://www.cloudns.net/domain-names/
454,cloudns.net,https://www.cloudns.net/index/lang/ru/
454,cloudns.net,https://www.cloudns.net/index/lang/de/
454,cloudns.net,https://www.cloudns.net/index/lang/fr/
459,goodreads.com,https://www.goodreads.com/about/terms
459,goodreads.com,https://www.goodreads.com/about/privacy
459,goodreads.com,https://www.goodreads.com/user/sign_in
459,goodreads.com,https://www.goodreads.com/blog/show/3088?ref=BBSummer_SOH
480,arxiv.org,https://arxiv.org/IgnoreMe
480,arxiv.org,https://arxiv.org/search
480,arxiv.org,https://arxiv.org/user/create
480,arxiv.org,https://info.arxiv.org/about/donate.html
483,eventbrite.com,https://www.eventbrite.com/signin/signup?referrer=%2Fmytickets
483,eventbrite.com,https://www.eventbrite.com/signin/
483,eventbrite.com,https://www.eventbrite.com/d/local/events/
483,eventbrite.com,https://www.eventbrite.com/l/sell-tickets/
530,dynatrace.com,https://www.dynatrace.com/gartner-magic-quadrant-for-observability-platforms/
530,dynatrace.com,https://www.dynatrace.com/try-free/
530,dynatrace.com,https://www.dynatrace.com/request-demo/
530,dynatrace.com,https://www.dynatrace.com/customers/
537,capcut.com,https://www.capcut.com/tools/desktop-video-editor
537,capcut.com,https://www.capcut.com/creative-suite
537,capcut.com,https://www.capcut.com/tools/capcut-apk-latest-version-android-download
537,capcut.com,https://www.capcut.com/tools/ai-design
538,newrelic.com,https://newrelic.com/signup
538,newrelic.com,https://newrelic.com/request-demo
538,newrelic.com,https://newrelic.com/customers
538,newrelic.com,https://newrelic.com/platform
542,time.com,https://time.com/subscribe-header-time/
542,time.com,https://time.com/article/2026/08/12/Karoline-Leavitt-to-step-down-white-house-press-secretary-Donald-Trump/
542,time.com,https://time.com/article/2026/08/12/ice-electric-shock-gloves/
542,time.com,https://time.com/article/2026/08/12/karoline-leavitt-white-house-press-secretary-memorable-moments/
556,fast.com,https://fast.com/id/
556,fast.com,https://fast.com/da/
556,fast.com,https://fast.com/de/
556,fast.com,https://fast.com/en/gb/
579,squarespace.com,https://www.squarespace.com/preise
579,squarespace.com,https://www.squarespace.com/templates/get-started
579,squarespace.com,https://www.squarespace.com/website-design
579,squarespace.com,https://www.squarespace.com/templates
590,uk.com,https://uk.com/sitemap
590,uk.com,https://uk.com/privacy-policy
590,uk.com,https://uk.com/terms-of-use
590,uk.com,https://uk.com/registry-policies
598,icloud-content.com,https://developer.apple.com/account
598,icloud-content.com,https://developer.apple.com/account/resources/
598,icloud-content.com,https://developer.apple.com/events/view/my-events
598,icloud-content.com,https://developer.apple.com/forums/
610,onetrust.com,https://www.onetrust.com/resources/gartner-magic-quadrant-for-ai-governance-platforms-2026-report/
610,onetrust.com,https://www.onetrust.com/index/
610,onetrust.com,https://www.onetrust.com/content/onetrust/us/en/solutions/ai-governance
610,onetrust.com,https://www.onetrust.com/content/onetrust/us/en/solutions/consent-and-preferences
616,unesco.org,https://www.unesco.org/en
616,unesco.org,https://www.unesco.org/en/homepage?L=1&id=18174
616,unesco.org,https://www.unesco.org/fr/homepage?L=1&id=18174
616,unesco.org,https://www.unesco.org/es/homepage?L=1&id=18174
618,klaviyo.com,https://www.klaviyo.com/uk
618,klaviyo.com,https://www.klaviyo.com/uk/platform
618,klaviyo.com,https://www.klaviyo.com/uk/solutions/ai
618,klaviyo.com,https://www.klaviyo.com/uk/solutions/marketing-automation
646,elpais.com,https://elpais.com/america/
646,elpais.com,https://elpais.com/mexico/
646,elpais.com,https://elpais.com/america-colombia/
646,elpais.com,https://elpais.com/chile/
650,braze.com,https://www.braze.com/value-of-braze
650,braze.com,https://www.braze.com/product/overview
650,braze.com,https://www.braze.com/pricing
650,braze.com,https://www.braze.com/product/brazeai
659,cnet.com,https://www.cnet.com/ai-atlas/
659,cnet.com,https://www.cnet.com/tech/
659,cnet.com,https://www.cnet.com/home/
659,cnet.com,https://www.cnet.com/culture/entertainment/
680,openstreetmap.org,https://www.openstreetmap.org/directions
680,openstreetmap.org,https://www.openstreetmap.org/edit
680,openstreetmap.org,https://www.openstreetmap.org/edit?editor=id
680,openstreetmap.org,https://www.openstreetmap.org/edit?editor=remote
701,google.co.uk,https://mail.google.com/mail/&ogbl
701,google.co.uk,https://www.google.com/imghp?hl=en&ogbl
701,google.co.uk,https://accounts.google.com/ServiceLogin?hl=en&passive=true&continue=https://www.google.com/&ec=GAZAmgQ
701,google.co.uk,https://www.google.com/advanced_search?hl=en-PK&authuser=0
706,bandcamp.com,https://bandcamp.com/login?from=menubar
706,bandcamp.com,https://bandcamp.com/discover?from=menubar&ui_context=subnav
706,bandcamp.com,https://bandcamp.com/discover/all/vinyl?from=menubar&ui_context=subnav
706,bandcamp.com,https://bandcamp.com/discover/all/cd?from=menubar&ui_context=subnav
716,seznam.cz,https://search.seznam.cz/obrazky/
716,seznam.cz,https://www.seznam.cz/jizdnirady/
716,seznam.cz,https://search.seznam.cz/videa/
716,seznam.cz,https://www.seznam.cz/jizdnirady/?utm_medium=ribbon-sluzeb&utm_source=www.seznam.cz
736,python.org,https://www.python.org/psf/
736,python.org,https://www.python.org/jobs/
736,python.org,https://www.python.org/community/
736,python.org,https://www.python.org/community/irc/
744,airbnb.com,https://www.airbnb.com/homes
744,airbnb.com,https://www.airbnb.com/experiences
744,airbnb.com,https://www.airbnb.com/services
744,airbnb.com,https://www.airbnb.com/help
752,appcenter.ms,https://appcenter.ms/create-account
752,appcenter.ms,https://appcenter.ms/sign-in
760,deepl.com,https://www.deepl.com/en/translator
760,deepl.com,https://www.deepl.com/en/ai-agents
760,deepl.com,https://www.deepl.com/en/translation-flow
760,deepl.com,https://www.deepl.com/en/reports/nucleus-roi-study
763,nikkei.com,https://www.nikkei.com/search
763,nikkei.com,https://regist.nikkei.com/r123?n_cid=DSPRM1HR01
763,nikkei.com,https://www.nikkei.com/login
763,nikkei.com,https://www.nikkei.com/paper/
769,bild.de,https://www.bild.de/suche.bildMobile.html
769,bild.de,https://angebot.bild.de/info/
769,bild.de,https://bild.de/wetter
769,bild.de,https://www.bild.de/video/mediathek/video/bild-live-71144736.bild.html
781,fiverr.com,https://www.fiverr.com/start_selling?source=top_nav
781,fiverr.com,https://www.fiverr.com/login?source=top_nav
781,fiverr.com,https://www.fiverr.com/join?source=top_nav
781,fiverr.com,https://www.fiverr.com/categories/trending
783,gumgum.com,https://gumgum.com/guides/the-new-frontier-of-contextual?utm_medium=stickybar&utm_source=website&utm_campaign=magna
783,gumgum.com,https://gumgum.com/contact
783,gumgum.com,https://gumgum.com/mindset
783,gumgum.com,https://gumgum.com/omnichannel
785,prnewswire.com,https://www.prnewswire.com/resources/
785,prnewswire.com,https://www.prnewswire.com/investor-relations-solutions/
785,prnewswire.com,https://app.prnewswire.com/login/auto
785,prnewswire.com,https://www.prnewswire.com/account/online-account-form/
791,ameblo.jp,https://ameblo.jp/borderfreecosmetics/
791,ameblo.jp,https://ameblo.jp/blog-navi/
791,ameblo.jp,https://ameblo.jp/chunta-2011/
791,ameblo.jp,https://ameblo.jp/ricoroco-ameba/
793,washington.edu,https://www.washington.edu/calendar/?utm_source=quicklinks&utm_medium=click&utm_campaign=quicklinks&utm_term=calendar
793,washington.edu,https://www.washington.edu/news/?utm_source=quicklinks&utm_medium=click&utm_campaign=quicklinks&utm_term=uwnews
793,washington.edu,https://www.washington.edu/about/?utm_source=whitebar&utm_medium=click&utm_campaign=about&utm_term=about
793,washington.edu,https://www.washington.edu/about/?utm_source=whitebar&utm_medium=click&utm_campaign=about&utm_term=abouttheuw
811,nbcnews.com,https://www.nbcnews.com/politics
811,nbcnews.com,https://www.nbcnews.com/us-news
811,nbcnews.com,https://www.nbcnews.com/world
811,nbcnews.com,https://www.nbcnews.com/new-york
850,thenai.org,https://thenai.org/how-to-opt-out/
850,thenai.org,https://thenai.org/about-online-advertising/
850,thenai.org,https://thenai.org/consumer-input-feedback/
850,thenai.org,https://thenai.org/about-the-nai-2/careers/
871,figma.com,https://www.figma.com/design-explore/
871,figma.com,https://www.figma.com/build-ship/
871,figma.com,https://www.figma.com/design/
871,figma.com,https://www.figma.com/make/
876,synology.com,https://www.synology.com/company/legal/privacy
876,synology.com,https://www.synology.com/company/legal/Services_Data_Collection_Disclosure
876,synology.com,https://www.synology.com/company
876,synology.com,https://www.synology.com/company/news
877,wyzecam.com,https://www.wyze.com/pages/accessibility-notice
877,wyzecam.com,https://www.wyze.com/pages/SCPRecall
877,wyzecam.com,https://www.wyze.com/collections/smart-cameras
877,wyzecam.com,https://www.wyze.com/collections/wired-cameras
881,worldbank.org,https://www.worldbank.org/en/publication/wdr2026
881,worldbank.org,https://www.worldbank.org/en/news/immersive-story/2026/07/29/digital-tides-transforming-communities-in-the-pacific
881,worldbank.org,https://www.worldbank.org/en/news/immersive-story/2026/08/12/the-future-starts-with-youth
881,worldbank.org,https://www.worldbank.org/ext/en/jobs
882,nic.network,https://identity.digital/registrar
882,nic.network,https://identity.digital/registry
882,nic.network,https://identity.digital/reseller
882,nic.network,https://identity.digital/company
897,readthedocs.io,https://app.readthedocs.com/dashboard/
897,readthedocs.io,https://about.readthedocs.com/choosing-a-platform/
897,readthedocs.io,https://about.readthedocs.com/features/
897,readthedocs.io,https://about.readthedocs.com/pricing/enterprise/
902,abovedomains.com,https://www.above.com/monetization.html
902,abovedomains.com,https://www.above.com/registrar/index.html
902,abovedomains.com,https://www.above.com/marketplace/index.html
902,abovedomains.com,https://www.above.com/about.html
910,kleinanzeigen.de,https://www.kleinanzeigen.de/m-benutzer-anmeldung.html
910,kleinanzeigen.de,https://www.kleinanzeigen.de/m-einloggen.html?targetUrl=/
910,kleinanzeigen.de,https://www.kleinanzeigen.de/p-anzeige-aufgeben-schritt2.html
910,kleinanzeigen.de,https://www.kleinanzeigen.de/merkliste
920,flashtalking.com,https://www.innovid.com/platform
920,flashtalking.com,https://www.innovid.com/platform/ad-authoring
920,flashtalking.com,https://www.innovid.com/platform/interactive-ads
920,flashtalking.com,https://www.innovid.com/platform/dynamic-ads
936,docker.io,https://www.docker.com/products/
936,docker.io,https://www.docker.com/products/docker-sandboxes/
936,docker.io,https://www.docker.com/products/ai-governance/
936,docker.io,https://www.docker.com/products/gordon/
943,jd.com,https://about.jd.com/contact/
943,jd.com,https://help.jd.com/user/custom.html
943,jd.com,https://vc.jd.com/cooperation.html
943,jd.com,https://helpcenter.jd.com/venderportal/index.html
954,otto.de,https://www.otto.de/sale/deal-des-tages/
954,otto.de,https://www.otto.de/sale/deals-der-woche/
954,otto.de,https://www.otto.de/myaccount/dashboard
954,otto.de,https://www.otto.de/wishlist-view/
958,corriere.it,https://www.corriere.it/il-punto/
958,corriere.it,https://www.corriere.it/le-serie-del-corriere/
958,corriere.it,https://www.corriere.it/150-anni/
958,corriere.it,https://www.corriere.it/newsletter/
967,tailscale.com,https://tailscale.com/tailscaleup
967,tailscale.com,https://tailscale.com/blog
967,tailscale.com,https://tailscale.com/docs
967,tailscale.com,https://tailscale.com/download
971,parklogic.com,https://parklogic.com/Domain-Investors
971,parklogic.com,https://parklogic.com/Registrars
971,parklogic.com,https://parklogic.com/Services
971,parklogic.com,https://parklogic.com/services/AdLogic
973,kwai.com,https://www.kwai.com/specials
973,kwai.com,https://www.kwai.com/about
973,kwai.com,https://www.kwai.com/newsroom
973,kwai.com,https://www.kwai.com/business
980,onet.pl,https://www.onet.pl/gry?utm_source=sg_onet&utm_medium=trening_umyslu&utm_campaign=naglowek
980,onet.pl,https://www.onet.pl/gry/pl/osiem-roznic
980,onet.pl,https://www.onet.pl/gry/pl/lamislowko
980,onet.pl,https://www.onet.pl/premium/newsweek
991,whitehouse.gov,https://www.whitehouse.gov/news/
991,whitehouse.gov,https://www.whitehouse.gov/gallery/
991,whitehouse.gov,https://www.whitehouse.gov/live/
991,whitehouse.gov,https://www.whitehouse.gov/election-integrity/
1006,pbs.org,https://www.pbs.org/shows/
1006,pbs.org,https://www.pbs.org/my-list/
1006,pbs.org,https://www.pbs.org/search/
1006,pbs.org,https://www.pbs.org/explore/arts/
1010,theconversation.com,https://theconversation.com/global/home-page
1010,theconversation.com,https://theconversation.com/global
1010,theconversation.com,https://theconversation.com/africa
1010,theconversation.com,https://theconversation.com/au
1017,porkbun.com,https://porkbun.com/legal/agreement/privacy_policy
1017,porkbun.com,https://porkbun.com/checkout/cart
1017,porkbun.com,https://porkbun.com/products/domains
1017,porkbun.com,https://porkbun.com/transfer
1025,nextcloud.com,https://nextcloud.com/hub26-summer/
1025,nextcloud.com,https://nextcloud.com/conference-2026/
1025,nextcloud.com,https://nextcloud.com/hub/
1025,nextcloud.com,https://nextcloud.com/files/
1030,interia.pl,https://wydarzenia.interia.pl/okiem-interii
1030,interia.pl,https://wydarzenia.interia.pl/interia-blizej-swiata
1030,interia.pl,"https://wydarzenia.interia.pl/kraj/news-bronislaw-komorowski-strategia-eliminacji-wszystkiego-na-pra,nId,23528399"
1030,interia.pl,https://wydarzenia.interia.pl/redakcja/marta-kurzynska
1032,conviva.com,https://www.conviva.ai/platform/
1032,conviva.com,https://www.conviva.ai/digital-product-insights/
1032,conviva.com,https://www.conviva.ai/video-streaming-insights/
1032,conviva.com,https://www.conviva.ai/security/
1035,goal.com,https://www.goal.com/en
1035,goal.com,https://www.goal.com/en/live-scores
1035,goal.com,https://www.goal.com/en/news
1035,goal.com,https://www.goal.com/en/category/transfers/1/k94w8e1yy9ch14mllpf4srnks
1057,flashscore.com,https://www.flashscore.com/news/
1057,flashscore.com,https://www.flashscore.com/favorites/
1057,flashscore.com,https://www.flashscore.com/tennis/
1057,flashscore.com,https://www.flashscore.com/basketball/
1075,bfmtv.com,https://www.bfmtv.com/en-direct/bfm-radio/
1075,bfmtv.com,https://www.bfmtv.com/en-direct/
1075,bfmtv.com,https://www.bfmtv.com/environnement/climat/direct-canicule-80-departements-en-vigilance-orange-meteo-france-prevoit-des-temperatures-maximales-jusqu-a-40-c-cet-apres-midi_LN-202608130031.html
1075,bfmtv.com,https://www.bfmtv.com/sante/gene-visuelle-tache-deformation-des-images-que-faire-si-j-ai-regarde-le-soleil-pendant-l-eclipse_AV-202608120488.html
1080,alphonso.tv,https://alphonso.tv/privacy
1080,alphonso.tv,https://alphonso.tv/privacy/
1080,alphonso.tv,https://alphonso.tv/alphonso-employee-privacy-policy/
1080,alphonso.tv,https://alphonso.tv/privacy/terms/
1099,franceinfo.fr,https://www.franceinfo.fr/recherche/
1099,franceinfo.fr,https://www.franceinfo.fr/en-direct/tv.html
1099,franceinfo.fr,https://www.franceinfo.fr/en-direct/radio.html
1099,franceinfo.fr,https://www.franceinfo.fr/en-direct/
1105,yastatic.net,https://yandex.ru/support/smart-captcha/problems.html?form-unique_key=9216975408245929644&form-fb-hint=2.74
1105,yastatic.net,https://yandex.ru/support/common/browsers-settings/browsers-java-js-settings.html
1121,cloudinary.com,https://cloudinary.com/products/video
1121,cloudinary.com,https://cloudinary.com/products/image
1121,cloudinary.com,https://cloudinary.com/products/digital_asset_management
1121,cloudinary.com,https://cloudinary.com/products/mediaflows
1126,amd.com,https://www.amd.com/en.html
1126,amd.com,https://www.amd.com/en/site-notifications/accessibility-statement.html
1126,amd.com,https://www.amd.com/en/products/processors/server/epyc.html
1126,amd.com,https://www.amd.com/en/products/processors/server/epyc/data-center-cloud-ai.html
1132,psychologytoday.com,http://www.psychologytoday.com/us
1132,psychologytoday.com,https://www.psychologytoday.com/us/therapists
1132,psychologytoday.com,https://member.psychologytoday.com/us/login
1132,psychologytoday.com,https://join.psychologytoday.com/us/signup
1134,upenn.edu,https://www.upenn.edu/academics
1134,upenn.edu,https://www.upenn.edu/academics/undergraduate
1134,upenn.edu,https://www.upenn.edu/academics/graduate
1134,upenn.edu,https://www.upenn.edu/academics/schools
1152,letsencrypt.org,https://letsencrypt.org/ca/
1152,letsencrypt.org,https://letsencrypt.org/cs/
1152,letsencrypt.org,https://letsencrypt.org/da/
1152,letsencrypt.org,https://letsencrypt.org/de/
1157,safety.google,https://safety.google/intl/en/
1157,safety.google,https://safety.google/intl/en/safety/
1157,safety.google,https://safety.google/intl/en/safety/privacy-practices/
1157,safety.google,https://safety.google/intl/en/safety/ads-data/
1164,triplinkintl.com,https://www.triplinkintl.com/home
1164,triplinkintl.com,https://www.triplinkintl.com/product
1164,triplinkintl.com,https://www.triplinkintl.com/solution
1164,triplinkintl.com,https://vcc.triplinkintl.com/webapp/yago/login?locale=en-US
1168,wetter.com,https://www.wetter.com/gesundheit/pollenflug/
1168,wetter.com,https://www.wetter.com/deutschland/EUDE.html
1168,wetter.com,https://www.wetter.com/oesterreich/EUAT.html
1168,wetter.com,https://www.wetter.com/schweiz/EUCH.html
1178,tabor.ru,https://tabor.ru/signup
1178,tabor.ru,https://tabor.ru/signin
1178,tabor.ru,https://tabor.ru/restore
1178,tabor.ru,https://tabor.ru/search_women
1199,service-now.com,https://www.servicenow.com/contact-us.html
1199,service-now.com,https://www.servicenow.com/lpdem/demonow-all.html
1199,service-now.com,https://www.servicenow.com/br/
1199,service-now.com,https://www.servicenow.com/fr-ca/
1210,rightmove.co.uk,https://www.rightmove.co.uk/property-for-sale.html
1210,rightmove.co.uk,https://www.rightmove.co.uk/new-homes-for-sale.html
1210,rightmove.co.uk,https://www.rightmove.co.uk/agent-valuation
1210,rightmove.co.uk,https://www.rightmove.co.uk/guides/landlord/investor-newsletter/
1214,donga.com,https://www.donga.com/news/search?query=%ED%95%9C%ED%99%94%EA%B7%B8%EB%A3%B9
1214,donga.com,https://www.donga.com/news/search?query=%EC%8B%A0%EC%A7%80
1214,donga.com,https://www.donga.com/news/search?query=%EC%83%9D%EA%B3%84%EA%B8%89%EC%97%AC
1214,donga.com,https://www.donga.com/news/search?query=%EC%86%A1%EC%8A%B9%ED%99%98+%EC%8B%9C%EB%A0%A5
1224,hotpepper.jp,https://www.hotpepper.jp/SA41/
1224,hotpepper.jp,https://www.hotpepper.jp/SA51/
1224,hotpepper.jp,https://www.hotpepper.jp/SA54/
1224,hotpepper.jp,https://www.hotpepper.jp/SA55/
1228,furaffinity.net,https://www.furaffinity.net/plus/
1228,furaffinity.net,https://www.furaffinity.net/browse/
1228,furaffinity.net,https://www.furaffinity.net/search/
1228,furaffinity.net,https://www.furaffinity.net/announcements
1230,huggingface.co,https://huggingface.co/models
1230,huggingface.co,https://huggingface.co/datasets
1230,huggingface.co,https://huggingface.co/spaces
1230,huggingface.co,https://huggingface.co/storage
1266,mundodeportivo.com,https://www.mundodeportivo.com/futbol/fc-barcelona/20260812/1004215528/vision-barca-conversacion-julian-alvarez-simeone.html
1266,mundodeportivo.com,https://www.mundodeportivo.com/tenis/20260813/1004215573/ko-definitivo-jodar-montreal.html
1266,mundodeportivo.com,https://www.mundodeportivo.com/futbol/malaga/20260812/1004215545/primer-bochorno-arbeloa-fulham-expulsado-retira-equipo-penaltis.html
1266,mundodeportivo.com,https://www.mundodeportivo.com/futbol/fc-barcelona/20260812/1004215416/xavi-candidato-seleccion-paises-bajos.html
1268,plex.tv,https://watch.plex.tv/live-tv
1268,plex.tv,https://watch.plex.tv/on-demand
1268,plex.tv,https://watch.plex.tv/discover
1268,plex.tv,https://watch.plex.tv/on-demand/list/trending
1295,cdiscount.com,https://www.cdiscount.com/edito/aide-js.html
1304,actu.fr,https://moncompte.actu.fr/kiosque/paywall/actu-desk_30929cdf-531e-4893-b3b6-9446bf7cf864
1304,actu.fr,https://actu.fr/dernieres-actus
1304,actu.fr,https://actu.fr/societe
1304,actu.fr,https://actu.fr/economie
1307,faphouse2.com,https://faphouse2.com/vr
1307,faphouse2.com,https://faphouse2.com/ultra
1307,faphouse2.com,https://faphouse2.com/store
1307,faphouse2.com,https://faphouse2.com/categories
1312,ilfattoquotidiano.it,https://www.ilfattoquotidiano.it/in-edicola/
1312,ilfattoquotidiano.it,https://www.ilfattoquotidiano.it/blog/
1312,ilfattoquotidiano.it,https://www.ilfattoquotidiano.it/millennium/
1312,ilfattoquotidiano.it,https://www.ilfattoquotidiano.it/fq-magazine/
1316,mydramalist.com,https://mydramalist.com/vip
1316,mydramalist.com,https://mydramalist.com/episode-calendar
1316,mydramalist.com,https://mydramalist.com/list
1316,mydramalist.com,https://mydramalist.com/feeds
1322,google.it,https://mail.google.com/mail/&ogbl
1322,google.it,https://www.google.com/imghp?hl=en&ogbl
1322,google.it,https://accounts.google.com/ServiceLogin?hl=en&passive=true&continue=https://www.google.com/&ec=GAZAmgQ
1322,google.it,https://www.google.com/advanced_search?hl=en-PK&authuser=0
1325,xxxbp.tv,https://xxxbp.tv/best
1325,xxxbp.tv,https://xxxbp.tv/trends
1325,xxxbp.tv,https://xxxbp.tv/most-viewed
1325,xxxbp.tv,https://xxxbp.tv/top-rated
1334,hostinger.com,https://www.hostinger.com/pricing
1334,hostinger.com,https://www.hostinger.com/ai-agents
1334,hostinger.com,https://www.hostinger.com/managed-apps
1334,hostinger.com,https://www.hostinger.com/self-hosted-n8n
1349,deepseek.com,https://api-docs.deepseek.com/zh-cn/guides/responses_api
1349,deepseek.com,https://api-docs.deepseek.com/zh-cn/
1349,deepseek.com,https://deepseek.com/en/
1349,deepseek.com,https://download.deepseek.com/app/
1365,navitime.co.jp,https://www.navitime.co.jp/account/regist/?invite=pc.header.entry
1365,navitime.co.jp,https://www.navitime.co.jp/maps/poi
1365,navitime.co.jp,https://www.navitime.co.jp/signin/?invite=menu01totalnavi
1365,navitime.co.jp,https://www.navitime.co.jp/transfer/
1374,haberler.com,https://www.haberler.com/ekonomi/
1374,haberler.com,https://www.haberler.com/magazin/
1374,haberler.com,https://www.haberler.com/spor/
1374,haberler.com,https://www.haberler.com/kripto-para/
1383,nikkansports.com,https://www.nikkansports.com/membership/about/
1383,nikkansports.com,https://www.nikkansports.com/membership/myaccount/
1383,nikkansports.com,https://www.nikkansports.com/premium/
1383,nikkansports.com,https://www.nikkansports.com/baseball/
1386,mangabuff.ru,https://mangabuff.ru/manga
1386,mangabuff.ru,https://mangabuff.ru/manga/top
1386,mangabuff.ru,https://mangabuff.ru/genres
1386,mangabuff.ru,https://mangabuff.ru/chat
1387,tenki.jp,https://tenki.jp/docs/sitemap/
1387,tenki.jp,https://tenki.jp/docs/help/
1387,tenki.jp,https://tenki.jp/world/
1387,tenki.jp,https://tenki.jp/pressure/
1397,ilmeteo.it,https://www.ilmeteo.it/portale/previsioni
1397,ilmeteo.it,https://www.ilmeteo.it/portale/meteo-breve-medio-termine
1397,ilmeteo.it,https://www.ilmeteo.it/portale/meteo-lungo-termine
1397,ilmeteo.it,https://www.ilmeteo.it/portale/meteo-30-giorni
1409,cronista.com,https://www.cronista.com/ultimas-noticias/
1409,cronista.com,https://www.cronista.com/MercadosOnline/dolar.html
1409,cronista.com,https://www.cronista.com/tema/dolar-blue/
1409,cronista.com,https://www.cronista.com/economia-politica/puede-repetirse-el-fenomeno-milei-en-2027-el-desafio-que-tendra-el-gobierno-segun-el-analista-mas-escuchado/
1414,uci.edu,https://uci.edu/index.php
1414,uci.edu,https://jobs.uci.edu/careers-home/
1414,uci.edu,https://uci.edu/academics/index.php
1414,uci.edu,https://uci.edu/academics/undergraduate.php
1416,inps.it,https://www.inps.it/it/it/previdenza/domanda-di-pensione.html
1416,inps.it,https://www.inps.it/it/it/previdenza/fondi-e-gestioni.html
1416,inps.it,https://www.inps.it/it/it/previdenza/ricongiunzioni-e-riscatti.html
1416,inps.it,https://www.inps.it/it/it/previdenza/versamento-contributi.html
1421,iltalehti.fi,https://www.iltalehti.fi/telkku
1421,iltalehti.fi,https://www.iltalehti.fi/nakoislehti
1421,iltalehti.fi,https://www.iltalehti.fi/uutiset
1421,iltalehti.fi,https://www.iltalehti.fi/urheilu
1423,varzesh3.com,https://www.varzesh3.com/app
1423,varzesh3.com,https://www.varzesh3.com/news
1423,varzesh3.com,https://www.varzesh3.com/podcast
1423,varzesh3.com,https://www.varzesh3.com/contact
1424,admanmedia.com,https://admanmedia.com/index.html
1424,admanmedia.com,https://admanmedia.com/publishers.html
1424,admanmedia.com,https://admanmedia.com/advertisers.html
1424,admanmedia.com,https://admanmedia.com/tecnologia.html
1425,otomoto.pl,https://www.otomoto.pl/osobowe
1425,otomoto.pl,https://www.otomoto.pl/osobowe/uzywane
1425,otomoto.pl,https://www.otomoto.pl/osobowe/nowe
1425,otomoto.pl,https://www.otomoto.pl/homepage-advert-search-summary?category_id=29&filter_enum_fuel_type=electric
1439,blic.rs,https://www.blic.rs/login
1439,blic.rs,https://www.blic.rs/vesti
1439,blic.rs,https://www.blic.rs/zabava
1439,blic.rs,https://www.blic.rs/biznis
1442,24h.com.vn,https://www.24h.com.vn/aff-cup-2026-c827.html
1442,24h.com.vn,https://www.24h.com.vn/gia-vang-hom-nay-c425.html
1442,24h.com.vn,https://www.24h.com.vn/minigame-du-doan-ty-so-minigameldp22.html
1442,24h.com.vn,https://www.24h.com.vn/lich-van-nien-c936.html
1446,3bmeteo.com,https://www.3bmeteo.com/servizi
1446,3bmeteo.com,https://www.3bmeteo.com/subscribe
1446,3bmeteo.com,https://www.3bmeteo.com/meteo/italia
1446,3bmeteo.com,https://www.3bmeteo.com/previsioni_weekend
1457,ssstik.io,https://ssstik.io/download-tiktok-stories
1457,ssstik.io,https://ssstik.io/apk
1457,ssstik.io,https://ssstik.io/download-tiktok-mp3
1457,ssstik.io,https://ssstik.io/contacts
1474,klikbca.com,https://www.klikbca.com/default.html?langID=2
1474,klikbca.com,https://www.klikbca.com/OnlineApplication/online_application.html
1478,footmercato.net,https://www.footmercato.net/mon-fm/
1478,footmercato.net,https://www.footmercato.net/live/
1478,footmercato.net,https://www.footmercato.net/programme-tv/
1478,footmercato.net,https://www.footmercato.net/classement/
1488,ptt.cc,https://www.ptt.cc/index.html
1488,ptt.cc,https://www.ptt.cc/statistics.html
1488,ptt.cc,https://www.ptt.cc/links.html
1488,ptt.cc,https://www.ptt.cc/bbs/index.html
1489,rustdesk.com,https://rustdesk.com/blog/rustdesk-vs-vnc
1489,rustdesk.com,https://rustdesk.com/team?lang=en
1489,rustdesk.com,https://rustdesk.com/support?lang=en
1489,rustdesk.com,https://rustdesk.com/web
1499,markt.de,https://www.markt.de/registrieren.htm
1499,markt.de,https://www.markt.de/benutzer/inserieren.htm
1499,markt.de,https://www.markt.de/premium-anmeldung.htm
1499,markt.de,https://www.markt.de/dienstleistungen/
1504,sondakika.com,https://www.sondakika.com/guncel/
1504,sondakika.com,https://www.sondakika.com/dunya/
1504,sondakika.com,https://www.sondakika.com/ekonomi/
1504,sondakika.com,https://www.sondakika.com/spor/
1509,255md.com,https://255md.com/assets/terms-of-service.html
1509,255md.com,https://255md.com/assets/privacy-policy.html
1509,255md.com,https://255md.com/assets/cookies-policy.html
1523,umn.edu,https://hr.umn.edu/jobs
1523,umn.edu,https://give.umn.edu/giveto/mission
1523,umn.edu,https://admissions.tc.umn.edu/costsaid/index.html
1523,umn.edu,https://onestop.umn.edu/dates-and-deadlines
1525,musicdel.ir,https://musicdel.ir/single-tracks/
1525,musicdel.ir,https://musicdel.ir/%D8%B1%DB%8C%D9%85%DB%8C%DA%A9%D8%B3-%D8%AC%D8%AF%DB%8C%D8%AF/
1525,musicdel.ir,https://musicdel.ir/turkish/
1525,musicdel.ir,https://musicdel.ir/kurdish-songs/
1541,bblaa.com,https://bblaa.com/assets/terms-of-service.html
1541,bblaa.com,https://bblaa.com/assets/privacy-policy.html
1541,bblaa.com,https://bblaa.com/assets/cookies-policy.html
1548,rakuten-sec.co.jp,https://www.rakuten-sec.co.jp/web/support/
1548,rakuten-sec.co.jp,https://www.rakuten-sec.co.jp/web/account/rsec.html
1548,rakuten-sec.co.jp,https://www.rakuten-sec.co.jp/ITS/V_ACT_Login.html
1548,rakuten-sec.co.jp,https://www.rakuten-sec.co.jp/web/lp/standard/
1559,ovhcloud.com,https://www.ovhcloud.com/en/
1559,ovhcloud.com,https://www.ovhcloud.com/en/mail/
1559,ovhcloud.com,https://www.ovhcloud.com/en/contact/
1559,ovhcloud.com,https://help.ovhcloud.com/csm/world-home
1571,nya2.com,https://nya2.com/assets/terms-of-service.html
1571,nya2.com,https://nya2.com/assets/privacy-policy.html
1571,nya2.com,https://nya2.com/assets/cookies-policy.html
1579,piccoma.com,https://piccoma.com/web/
1579,piccoma.com,https://piccoma.com/web/event_detail/23591
1579,piccoma.com,https://piccoma.com/web/acc/signin
1579,piccoma.com,https://piccoma.com/web/acc/register
1618,njavtv.com,https://njavtv.com/dm265/en
1618,njavtv.com,https://njavtv.com/en
1618,njavtv.com,https://njavtv.com/dm23/en/english-subtitle
1618,njavtv.com,https://njavtv.com/dm539/en/new
1627,czbooks.net,https://czbooks.net/editor
1627,czbooks.net,https://czbooks.net/qa
1627,czbooks.net,https://czbooks.net/c/xuanhuan
1627,czbooks.net,https://czbooks.net/c/yanqing
1632,bakusai.com,https://bakusai.com/auth/login/
1632,bakusai.com,https://bakusai.com/areatop/acode=3/url=%2Fentry%2F/
1632,bakusai.com,https://bakusai.com/mypage_notifications/
1632,bakusai.com,https://bakusai.com/areatop/acode=3/url=%2Fbeginner%2F
1637,sciencedaily.com,https://sciencedaily.com/newsfeeds.htm
1637,sciencedaily.com,https://sciencedaily.com/releases/2026/08/260812015200.htm
1637,sciencedaily.com,https://sciencedaily.com/releases/2026/08/260812015216.htm
1637,sciencedaily.com,https://sciencedaily.com/releases/2026/08/260812015218.htm
1639,momon-ga.com,https://momon-ga.com/mylist/
1639,momon-ga.com,https://momon-ga.com/history/
1639,momon-ga.com,https://momon-ga.com/fanzine/
1639,momon-ga.com,https://momon-ga.com/magazine/
1641,administracionelectronica.gob.es,https://administracionelectronica.gob.es/pae_Home/?idioma=es
1641,administracionelectronica.gob.es,https://administracionelectronica.gob.es/pae_Home/?idioma=ca
1641,administracionelectronica.gob.es,https://administracionelectronica.gob.es/pae_Home/?idioma=eu
1641,administracionelectronica.gob.es,https://administracionelectronica.gob.es/pae_Home/?idioma=gl
1670,xosodaiphat.com,https://xosodaiphat.com/dieu-khoan-su-dung.html
1670,xosodaiphat.com,https://xosodaiphat.com/chinh-sach-bao-mat.html
1670,xosodaiphat.com,https://xosodaiphat.com/xsmb-xo-so-mien-bac.html
1670,xosodaiphat.com,https://xosodaiphat.com/xsmb-thu-2.html
1671,keirin.jp,https://keirin.jp/pc/idpassinquiry
1671,keirin.jp,https://keirin.jp/pc/topicsdetail?&nnum=157
1671,keirin.jp,https://keirin.jp/pc/topicsdetail?&nnum=10643
1671,keirin.jp,https://keirin.jp/pc/static/beginner/miscellaneous/membership.html
1690,betking.com,https://www.betking.com/help/general-help/contact-us/
1690,betking.com,https://www.betking.com/{{globalSettings.HeaderHelpMenu_HelpCentreURL}}
1690,betking.com,https://www.betking.com/{{globalSettings.HeaderHelpMenu_ContactUsURL}}
1690,betking.com,https://www.betking.com/register
1693,sarkariresult.com.cm,https://sarkariresult.com.cm/latest-jobs/
1693,sarkariresult.com.cm,https://sarkariresult.com.cm/admit-card/
1693,sarkariresult.com.cm,https://sarkariresult.com.cm/result/
1693,sarkariresult.com.cm,https://sarkariresult.com.cm/admission/
1699,conectate.com.do,https://loterias.conectate.com.do/nacional/
1699,conectate.com.do,https://loterias.conectate.com.do/leidsa/
1699,conectate.com.do,https://loterias.conectate.com.do/loto-real/
1699,conectate.com.do,https://loterias.conectate.com.do/loteka/
1700,jra.jp,https://jra.jp/news/
1700,jra.jp,https://jra.jp/company/
1700,jra.jp,https://jra.jp/company/social/
1700,jra.jp,https://jra.jp/kouza/beginner/
1708,movie-box.co,https://movie-box.co/tv-series
1708,movie-box.co,https://movie-box.co/movie
1708,movie-box.co,https://movie-box.co/animated-series
1708,movie-box.co,https://movie-box.co/ranking-list
1719,packzy.com,https://packzy.com/pricing
1719,packzy.com,https://packzy.com/coverage
1719,packzy.com,https://packzy.com/about
1719,packzy.com,https://packzy.com/contact
1724,tamildhool.tech,https://www.tamildhool.tech/sun-tv/
1724,tamildhool.tech,https://www.tamildhool.tech/sun-tv/sun-tv-serial/
1724,tamildhool.tech,https://www.tamildhool.tech/sun-tv/sun-tv-show/
1724,tamildhool.tech,https://www.tamildhool.tech/sun-tv-programs/
1729,az24.vn,https://az24.vn/xsmb-sxmb-xo-so-mien-bac.html
1729,az24.vn,https://az24.vn/xsmn-sxmn-xo-so-mien-nam.html
1729,az24.vn,https://az24.vn/xsmt-sxmt-xo-so-mien-trung.html
1729,az24.vn,https://az24.vn/xo-so-truc-tiep.html
1746,lectormangass.net,https://lectormangass.net/comics
1746,lectormangass.net,https://lectormangass.net/grupos
1746,lectormangass.net,https://lectormangass.net/listas
1746,lectormangass.net,https://lectormangass.net/comics/jinx
1750,moviesda33.com,https://moviesdatamil.net/tamil-latest-updates/
1750,moviesda33.com,https://moviesdatamil.net/tamil-hd-movies-download/
1750,moviesda33.com,https://moviesdatamil.net/tamilrockers-movies-download/
1750,moviesda33.com,https://moviesdatamil.net/tamil-2021-movies/
1753,loteriadehoy.com,https://loteriadehoy.com/animalito/lottoactivo/
1753,loteriadehoy.com,https://loteriadehoy.com/animalito/lagranjita/
1753,loteriadehoy.com,https://loteriadehoy.com/animalito/lottoactivo2(monjemillonario)/
1753,loteriadehoy.com,https://loteriadehoy.com/animalito/guacharoactivo/
1758,cbl.gov.ly,https://cbl.gov.ly/history/
1758,cbl.gov.ly,https://cbl.gov.ly/our-mission/
1758,cbl.gov.ly,https://cbl.gov.ly/board-directors/
1758,cbl.gov.ly,https://cbl.gov.ly/strategic-plan/
1763,staseraintv.com,https://staseraintv.com/ieri_index.html
1763,staseraintv.com,https://staseraintv.com/domani_index.html
1763,staseraintv.com,https://staseraintv.com/film_in_tv_stasera.html
1763,staseraintv.com,https://staseraintv.com/index5.html
1768,sexmupxinh.net,https://sexmupxinh.net/phim-sex-hiep-dam/
1768,sexmupxinh.net,https://sexmupxinh.net/phim-sex-loan-luan/
1768,sexmupxinh.net,https://sexmupxinh.net/phim-sex-khong-che/
1768,sexmupxinh.net,https://sexmupxinh.net/phim-sex-nhat-ban/
1771,desitelugusex.com,https://www.desitelugusex.com/hottest-hd-porn-videos/
1771,desitelugusex.com,https://www.desitelugusex.com/random-hd-porn-videos/
1771,desitelugusex.com,https://www.desitelugusex.com/video/28217/indian-telugu-stepsister-doggy-style-big-ass-fucks-by-step-brother/
1771,desitelugusex.com,https://www.desitelugusex.com/video/28216/indian-desi-hot-aunty-hard-fucking-pussy-and-ass-with-big-dick-nephew/
1776,ad-contents.jp,https://ad-contents.jp/quiz/ceres/?user_id=guest
1776,ad-contents.jp,https://ad-contents.jp/eitango/ceres/?user_id=guest
1776,ad-contents.jp,https://ad-contents.jp/calendar/ceres/?user_id=guest
1776,ad-contents.jp,https://ad-contents.jp/calculate/ceres/?user_id=guest
1780,filmyfly.luxe,https://filmyfly.green/page-download/7092/Idhayam-Murali-2026-Hindi-Tamil-Dual-Audio-UnCut-South-Movie-HD-ESub.html
1780,filmyfly.luxe,https://filmyfly.green/page-download/7091/Main-Vaapas-Aaunga-2026-Bollywood-Hindi-Movie-HD-ESub.html
1780,filmyfly.luxe,https://filmyfly.green/page-download/6717/Peddi-2026-Hindi-Telugu-Dual-Audio-UnCut-South-Movie-HD-ESub.html
1780,filmyfly.luxe,https://filmyfly.green/page-download/7136/Jumper-2026-Bollywood-Hindi-Movie-HD-ESub.html
1783,rapid7.com,https://www.rapid7.com/platform/
1783,rapid7.com,https://www.rapid7.com/products/command/exposure-management/
1783,rapid7.com,https://www.rapid7.com/products/command/attack-surface-management-asm/
1783,rapid7.com,https://www.rapid7.com/solutions/vulnerability-management/
1785,inleed.net,https://inleed.se/flytthjalp
1785,inleed.net,https://inleed.se/dark
1785,inleed.net,https://inleed.se/domannamn
1785,inleed.net,https://inleed.se/webbhotell
1792,ico.org.uk,https://ico.org.uk/for-the-public/
1792,ico.org.uk,https://ico.org.uk/for-organisations/
1792,ico.org.uk,https://ico.org.uk/make-a-complaint/
1792,ico.org.uk,https://ico.org.uk/action-weve-taken/
1813,xserver.jp,https://www.xserver.ne.jp/feature/index.php
1813,xserver.jp,https://www.xserver.ne.jp/feature/pricing_plan.php
1813,xserver.jp,https://www.xserver.ne.jp/feature/wordpress_reasons.php
1813,xserver.jp,https://www.xserver.ne.jp/feature/xwrite.php
1819,boardgamearena.com,https://en.boardgamearena.com/account?page=newuser
1819,boardgamearena.com,https://en.boardgamearena.com/account?page=newuser&src=join
1820,twilio.com,https://www.twilio.com/en-us
1820,twilio.com,https://www.twilio.com/fr-fr
1820,twilio.com,https://www.twilio.com/de-de
1820,twilio.com,https://www.twilio.com/ja-jp
1828,moodle.org,https://moodle.org/course
1828,moodle.org,https://moodle.org/demo
1828,moodle.org,https://moodle.org/public/search
1828,moodle.org,https://moodle.org/login/index.php
1833,avira.com,https://www.avira.com/en
1833,avira.com,https://www.avira.com/en/buy-antivirus
1833,avira.com,https://www.avira.com/en/prime
1833,avira.com,https://www.avira.com/en/internet-security
1849,jino.ru,https://jino.ru/help/
1849,jino.ru,https://auth.jino.ru/registration/?next=https%3A%2F%2Fcp.jino.ru
1849,jino.ru,https://jino.ru/hosting/
1849,jino.ru,https://jino.ru/cloud/vps/
1862,405kk.com,https://405kk.com/assets/terms-of-service.html
1862,405kk.com,https://405kk.com/assets/privacy-policy.html
1862,405kk.com,https://405kk.com/assets/cookies-policy.html
1893,kicktipp.de,https://www.kicktipp.de/info/profil/login
1893,kicktipp.de,https://www.kicktipp.de/info/tippspiel/anlegen
1893,kicktipp.de,https://www.kicktipp.de/info/tippspiel/offen/
1893,kicktipp.de,https://www.kicktipp.de/info/tippspiel/suchen
1901,utexas.edu,https://www.utexas.edu/faculty-and-staff-resources
1901,utexas.edu,https://www.utexas.edu/family-and-visitor-resources
1901,utexas.edu,https://www.utexas.edu/alumni-resources
1901,utexas.edu,https://www.utexas.edu/apply
1904,uchicago.edu,https://www.uchicago.edu/who-we-are
1904,uchicago.edu,https://www.uchicago.edu/who-we-are/community-impact
1904,uchicago.edu,https://www.uchicago.edu/who-we-are/global-impact
1904,uchicago.edu,https://www.uchicago.edu/who-we-are/history-and-traditions
1911,lolpol2.com,https://lolpol2.com/help-map/
1911,lolpol2.com,https://lolpol2.com/latest/
1911,lolpol2.com,https://lolpol2.com/countries-list/
1911,lolpol2.com,https://lolpol2.com/actors-list/
1916,sarkariresult.com,https://www.sarkariresult.com/latestjob/
1916,sarkariresult.com,https://www.sarkariresult.com/admitcard/
1916,sarkariresult.com,https://www.sarkariresult.com/result/
1916,sarkariresult.com,https://www.sarkariresult.com/admission/
1982,5movierulz.school,https://www.5movierulz.watch/movies?sort=featured
1982,5movierulz.school,https://www.5movierulz.watch/category/hollywood-featured
1982,5movierulz.school,https://www.5movierulz.watch/category/bollywood-featured
1982,5movierulz.school,https://www.5movierulz.watch/category/telugu-featured
1985,olxsts.com,https://olxoke.com/brand-a-z/addo.html
1985,olxsts.com,https://olxoke.com/brand-a-z/adidas.html
1985,olxsts.com,https://olxoke.com/brand-a-z/airfree.html
1985,olxsts.com,https://olxoke.com/brand-a-z/alamii.html
1999,mapbox.com,https://www.mapbox.com/build
1999,mapbox.com,https://www.mapbox.com/contact
1999,mapbox.com,https://account.mapbox.com/auth/signin
1999,mapbox.com,https://account.mapbox.com/auth/signup
2005,hover.com,https://www.hover.com/domains
2005,hover.com,https://www.hover.com/email
2005,hover.com,https://www.hover.com/about
2005,hover.com,https://www.hover.com/resell-domains
2010,acronis.com,https://www.acronis.com/en/
2010,acronis.com,https://www.acronis.com/en/acronis-ai/
2010,acronis.com,https://www.acronis.com/en/search/
2010,acronis.com,https://www.acronis.com/en/contact-sales/
2011,deezer.com,https://www.deezer.com/en/offers/
2011,deezer.com,https://www.deezer.com/explore/features/
2011,deezer.com,https://www.deezer.com/en/channels/explore/
2011,deezer.com,https://account.deezer.com/en/login/
2028,themeisle.com,https://themeisle.com/wordpress-themes/
2028,themeisle.com,https://themeisle.com/themes/neve/
2028,themeisle.com,https://themeisle.com/themes/hestia/
2028,themeisle.com,https://themeisle.com/neve-fse/
2029,rspamd.com,https://rspamd.com/console
2029,rspamd.com,https://rspamd.com/book
2029,rspamd.com,https://docs.rspamd.com/getting-started/
2029,rspamd.com,https://rspamd.com/pricing
2058,beget.com,https://beget.com/ru/news
2058,beget.com,https://beget.com/ru/grant
2058,beget.com,https://beget.com/ru/partnership
2058,beget.com,https://beget.com/ru/kb/how-to
2059,stripe.network,https://stripe.com/pricing
2059,stripe.network,https://stripe.com/personalize
2059,stripe.network,https://dashboard.stripe.com/login
2059,stripe.network,https://dashboard.stripe.com/register
2061,sweb.ru,https://sweb.ru/company/
2061,sweb.ru,https://sweb.ru/pay/
2061,sweb.ru,https://sweb.ru/web/
2061,sweb.ru,https://sweb.ru/hosting/
2069,politico.com,https://www.politico.com/congress-news-updates-analysis
2069,politico.com,https://www.politico.com/white-house-news-updates-analysis
2069,politico.com,https://www.politico.com/supreme-court-legal-news-updates-analysis
2069,politico.com,https://www.politico.com/magazine
2072,logitech.com,https://www.logitech.com/en-us/business.html
2072,logitech.com,https://www.logitech.com/en-us/education.html
2072,logitech.com,https://www.logitech.com/en-us/shop/outlet
2072,logitech.com,https://www.logitech.com/en-us/change-location
2076,git-scm.com,https://git-scm.com/about
2076,git-scm.com,https://git-scm.com/tools/guis
2076,git-scm.com,https://git-scm.com/tools/hosting
2076,git-scm.com,https://git-scm.com/tools/command-line
2081,firstvds.ru,https://firstvds.ru/search
2081,firstvds.ru,https://firstvds.ru/products/vds_vps_hosting
2081,firstvds.ru,https://firstvds.ru/products/vds_vps_forcing
2081,firstvds.ru,https://firstvds.ru/hosting/bitrix
2093,themoviedb.org,https://www.themoviedb.org/movie
2093,themoviedb.org,https://www.themoviedb.org/movie/now-playing
2093,themoviedb.org,https://www.themoviedb.org/movie/upcoming
2093,themoviedb.org,https://www.themoviedb.org/movie/top-rated
2147,primis.tech,https://www.primis.tech/publishers/
2147,primis.tech,https://www.primis.tech/advertisers/
2147,primis.tech,https://www.primis.tech/content/
2147,primis.tech,https://www.primis.tech/blogs/
2149,eskimi.com,https://www.eskimi.com/creative-studio
2149,eskimi.com,https://www.eskimi.com/media-packages
2149,eskimi.com,https://www.eskimi.com/deepcontext
2149,eskimi.com,https://www.eskimi.com/display
2156,ahrefs.com,https://ahrefs.com/search-marketing
2156,ahrefs.com,https://ahrefs.com/site-explorer
2156,ahrefs.com,https://ahrefs.com/keywords-explorer
2156,ahrefs.com,https://ahrefs.com/rank-tracker
2167,sonobi.com,https://sonobi.com/publishers/
2167,sonobi.com,https://sonobi.com/advertisers/
2167,sonobi.com,https://sonobi.com/streamads/
2167,sonobi.com,https://sonobi.com/about/
2169,proofpoint.com,https://www.proofpoint.com/us
2169,proofpoint.com,https://www.proofpoint.com/us/products/collaboration-security-prime
2169,proofpoint.com,https://www.proofpoint.com/us/products/email-protection
2169,proofpoint.com,https://www.proofpoint.com/us/products/email-protection/email-fraud-defense
2182,engadget.com,https://www.engadget.com/latest/
2182,engadget.com,https://www.engadget.com/category/news/
2182,engadget.com,https://www.engadget.com/category/ai/
2182,engadget.com,https://www.engadget.com/category/apps/
2230,simpli.fi,https://simpli.fi/solutions
2230,simpli.fi,https://simpli.fi/solutions/unified-media
2230,simpli.fi,https://simpli.fi/solutions/unified-media/ctv
2230,simpli.fi,https://simpli.fi/solutions/unified-media/google-ads-sem
2238,hetzner.com,https://www.hetzner.com/legal/privacy-policy
2238,hetzner.com,https://www.hetzner.com/blog/
2238,hetzner.com,https://career.hetzner.com/de/
2238,hetzner.com,https://www.hetzner.com/unternehmen/ueber-uns/
2255,purdue.edu,https://www.purdue.edu/home/
2255,purdue.edu,https://www.purdue.edu/home/about/
2255,purdue.edu,https://www.purdue.edu/home/become-a-student/
2255,purdue.edu,https://www.purdue.edu/home/academics/
2260,duke.edu,https://www.duke.edu/academics/
2260,duke.edu,https://www.duke.edu/research/
2260,duke.edu,https://www.duke.edu/admissions/
2260,duke.edu,https://www.duke.edu/archive/
2262,nodejs.org,https://nodejs.org/en
2262,nodejs.org,https://nodejs.org/learn
2262,nodejs.org,https://nodejs.org/en/about
2262,nodejs.org,https://nodejs.org/en/download
2274,adthrive.com,https://dashboard.raptive.com/apply/site-info
2274,adthrive.com,https://raptive.com/creators/
2274,adthrive.com,https://raptive.com/creator-levels/
2274,adthrive.com,https://raptive.com/media-companies/
2288,bigcartel.com,https://www.bigcartel.com/product/pricing
2288,bigcartel.com,https://www.bigcartel.com/product/how-it-works
2288,bigcartel.com,https://my.bigcartel.com/login
2288,bigcartel.com,https://www.bigcartel.com/sell-physical-products
2307,verizon.com,https://www.verizon.com/accessibility
2307,verizon.com,https://www.verizon.com/business/?cmp=vcgref_naveyebrow
2307,verizon.com,https://www.verizon.com/support/contact-us/
2307,verizon.com,https://www.verizon.com/support/
2309,axon.ai,https://www.applovin.com/en
2309,axon.ai,https://www.applovin.com/en/monetization
2309,axon.ai,https://ads.applovin.com/auth/signup
2309,axon.ai,https://www.applovin.com/consumer-brands
2311,shorturl.at,https://www.shorturl.at/url-click-counter.php
2311,shorturl.at,https://www.shorturl.at/unshorten-url.php
2311,shorturl.at,https://www.shorturl.at/report-malicious-url.php
2311,shorturl.at,https://www.shorturl.at/terms-of-service.php
2314,onrender.com,https://render.com/migration-credits
2314,onrender.com,https://render.com/platform
2314,onrender.com,https://render.com/workflows
2314,onrender.com,https://render.com/docs/scaling
2316,zeasn.tv,https://www.whaletv.com/whale-tv
2316,zeasn.tv,https://www.whaletv.com/plus
2316,zeasn.tv,https://www.whaletv.com/g-engine
2316,zeasn.tv,https://www.whaletv.com/whale-framely
2321,bazaarvoice.com,https://www.bazaarvoice.com/products/
2321,bazaarvoice.com,https://www.bazaarvoice.com/products/sampling/
2321,bazaarvoice.com,https://www.bazaarvoice.com/products/managed-sampling/
2321,bazaarvoice.com,https://www.bazaarvoice.com/products/sampling/digital-product-sampling/
2324,generatepress.com,https://generatepress.com/pricing/
2324,generatepress.com,https://generatepress.com/one
2324,generatepress.com,https://generatepress.com/theme
2324,generatepress.com,https://generatepress.com/blocks
2339,www.gov.cn,http://big5.www.gov.cn/gate/big5/www.gov.cn/
2339,www.gov.cn,https://mail.www.gov.cn/nsmail/index.html
2339,www.gov.cn,https://www.gov.cn/yaowen/liebiao/202608/content_7077718.htm
2339,www.gov.cn,https://www.gov.cn/toutiao/
2345,hbomax.com,https://www.hbomax.com/accessibility/audio-description
2345,hbomax.com,https://auth.hbomax.com/login?flow=login
2345,hbomax.com,https://auth.hbomax.com/product
2345,hbomax.com,https://www.hbomax.com/a/summer-offer-2026-terms
2347,earthlink.net,https://www.earthlink.net/es/
2347,earthlink.net,https://business.earthlink.net/business-internet/
2347,earthlink.net,https://www.earthlink.net/resources/
2347,earthlink.net,https://www.earthlink.net/blog/
2356,java.com,https://www.java.com/en/
2356,java.com,https://www.java.com/en/download/
2356,java.com,https://www.java.com/download/
2356,java.com,https://www.java.com/en/download/help/whatis_java.html
2362,fortinet.net,http://www.fortinet.com/demo-center
2362,fortinet.net,http://www.fortinet.com/support/product-downloads
2362,fortinet.net,https://support.fortinet.com/app/common/Saml/InitiateSingleSignOn
2362,fortinet.net,https://www.fortinet.com/uk
2364,gameanalytics.com,https://www.gameanalytics.com/analyticsiq
2364,gameanalytics.com,https://www.gameanalytics.com/segmentiq
2364,gameanalytics.com,https://www.gameanalytics.com/pipelineiq
2364,gameanalytics.com,https://www.gameanalytics.com/marketiq
2381,samsungelectronics.com,https://www.samsung.com/pk/info/privacy/
2381,samsungelectronics.com,https://www.samsung.com/pk/
2381,samsungelectronics.com,https://shop.samsung.com/pk/cart
2381,samsungelectronics.com,https://www.samsung.com/pk/offer/
2383,wpengine.com,https://wpengine.com/managed-hosting-platform/
2383,wpengine.com,https://wpengine.com/ecommerce-solutions/
2383,wpengine.com,https://wpengine.com/newsroom-platform/
2383,wpengine.com,https://wpengine.com/headless-wordpress/
2386,lww.com,https://lww.com/pages/default.aspx
2386,lww.com,https://lww.com/pages/register.aspx?ContextUrl=%2fpages%2fdefault.aspx
2386,lww.com,https://lww.com/_layouts/oaks.journals/privacy.aspx
2386,lww.com,https://lww.com/pages/subjects.aspx
2388,cymru.com,https://www.team-cymru.com/pure-signal
2388,cymru.com,https://www.team-cymru.com/pure-signal/command-threat-intelligence-platform
2388,cymru.com,https://www.team-cymru.com/pure-signal/mcp-server
2388,cymru.com,https://www.team-cymru.com/pure-signal/radar-passive-asset-discovery-tool
2406,slate.com,https://slate.com/tag/slate-games
2406,slate.com,https://slate.com/newsletters
2406,slate.com,https://slate.com/sign-in
2406,slate.com,https://slate.com/account
2430,ny.gov,https://www.ny.gov/services
2430,ny.gov,https://www.ny.gov/programs
2430,ny.gov,https://www.ny.gov/agencies
2430,ny.gov,https://governor.ny.gov/news
2444,usc.edu,https://usc.edu/we-are-usc/the-university/
2444,usc.edu,https://usc.edu/we-are-usc/the-university/leadership/
2444,usc.edu,https://usc.edu/we-are-usc/the-university/faculty/
2444,usc.edu,https://usc.edu/we-are-usc/the-university/values/
2451,geotrust.com,https://www.geotrust.com/contact-us
2451,geotrust.com,https://www.geotrust.com/es
2451,geotrust.com,https://www.geotrust.com/de
2451,geotrust.com,https://www.geotrust.com/fr
2465,mirtesen.ru,https://mirtesen.ru/topic/cooking?utm_medium=from_left_sidebar
2465,mirtesen.ru,https://mirtesen.ru/topic/family?utm_medium=from_left_sidebar
2465,mirtesen.ru,https://mirtesen.ru/topic/show?utm_medium=from_left_sidebar
2465,mirtesen.ru,https://mirtesen.ru/topic/politics?utm_medium=from_left_sidebar
2472,ucdavis.edu,https://www.ucdavis.edu/about
2472,ucdavis.edu,https://www.ucdavis.edu/about/administration
2472,ucdavis.edu,https://www.ucdavis.edu/about/administration/initiatives
2472,ucdavis.edu,https://www.ucdavis.edu/principles-and-policies
2483,de.com,https://www.mentor.de.com/en/
2483,de.com,https://de.com/sitemap
2483,de.com,https://de.com/privacy-policy
2483,de.com,https://de.com/terms-of-use
2500,zend.com,https://www.zend.com/products/zendphp-enterprise
2500,zend.com,https://www.zend.com/products/zendhq
2500,zend.com,https://www.zend.com/products/enterprise-web-platform
2500,zend.com,https://www.zend.com/services/php-long-term-support
2503,sparteo.com,https://corporate.sparteo.com/our-mission
2503,sparteo.com,https://corporate.sparteo.com/corporate-responsability
2503,sparteo.com,https://corporate.sparteo.com/blog
2503,sparteo.com,https://corporate.sparteo.com/contact
2504,gmx.net,https://www.gmx.net/magazine
2504,gmx.net,https://www.gmx.net/mail/premium/?mc=03964665
2504,gmx.net,https://www.gmx.net/produkte/cloud/speicher-erweitern/?mc=03964770
2504,gmx.net,https://www.gmx.net/produkte/homepage-mail/persoenliche-domains/e-mail-adressen-anlegen/?mc=01994682
2505,crypto.com,https://crypto.com/en
2505,crypto.com,https://crypto.com/en/price
2505,crypto.com,https://accounts.crypto.com/en/login
2505,crypto.com,https://accounts.crypto.com/en/signup?from=mainapp-web
2507,home-assistant.io,https://www.home-assistant.io/blog/2026/08/05/release-20268/
2507,home-assistant.io,https://www.home-assistant.io/installation/
2507,home-assistant.io,https://www.home-assistant.io/docs/
2507,home-assistant.io,https://www.home-assistant.io/docs/automation/
2509,gettyimages.com,https://www.gettyimages.com/plans-and-pricing
2509,gettyimages.com,https://www.gettyimages.com/ai
2509,gettyimages.com,https://www.gettyimages.com/purchase/cart
2509,gettyimages.com,https://www.gettyimages.com/sign-in
2512,wikia.com,https://auth.fandom.com/signin?source=mw&redirect=https%3A%2F%2Fcommunity.fandom.com%2Fwiki%2FCommunity_Central&metadata=header-signin-button
2512,wikia.com,https://auth.fandom.com/register?source=mw&redirect=https%3A%2F%2Fcommunity.fandom.com%2Fwiki%2FCommunity_Central&metadata=header-registration-button
2512,wikia.com,https://community.fandom.com/wiki/Community_Central
2512,wikia.com,https://community.fandom.com/f
2517,flurry.com,https://www.flurry.com/blog/flurry-sunsetting/
2517,flurry.com,https://www.flurry.com/analytics/
2517,flurry.com,https://www.flurry.com/analytics/audience/
2517,flurry.com,https://www.flurry.com/analytics/event-tracking/
2542,weibo.cn,https://passport.weibo.cn/signin/login?entry=mweibo&r=https%3A%2F%2Fweibo.cn&_T_WM=6641e1f97b8d8381913a4604fda05bab
2542,weibo.cn,https://m.weibo.cn/search?containerid=100103type%3D1%26t%3D10%26q%3D%23%E6%9C%B1%E9%95%95%E5%9F%BA%E5%90%8C%E5%BF%97%E9%80%9D%E4%B8%96%23
2542,weibo.cn,https://m.weibo.cn/search?containerid=100103type%3D1%26t%3D10%26q%3D%23%E9%87%91%E9%B9%B0%E5%A5%96%E5%A5%B3%E4%B8%BB%E6%8F%90%E5%90%8D%23
2542,weibo.cn,https://m.weibo.cn/search?containerid=100103type%3D1%26t%3D10%26q%3D%23%E8%AF%B7%E6%9F%A5%E6%94%B6%E5%8F%B0%E9%A3%8E%E8%BF%87%E5%90%8E%E9%98%B2%E6%8A%A4%E8%A6%81%E7%82%B9%23
2552,tappx.com,https://www.tappx.com/developers
2552,tappx.com,https://www.tappx.com/publishers
2552,tappx.com,https://www.tappx.com/advertisers-agencies
2552,tappx.com,https://www.tappx.com/demand-partners
2555,mparticle.com,https://www.mparticle.com/contact/
2555,mparticle.com,https://www.mparticle.com/customers/marks-and-spencer/
2555,mparticle.com,https://www.mparticle.com/customers/joe-and-the-juice/
2555,mparticle.com,https://www.mparticle.com/customers/tatcha/
2567,illinois.edu,https://illinois.edu/community/visit-illinois/
2567,illinois.edu,https://www.admissions.illinois.edu/apply
2567,illinois.edu,https://payment.giving.illinois.edu/campaigns/51515/donations/new
2567,illinois.edu,https://illinois.edu/about/
2568,spaceweb.ru,https://sweb.ru/company/
2568,spaceweb.ru,https://sweb.ru/pay/
2568,spaceweb.ru,https://sweb.ru/web/
2568,spaceweb.ru,https://sweb.ru/hosting/
2588,ogury.io,https://www.ogury.com/solutions/
2588,ogury.io,https://www.ogury.com/solutions/brands/
2588,ogury.io,https://www.ogury.com/solutions/agencies/
2588,ogury.io,https://www.ogury.com/solutions/media-owners/
2596,chinadaily.com.cn,https://newssearch.chinadaily.com.cn/en/search
2596,chinadaily.com.cn,https://www.chinadaily.com.cn/china
2596,chinadaily.com.cn,https://www.chinadaily.com.cn/world
2596,chinadaily.com.cn,https://www.chinadaily.com.cn/business
2598,zeit.de,https://www.zeit.de/suche/beta
2598,zeit.de,https://www.zeit.de/index
2598,zeit.de,https://www.zeit.de/exklusive-zeit-artikel
2598,zeit.de,https://www.zeit.de/politik/index
2610,ethz.ch,https://ethz.ch/de/
2610,ethz.ch,https://ethz.ch/de/utils/search.html
2610,ethz.ch,https://ethz.ch/de/utils/kontakt.html
2610,ethz.ch,https://ethz.ch/de/footer/inhaltsverzeichnis.html
2633,woocommerce.com,https://woocommerce.com/wordpress-ecommerce/
2633,woocommerce.com,https://woocommerce.com/development-services/
2633,woocommerce.com,https://woocommerce.com/my-account/contact-support/
2633,woocommerce.com,https://woocommerce.com/enterprise-ecommerce/?woosource=nav_menu_click
2637,pruffme.com,https://pruffme.com/pages/prices/
2637,pruffme.com,https://pruffme.com/pages/support/
2637,pruffme.com,https://pruffme.com/landing/u44385/pruffme-boards?utm_source=homepage
2637,pruffme.com,https://pruffme.com/landing/u44385/pruffme?utm_source=homepage
2639,perl.org,https://www.perl.org/about.html
2639,perl.org,https://www.perl.org/get.html
2639,perl.org,https://www.perl.org/learn.html
2639,perl.org,https://www.perl.org/docs.html
2642,hostingradio.ru,https://micro-it.ru/streaming
2642,hostingradio.ru,https://micro-it.ru/radiostatistika
2642,hostingradio.ru,https://micro-it.ru/musictest
2642,hostingradio.ru,https://micro-it.ru/rsr
2671,evergage.com,https://www.salesforce.com/marketing/personalization/
2671,evergage.com,https://www.salesforce.com/products/
2671,evergage.com,https://www.salesforce.com/agentforce/
2671,evergage.com,https://www.salesforce.com/agentforce/how-it-works/
2675,newscientist.com,https://www.newscientist.com/login/
2675,newscientist.com,https://www.newscientist.com/curiosity-engine/
2675,newscientist.com,https://www.newscientist.com/science-events/
2675,newscientist.com,https://www.newscientist.com/tours/
2691,elastic.co,https://www.elastic.co/resources/security/report/forrester-xdr-wave?plcmt=global-alert-banner&cta=eswp-174
2691,elastic.co,https://www.elastic.co/about
2691,elastic.co,https://www.elastic.co/partners
2691,elastic.co,https://www.elastic.co/support
2694,nsw.gov.au,https://account.service.nsw.gov.au/manage
2694,nsw.gov.au,https://services.dcu.nsw.gov.au/myaccount/logout?destination=https%3A//www.nsw.gov.au/node/1
2694,nsw.gov.au,https://www.nsw.gov.au/living-nsw
2694,nsw.gov.au,https://www.nsw.gov.au/living-in-nsw/information-for-aboriginal-people
2700,raiffeisen.ru,https://www.raiffeisen.ru/business/
2700,raiffeisen.ru,https://www.raiffeisen.ru/corporate/
2700,raiffeisen.ru,https://www.raiffeisen.ru/premium/
2700,raiffeisen.ru,https://www.raiffeisen.ru/financial/
2704,envato.com,https://elements.envato.com/ai/
2704,envato.com,https://elements.envato.com/ai/ai-image-generator/
2704,envato.com,https://elements.envato.com/ai/ai-image-editor/
2704,envato.com,https://elements.envato.com/ai/ai-video-generator/
2713,int08h.com,https://int08h.com/about/
2713,int08h.com,https://int08h.com/post/public-roughtime-server/
2713,int08h.com,https://int08h.com/post/roughenough-a-rust-roughtime-server/
2713,int08h.com,https://int08h.com/post/roughtime-message-anatomy/
2715,archlinux.org,https://archlinux.org/packages/
2715,archlinux.org,https://gitlab.archlinux.org/archlinux
2715,archlinux.org,https://archlinux.org/download/
2715,archlinux.org,https://archlinux.org/about/
2722,wipo.int,https://www.wipo.int/about-ip/en/
2722,wipo.int,https://www.wipo.int/ip-outreach/en/tools/
2722,wipo.int,https://www.wipo.int/patents/en/patent-information.html
2722,wipo.int,https://www.wipo.int/patents/en/protection.html
2731,stumbleupon.com,https://stumbleupon.com/about
2770,anchor.fm,https://creators.spotify.com/resources
2770,anchor.fm,https://creators.spotify.com/features/video
2770,anchor.fm,https://creators.spotify.com/features/podcast
2770,anchor.fm,https://creators.spotify.com/switch
2774,thomsonreuters.com,https://www.thomsonreuters.com/en
2774,thomsonreuters.com,https://www.thomsonreuters.com/en/login
2774,thomsonreuters.com,https://www.thomsonreuters.com/en/account-management
2774,thomsonreuters.com,https://legal.thomsonreuters.com/en/legal/legal-ai
2797,yotpo.com,https://www.yotpo.com/platform/reviews/
2797,yotpo.com,https://www.yotpo.com/platform/loyalty/
2797,yotpo.com,https://www.yotpo.com/discover/
2797,yotpo.com,https://www.yotpo.com/platform/loyalty/yotpo-spotlight/
2813,libsyn.com,https://libsyn.com/how-to-start-a-podcast/
2813,libsyn.com,https://libsyn.com/plans-and-pricing/
2813,libsyn.com,https://libsyn.com/libsyn-podcast-hosting-features/
2813,libsyn.com,https://libsyn.com/podcast-monetization
2818,history.com,https://www.history.com/shows
2818,history.com,https://www.history.com/this-day-in-history/august-13
2818,history.com,https://www.history.com/videos
2818,history.com,https://www.history.com/topics/colonial-america
2824,treasury.gov,https://home.treasury.gov/about-treasury
2824,treasury.gov,https://home.treasury.gov/about/general-information
2824,treasury.gov,https://home.treasury.gov/about/general-information/role-of-the-treasury
2824,treasury.gov,https://home.treasury.gov/about/general-information/officials
2842,gumroad.com,https://gumroad.com/discover
2842,gumroad.com,https://gumroad.com/blog
2842,gumroad.com,https://gumroad.com/pricing
2842,gumroad.com,https://gumroad.com/features
2845,a2hosting.com,https://hosting.com/hosting/platforms/wordpress-hosting/
2845,a2hosting.com,https://checkout.hosting.com/basket
2845,a2hosting.com,https://hosting.com/hosting/
2845,a2hosting.com,https://hosting.com/hosting/platforms/managed-servers/
2849,rtve.es,https://www.rtve.es/noticias/20260812/eurovision-no-permitira-celebrar-festival-paises-conflicto/17189397.shtml
2849,rtve.es,https://www.rtve.es/deportes/20260812/deportivo-real-madrid-directo-hoy-video-resumen-resultado-partido-teresa-herrera-2026/17185481.shtml
2849,rtve.es,https://www.rtve.es/noticias/20260813/victimas-mortales-terremoto-colombia-ascienden-desaparecidos/17189572.shtml
2849,rtve.es,https://www.rtve.es/noticias/20260812/perseidas-2026-como-cuando-ver-lluvia-estrellas-agosto/17188298.shtml
2857,thetimes.co.uk,https://www.thetimes.com/search
2857,thetimes.co.uk,https://www.thetimes.com/uk
2857,thetimes.co.uk,https://www.thetimes.com/world
2857,thetimes.co.uk,https://www.thetimes.com/comment
2867,phys.org,https://phys.org/weekly-news/
2867,phys.org,https://phys.org/latest-news/
2867,phys.org,https://phys.org/unread-news/
2867,phys.org,https://phys.org/nanotech-news/
2872,ipapi.co,https://ipapi.co/api/
2872,ipapi.co,https://ipapi.co/contact/
2872,ipapi.co,https://ipapi.co/account/
2872,ipapi.co,https://ipapi.co/update-location/
2878,ubisoft.com,https://www.ubisoft.com/en-gb/game/rainbow-six/siege
2878,ubisoft.com,https://www.ubisoft.com/en-gb/game/assassins-creed
2878,ubisoft.com,https://www.ubisoft.com/en-gb/game/the-crew/motorfest
2878,ubisoft.com,https://www.ubisoft.com/en-gb/games/free
2880,saby.ru,https://online.saby.ru/page/saby-app?add_gtm=true
2880,saby.ru,https://saby.ru/tariffs
2880,saby.ru,https://saby.ru/contacts
2880,saby.ru,https://saby.ru/support
2885,zdf.de,https://www.zdf.de/suche
2885,zdf.de,https://www.zdf.de/kategorien
2885,zdf.de,https://www.zdf.de/kinder
2885,zdf.de,https://www.zdf.de/live-tv
2891,claude.com,https://claude.com/product/overview
2891,claude.com,https://claude.com/product/claude-code
2891,claude.com,https://claude.com/product/cowork
2891,claude.com,https://claude.com/product/tag
2893,uribl.com,http://www.uribl.com/index.shtml
2893,uribl.com,http://www.uribl.com/datafeed.shtml
2893,uribl.com,http://www.uribl.com/about.shtml
2893,uribl.com,http://www.uribl.com/usage.shtml
2895,crazyegg.com,https://www.crazyegg.com/overview
2895,crazyegg.com,https://www.crazyegg.com/heatmaps
2895,crazyegg.com,https://www.crazyegg.com/recordings
2895,crazyegg.com,https://www.crazyegg.com/errors-tracking
2898,prezi.com,https://prezi.com/pricing/?click_source=logged_element&page_location=header&element_text=pricing
2898,prezi.com,https://prezi.com/features/ai/?click_source=logged_element&page_location=header&element_text=business&occupation_selector=true
2898,prezi.com,https://prezi.com/craft-use-cases/education
2898,prezi.com,https://prezi.com/craft-use-cases/marketing
2904,narod.ru,https://narod.ru/obzory
2904,narod.ru,https://narod.ru/instrukcii
2904,narod.ru,https://narod.ru/servisy
2904,narod.ru,https://narod.ru/konstruktory-sajtov
2906,splashtop.com,https://www.splashtop.com/about/20-years-of-trust
2906,splashtop.com,https://www.splashtop.com/pricing
2906,splashtop.com,https://www.splashtop.com/downloads
2906,splashtop.com,https://redirect.splashtop.com/my/login
2912,nokia.com,https://www.nokia.com/networks/
2912,nokia.com,https://www.nokia.com/ai-and-cloud-providers/
2912,nokia.com,https://www.nokia.com/industries/
2912,nokia.com,https://www.nokia.com/telecommunication-providers/
2922,asahi.com,http://www.asahi.com/policy/index.html
2922,asahi.com,http://www.asahi.com/news/
2922,asahi.com,https://www.asahi.com/topics/AP-e1824535-c8a8-4b14-a332-830d75947dff/?iref=pc_gnavi_upper
2922,asahi.com,https://www.asahi.com/topics/AP-24487cd7-3d12-40ad-a1d5-1b0afa98e85f/?iref=pc_gnavi_upper
2928,webflow.io,https://webflow.com/webflowconf/seth-meyers
2928,webflow.io,https://webflow.com/feature/design
2928,webflow.io,https://webflow.com/feature/edit-content
2928,webflow.io,https://webflow.com/feature/interactions-animations
2966,rsc.org,https://books.rsc.org/books
2966,rsc.org,https://www.rsc.org/Account/Logon
2966,rsc.org,https://www.rsc.org/search-results/search-all-rsc-websites
2966,rsc.org,https://www.rsc.org/donations
2974,rosminzdrav.ru,https://minzdrav.gov.ru/bessmertniy_polk
2974,rosminzdrav.ru,https://minzdrav.gov.ru/special
2974,rosminzdrav.ru,https://minzdrav.gov.ru/news.atom
2974,rosminzdrav.ru,https://minzdrav.gov.ru/users/sign_in
2986,fbi.gov,https://www.fbi.gov/wanted
2986,fbi.gov,https://www.fbi.gov/news
2986,fbi.gov,https://www.fbi.gov/investigate
2986,fbi.gov,https://www.fbi.gov/how-we-can-help-you
3016,googlesource.com,https://opensource.google/events
3016,googlesource.com,https://opensource.google/projects
3016,googlesource.com,https://opensource.google/programs-and-services
3016,googlesource.com,https://opensource.google/organizations-we-support
3017,imgix.net,https://dashboard.imgix.com/signup?price=price_0ReLwQLGrLNsJ1DmOQcwaRe1
3017,imgix.net,https://www.imgix.com/blog/q2-2026-release-whats-new-for-video-ai-and-your-visual-workflow
3017,imgix.net,https://www.imgix.com/customers
3017,imgix.net,https://www.imgix.com/solutions/faster-webpages
3019,pastebin.com,https://pastebin.com/doc_api
3019,pastebin.com,https://pastebin.com/tools
3019,pastebin.com,https://pastebin.com/faq
3019,pastebin.com,https://pastebin.com/login
3020,drmgms.com,https://www.dreamgames.com/about-us
3020,drmgms.com,https://www.dreamgames.com/games
3020,drmgms.com,https://www.dreamgames.com/games/royal-match
3020,drmgms.com,https://www.dreamgames.com/games/royal-kingdom
3027,joinmassive.com,https://www.joinmassive.com/web-access
3027,joinmassive.com,https://www.joinmassive.com/web-render
3027,joinmassive.com,https://www.joinmassive.com/web-search
3027,joinmassive.com,https://www.joinmassive.com/isp-proxies
3029,aarp.org,https://www.aarp.org/money/retirement/readiness-quiz/?INTCMP=INT1488537996
3029,aarp.org,https://join.aarp.org/joinnav
3029,aarp.org,https://join.aarp.org/rfrenew
3029,aarp.org,https://join.aarp.org/ttarheader?cmp=HDR-AR-ENROLL
3038,jpush.cn,https://www.jpush.cn/push
3038,jpush.cn,https://www.jpush.cn/sms
3038,jpush.cn,https://www.jpush.cn/ums
3038,jpush.cn,https://www.jpush.cn/adpub
3052,senderscore.com,https://senderscore.org/assess/
3052,senderscore.com,https://senderscore.org/learn/
3052,senderscore.com,https://senderscore.org/act/
3052,senderscore.com,https://senderscore.org/mission/
3066,newsbreak.com,https://www.newsbreak.com/app
3066,newsbreak.com,https://www.newsbreak.com/locations
3066,newsbreak.com,https://www.newsbreak.com/headlines
3066,newsbreak.com,https://www.newsbreak.com/local
3092,drpc.org,https://drpc.org/login
3092,drpc.org,https://drpc.org/nodecloud-multichain-rpc-management
3092,drpc.org,https://drpc.org/data-api
3092,drpc.org,https://drpc.org/nodecore-open-source-rpc-infrastructure
3096,sfu.ca,https://www.sfu.ca/main/dashboard/students.html
3096,sfu.ca,https://www.sfu.ca/main/dashboard/faculty-staff.html
3096,sfu.ca,https://www.sfu.ca/main/dashboard/alumni.html
3096,sfu.ca,https://www.sfu.ca/main/dashboard/employers.html
3098,tracker.cl,https://tracker.cl/index.es.html
3108,buzzoola.com,https://buzzoola.com/en/about
3108,buzzoola.com,https://buzzoola.com/en/contacts
3108,buzzoola.com,https://buzzoola.com/ru/
3108,buzzoola.com,https://buzzoola.com/en/contacts?talk
3114,gog.com,https://www.gog.com/en
3114,gog.com,https://www.gog.com/en/games
3114,gog.com,https://www.gog.com/en/games?publishers=cd-projekt-red
3114,gog.com,https://www.gog.com/en/good-old-games
3118,tmz.com,https://www.tmz.com/pages/tips/
3118,tmz.com,https://www.tmz.com/sports/
3118,tmz.com,https://www.tmz.com/photos/
3118,tmz.com,https://www.tmz.com/watch/
3122,crunchbase.com,https://www.crunchbase.com/discover
3122,crunchbase.com,https://www.crunchbase.com/buy/select-product
3122,crunchbase.com,https://www.crunchbase.com/featured
3122,crunchbase.com,https://www.crunchbase.com/login
3152,rian.ru,https://ria.ru/politics/
3152,rian.ru,https://ria.ru/world/
3152,rian.ru,https://ria.ru/economy/
3152,rian.ru,https://ria.ru/society/
3170,scopus.com,https://www.scopus.com/home.uri?zone=header&origin=
3170,scopus.com,https://www.scopus.com/pages/search/authors
3170,scopus.com,https://www.scopus.com/sources.uri?zone=TopNavBar&origin=
3170,scopus.com,https://www.scopus.com/pages/signIn?referralUrl=https%3A%2F%2Fwww.scopus.com%2Fpages%2Fhome
3172,n-able.com,https://www.n-able.com/products
3172,n-able.com,https://www.n-able.com/solutions/remote-monitoring-and-management
3172,n-able.com,https://www.n-able.com/resources
3172,n-able.com,https://www.n-able.com/company
3191,cbssports.com,https://www.cbssports.com/nfl/
3191,cbssports.com,https://www.cbssports.com/college-football/
3191,cbssports.com,https://www.cbssports.com/golf/
3191,cbssports.com,https://www.cbssports.com/mlb/
3195,allstate.com,https://myaccountrwd.allstate.com/anon/account/login?intcid=%2Fmaintenance%2Fdefault.aspx%7CCTA_LoginMyAccount%7C190501&_ga=
3195,allstate.com,https://agents.allstate.com/locator.html?intcid=/maintenance/default.aspx%7CCTA_FindAnAgent%7C190501&_ga=
3195,allstate.com,https://purchase.allstate.com/onlineshopping/welcome?intcid=%2Fmaintenance%2Fdefault.aspx%7CCTA_Quote%7C190501&_ga=
3211,ex.co,https://ex.co/ovp/
3211,ex.co,https://ex.co/monetization/
3211,ex.co,https://ex.co/cms/
3211,ex.co,https://ex.co/player/
3219,flipboard.com,https://flipboard.com/newsletters
3219,flipboard.com,https://flipboard.com/signup
3219,flipboard.com,https://flipboard.com/login
3219,flipboard.com,https://flipboard.com/topic/news
3220,caltech.edu,https://www.caltech.edu/about/visit/plan-your-visit
3220,caltech.edu,https://hr.caltech.edu/careers
3220,caltech.edu,https://www.caltech.edu/quick-links-faculty
3220,caltech.edu,https://www.caltech.edu/quick-links-students
3234,usembassy.gov,https://www.usembassy.gov/afghanistan/
3234,usembassy.gov,https://www.usembassy.gov/albania/
3234,usembassy.gov,https://www.usembassy.gov/algeria/
3234,usembassy.gov,https://www.usembassy.gov/angola/
3238,geeksforgeeks.org,https://www.geeksforgeeks.org/dsa/dsa-tutorial-learn-data-structures-and-algorithms/
3238,geeksforgeeks.org,https://www.geeksforgeeks.org/explore
3238,geeksforgeeks.org,https://www.geeksforgeeks.org/c/c-programming-language/
3238,geeksforgeeks.org,https://www.geeksforgeeks.org/cpp/c-plus-plus/
3240,c6gj-static.net,https://c6gj-static.net/signin
3240,c6gj-static.net,https://c6gj-static.net/products/discover
3240,c6gj-static.net,https://c6gj-static.net/products/extension
3240,c6gj-static.net,https://c6gj-static.net/products/mobile
3245,fox.com,https://www.fox.com/shows-movies
3245,fox.com,https://www.fox.com/news
3245,fox.com,https://www.fox.com/sports
3245,fox.com,https://www.fox.com/search
3251,register.it,https://www.register.it/domains/
3251,register.it,https://www.register.it/domains/tld/it.html
3251,register.it,https://www.register.it/domains/start.html
3251,register.it,https://www.register.it/domains/recuperate.html
3259,dextrodedenda.top,https://dextrodedenda.top/vpn/en/
3259,dextrodedenda.top,https://dextrodedenda.top/vpn/en/payment
3259,dextrodedenda.top,https://dextrodedenda.top/vpn/zh/
3259,dextrodedenda.top,https://dextrodedenda.top/vpn/ru/
3268,unep.org,https://www.unep.org/news-and-stories
3268,unep.org,https://www.unep.org/events
3268,unep.org,https://www.unep.org/get-involved
3268,unep.org,https://www.unep.org/ar
3273,wireshark.org,https://sharkfest.wireshark.org/sfeu
3273,wireshark.org,https://www.wireshark.org/download.html
3273,wireshark.org,https://www.wireshark.org/docs/relnotes/
3273,wireshark.org,https://www.wireshark.org/learn
3275,dvr163.com,https://dvr163.com/esee2.php
3288,tripadvisor.co.uk,https://www.tripadvisor.co.uk/ForumHome
3288,tripadvisor.co.uk,https://www.tripadvisor.co.uk/RegistrationController?flow=sign_up_and_save&returnTo=%2F&fullscreen=true&flowOrigin=login&hideNavigation=true&isLithium=true
3288,tripadvisor.co.uk,https://www.tripadvisor.co.uk/Attractions
3288,tripadvisor.co.uk,https://www.tripadvisor.co.uk/Hotels
3299,georgetown.edu,https://www.georgetown.edu/who-we-are/
3299,georgetown.edu,https://www.georgetown.edu/who-we-are/the-whole-person/
3299,georgetown.edu,https://www.georgetown.edu/who-we-are/our-catholic-jesuit-heritage/
3299,georgetown.edu,https://www.georgetown.edu/who-we-are/local-global-impact/
3308,tradingeconomics.com,https://tradingeconomics.com/calendar
3308,tradingeconomics.com,https://tradingeconomics.com/stream
3308,tradingeconomics.com,https://tradingeconomics.com/commodities
3308,tradingeconomics.com,https://tradingeconomics.com/stocks
3313,chartbeat.com,https://lp.chartbeat.com/navigating-new-traffic-landscape-chartbeat?cid=C02924
3313,chartbeat.com,https://chartbeat.com/solutions-for-media/chartbeat-content-intelligence-solutions
3313,chartbeat.com,https://chartbeat.com/solutions-for-media/content-strategy-essentials/
3313,chartbeat.com,https://chartbeat.com/solutions-for-media/reader-experience/
3314,uhc.com,https://member.uhc.com/one-portal/automatic?portal=uhccom
3314,uhc.com,https://www.uhc.com/shop-online-health-insurance-plans
3314,uhc.com,https://www.uhc.com/medicare
3314,uhc.com,https://www.uhc.com/communityplan
3341,tynt.com,https://tynt.com/dashboard
3367,bbci.co.uk,https://www.bbc.co.uk/accessibility/
3367,bbci.co.uk,https://www.bbc.co.uk/schedules/p00fzl9m
3367,bbci.co.uk,https://www.bbc.co.uk/sounds
3367,bbci.co.uk,https://www.bbc.co.uk/news
3377,reverso.net,https://www.reverso.net/text-translation
3377,reverso.net,https://www.reverso.net/spell-checker/english-spelling-grammar/
3377,reverso.net,https://context.reverso.net/translation/
3377,reverso.net,https://context.reverso.net/vocabulary
3392,braze.eu,https://www.braze.com/value-of-braze
3392,braze.eu,https://www.braze.com/product/overview
3392,braze.eu,https://www.braze.com/pricing
3392,braze.eu,https://www.braze.com/product/brazeai
3402,opsgenie.com,https://www.atlassian.com/software/opsgenie/migration
3402,opsgenie.com,https://www.atlassian.com/zh/software/opsgenie/migration
3402,opsgenie.com,https://www.atlassian.com/de/software/opsgenie/migration
3402,opsgenie.com,https://www.atlassian.com/es/software/opsgenie/migration
3415,swiftkey.com,https://www.microsoft.com/en-us/swiftkey
3415,swiftkey.com,https://www.microsoft.com/en-us/swiftkey/about-us
3415,swiftkey.com,https://www.microsoft.com/microsoft-365
3415,swiftkey.com,https://azure.microsoft.com/en-us?ocid=cmm4r4ppnhp
3419,formula1.com,https://f1store.formula1.com/en/?_s=bm-fi-f1-prtsite-topnav-230720-jm
3419,formula1.com,https://ticketing.formula1.com/seasons/
3419,formula1.com,https://ticketing.formula1.com/hospitality/seasons/
3419,formula1.com,https://www.formula1.com/subscribe-to-f1-tv
3420,bale.ai,https://bale.ai/faq
3420,bale.ai,https://bale.ai/tabligh?utm_source=bale&utm_medium=main_website&utm_campaign=button
3420,bale.ai,https://bale.ai/bot
3420,bale.ai,https://bale.ai/safir
3428,indiana.edu,https://bloomington.iu.edu/academics/
3428,indiana.edu,https://bloomington.iu.edu/academics/degrees-majors/
3428,indiana.edu,https://bloomington.iu.edu/academics/schools/
3428,indiana.edu,https://bloomington.iu.edu/academics/experiential-learning/
3437,bahn.de,https://www.bahn.de/bahnbusiness
3437,bahn.de,https://www.bahn.de/hilfe?dbkanal_007=headerlinks-hilfe
3437,bahn.de,https://www.bahn.de/service/fahrplaene/aktuell?dbkanal_007=headerlinks-verkehrsmeldungen
3437,bahn.de,https://www.bahn.de/service/fahrplaene/bauarbeiten?dbkanal_007=headerlinks-baustellen
3439,mobilefuse.com,https://mobilefuse.com/mindset-targeting-insights
3439,mobilefuse.com,https://mobilefuse.com/mfx
3439,mobilefuse.com,https://mobilefuse.com/contact
3439,mobilefuse.com,https://mobilefuse.com/about-us
3453,flightaware.com,https://www.flightaware.com/about/
3453,flightaware.com,https://www.flightaware.com/news/
3453,flightaware.com,https://www.flightaware.com/commercial/advertising/
3453,flightaware.com,https://www.flightaware.com/about/careers/
3466,collegeboard.org,https://satsuite.collegeboard.org/sat
3466,collegeboard.org,https://satsuite.collegeboard.org/psat-nmsqt
3466,collegeboard.org,https://satsuite.collegeboard.org/psat-10
3466,collegeboard.org,https://satsuite.collegeboard.org/psat-8-9
3473,apnic.net,https://wq.apnic.net/whois-search/static/search.html
3473,apnic.net,https://www.apnic.net/get-ip/apnic-membership/billing-procedure/make-a-payment/
3473,apnic.net,https://www.apnic.net/get-ip/get-ip-addresses-asn/
3473,apnic.net,https://www.apnic.net/get-ip/apnic-membership/
3486,immersivelabs.com,https://www.immersivelabs.com/resources/webinars/controlling-advanced-ai-the-gap-between-theory-and-reality
3486,immersivelabs.com,https://www.immersivelabs.com/container7
3486,immersivelabs.com,https://www.immersivelabs.com/products/platform
3486,immersivelabs.com,https://www.immersivelabs.com/ai
3503,scw.cloud,https://console.scaleway.com/kafka/fr-par/clusters?utm_source=website&utm_medium=direct&utm_campaign=202606-prd-ww-all-clusters_for_apache_kafka&utm_content=motd-website
3503,scw.cloud,https://www.scaleway.com/en/
3503,scw.cloud,https://www.scaleway.com/en/docs/
3503,scw.cloud,https://www.scaleway.com/en/blog/
3512,telstra.com,https://www.telstra.com.au/mobile-phones/mobiles-on-a-plan/google/pixel-11-pro-xl
3512,telstra.com,https://www.telstra.com.au/mobile-phones/mobiles-on-a-plan/google
3512,telstra.com,https://www.telstra.com.au/mobile-phones/activate
3512,telstra.com,https://www.telstra.com.au/support
3517,google.gr,https://mail.google.com/mail/&ogbl
3517,google.gr,https://www.google.com/imghp?hl=en&ogbl
3517,google.gr,https://accounts.google.com/ServiceLogin?hl=en&passive=true&continue=https://www.google.com/&ec=GAZAmgQ
3517,google.gr,https://www.google.com/advanced_search?hl=en-PK&authuser=0
3519,banahosting.com,https://www.banahosting.com/web-hosting
3519,banahosting.com,https://manage.banahosting.com/submitticket.php
3519,banahosting.com,https://manage.banahosting.com/knowledgebase.php
3519,banahosting.com,https://manage.banahosting.com/contact.php
3526,iqm.com,https://iqm.com/verticals/
3526,iqm.com,https://iqm.com/verticals/political-advertising/
3526,iqm.com,https://iqm.com/verticals/healthcare-advertising/
3526,iqm.com,https://iqm.com/verticals/specialty-advertising/
3530,nydailynews.com,https://mktops.nydailynews.com/subscriptions/land-wwsf-26/?market=ny&source=index&g2i_or_o=Internet&g2i_or_p=nav&g2i_source=SB&g2i_medium=sub-nav&g2i_campaign=WWSF26
3530,nydailynews.com,https://www.nydailynews.com/util-clean-cookies/?callbackURL=https://enewspaper.nydailynews.com/shortcode/NEW687
3530,nydailynews.com,https://www.nydailynews.com/help-center/eedition-faq/
3530,nydailynews.com,https://www.nydailynews.com/news/
3562,ampproject.net,https://amp.dev/about/websites/
3562,ampproject.net,https://amp.dev/about/stories/
3562,ampproject.net,https://amp.dev/about/ads/
3562,ampproject.net,https://amp.dev/about/email/
3564,proquest.com,https://www.proquest.com/honeypot
3564,proquest.com,http://about.proquest.com/products-services/search-all-products
3564,proquest.com,https://about.proquest.com/products-services/dissertations/
3564,proquest.com,https://about.proquest.com/go/contactus
3567,sfr.fr,https://u.sfr.fr/s/accueil?sun_source=header_siteweb
3567,sfr.fr,https://web.cloud.sfr.fr/web/
3567,sfr.fr,https://www.sfr.fr/maison/
3567,sfr.fr,https://home.sfr.fr/login
3570,garant.ru,https://www.garant.ru/company/about/
3570,garant.ru,https://go.garant.ru/price_list_form?utm_source=garant&utm_medium=buttom&utm_content=price&utm_campaign=knopka-v-shapke
3570,garant.ru,https://aero.garant.ru/seminars/?utm_source=garant&utm_medium=vos_buttom&utm_content=vos&utm_campaign=knopka-v-shapke
3570,garant.ru,https://www.garant.ru/mobileonline/
3579,google.com.vn,https://mail.google.com/mail/&ogbl
3579,google.com.vn,https://www.google.com/imghp?hl=en&ogbl
3579,google.com.vn,https://accounts.google.com/ServiceLogin?hl=en&passive=true&continue=https://www.google.com/&ec=GAZAmgQ
3579,google.com.vn,https://www.google.com/advanced_search?hl=en-PK&authuser=0
3595,termsfeed.com,https://www.termsfeed.com/privacy-policy-generator/
3595,termsfeed.com,https://www.termsfeed.com/terms-conditions-generator/
3595,termsfeed.com,https://www.termsfeed.com/privacy-consent/
3595,termsfeed.com,https://www.termsfeed.com/cookies-policy-generator/
3603,adscale.de,https://www.stroeer.de/en/advertise-with-stroeer/online-advertising/crossmedia/stroeer-ssp/
3603,adscale.de,https://www.stroeer.de/suche/
3603,adscale.de,https://www.stroeer.de/werben-mit-stroeer/onlinewerbung/
3603,adscale.de,https://www.stroeer.de/werben-mit-stroeer/onlinewerbung/crossmedia/
3605,teepublic.com,https://www.teepublic.com/users/sign_up?source=nav-main
3605,teepublic.com,https://www.teepublic.com/t-shirts
3605,teepublic.com,https://www.teepublic.com/t-shirts/football
3605,teepublic.com,https://www.teepublic.com/t-shirts/music
3614,ourworldindata.org,https://ourworldindata.org/search
3614,ourworldindata.org,https://ourworldindata.org/latest
3614,ourworldindata.org,https://ourworldindata.org/donate
3614,ourworldindata.org,https://ourworldindata.org/co2-and-greenhouse-gas-emissions
3617,sba.gov,https://secure.sba.gov/s/dashboard/
3617,sba.gov,https://www.sba.gov/search/
3617,sba.gov,https://www.sba.gov/loans/
3617,sba.gov,https://www.sba.gov/loans/make-payment-sba/
3620,ansa.it,https://www.ansa.it/sito/static/condizioni_generali_di_servizio.html
3620,ansa.it,https://www.ansa.it/sito/static/cookie_policy_portale_ansa.html
3620,ansa.it,https://www.ansa.it/sito/static/privacy.html
3620,ansa.it,https://www.ansa.it/sito/static/abbonamenti
3622,rochester.edu,https://www.rochester.edu/academics
3622,rochester.edu,https://www.rochester.edu/research
3622,rochester.edu,https://www.rochester.edu/admissions
3622,rochester.edu,https://www.rochester.edu/campus-life
3626,yle.fi,https://yle.fi/t/18-334977/fi
3626,yle.fi,https://yle.fi/t/18-369216/fi
3626,yle.fi,https://yle.fi/a/74-20131998
3626,yle.fi,https://yle.fi/t/18-370053/fi
3634,google.co.kr,https://mail.google.com/mail/&ogbl
3634,google.co.kr,https://www.google.com/imghp?hl=en&ogbl
3634,google.co.kr,https://accounts.google.com/ServiceLogin?hl=en&passive=true&continue=https://www.google.com/&ec=GAZAmgQ
3634,google.co.kr,https://www.google.com/advanced_search?hl=en-PK&authuser=0
3656,newsroom.bi,https://www.marfeel.com/products/compass
3656,newsroom.bi,https://www.marfeel.com/products/heads-up-display
3656,newsroom.bi,https://www.marfeel.com/products/amplify
3656,newsroom.bi,https://www.marfeel.com/products/copilot
3666,polyspeak.ai,https://www.polybuzz.ai/ai-image-generator
3666,polyspeak.ai,https://www.polybuzz.ai/character
3666,polyspeak.ai,https://www.polybuzz.ai/my-subscription
3666,polyspeak.ai,https://www.polybuzz.ai/reelfever?utm_source=poly&utm_medium=referrer
3681,mynavi.jp,https://www.mynavi.jp/company/
3681,mynavi.jp,https://www.mynavi.jp/company/message/
3681,mynavi.jp,https://www.mynavi.jp/company/overview/
3681,mynavi.jp,https://www.mynavi.jp/company/philosophy/
3698,tilda.ws,https://tilda.cc/cookie-policy/
3698,tilda.ws,https://tilda.cc/pricing/
3698,tilda.ws,https://tilda.cc/madeontilda/
3698,tilda.ws,https://tilda.cc/login/
3700,worldcat.org,https://search.worldcat.org/libraries
3700,worldcat.org,https://search.worldcat.org/topics
3700,worldcat.org,https://search.worldcat.org/lists
3700,worldcat.org,https://search.worldcat.org/about
3718,grafana.net,https://grafana.com/legal/terms/
3718,grafana.net,https://grafana.com/legal/privacy-policy/
3718,grafana.net,https://grafana.com/legal/updates
3718,grafana.net,https://grafana.com/get/
3721,dns.com,https://www.dns.com/zh
3721,dns.com,https://www.dns.com/zh/cdns.html
3721,dns.com,https://www.dns.com/zh/site_group.html
3721,dns.com,https://www.dns.com/zh/pollute.html
3724,hotmart.com,https://hotmart.com/en
3724,hotmart.com,https://hotmart.com/en/members-area
3724,hotmart.com,https://hotmart.com/en/pricing
3724,hotmart.com,https://hotmart.com/en/digital-learning
3727,yomiuri.co.jp,https://www.yomiuri.co.jp/shimen/
3727,yomiuri.co.jp,https://www.yomiuri.co.jp/editorial/
3727,yomiuri.co.jp,https://www.yomiuri.co.jp/web-search/
3727,yomiuri.co.jp,https://www.yomiuri.co.jp/help/
3736,your-storageshare.de,https://www.hetzner.com/legal/privacy-policy
3736,your-storageshare.de,https://www.hetzner.com/blog/
3736,your-storageshare.de,https://career.hetzner.com/de/
3736,your-storageshare.de,https://www.hetzner.com/unternehmen/ueber-uns/
3745,aws.com,https://aws.amazon.com/contact-us/?nc2=h_ut_cu
3745,aws.com,https://aws.amazon.com/marketplace?nc2=h_utmp
3745,aws.com,https://aws.amazon.com/events/reinvent/?nc2=h_l1_f
3745,aws.com,https://console.aws.amazon.com/console/home/?nc2=h_si&src=header-signin
3747,pcworld.com,https://www.pcworld.com/ai
3747,pcworld.com,https://www.pcworld.com/home-robotics
3747,pcworld.com,https://www.pcworld.com/pc-performance
3747,pcworld.com,https://www.pcworld.com/privacy
3754,google.cl,https://mail.google.com/mail/&ogbl
3754,google.cl,https://www.google.com/imghp?hl=en&ogbl
3754,google.cl,https://accounts.google.com/ServiceLogin?hl=en&passive=true&continue=https://www.google.com/&ec=GAZAmgQ
3754,google.cl,https://www.google.com/advanced_search?hl=en-PK&authuser=0
3761,brown.edu,https://www.brown.edu/about
3761,brown.edu,https://www.brown.edu/current-students
3761,brown.edu,https://www.brown.edu/faculty
3761,brown.edu,https://www.brown.edu/staff
3767,google.com.my,https://mail.google.com/mail/&ogbl
3767,google.com.my,https://www.google.com/imghp?hl=en&ogbl
3767,google.com.my,https://accounts.google.com/ServiceLogin?hl=en&passive=true&continue=https://www.google.com/&ec=GAZAmgQ
3767,google.com.my,https://www.google.com/advanced_search?hl=en-PK&authuser=0
3782,coindesk.com,https://www.coindesk.com/price
3782,coindesk.com,https://www.coindesk.com/videos/featured-videos
3782,coindesk.com,https://www.coindesk.com/videos
3782,coindesk.com,https://www.coindesk.com/latest-crypto-news
3788,anu.edu.au,https://www.anu.edu.au/news
3788,anu.edu.au,https://www.anu.edu.au/events
3788,anu.edu.au,https://services.anu.edu.au/campus-environment/safety-security
3788,anu.edu.au,https://www.anu.edu.au/maps
3793,dns.pt,https://www.pt.pt/pt/
3793,dns.pt,https://www.pt.pt/pt/dominios/
3793,dns.pt,https://www.pt.pt/en/
3793,dns.pt,https://www.pt.pt/pt/procurar/
3804,menshealth.com,https://www.menshealth.com/search/
3804,menshealth.com,https://www.menshealth.com/about/a29134632/about-mens-health/
3804,menshealth.com,https://www.menshealth.com/newsletter
3804,menshealth.com,https://membership.menshealth.com/mens-health-mvp-premium-membership-5999.html?cds_tracking_code=mhlpanelnav
3805,news24.com,https://www.news24.com/multimedia/video
3805,news24.com,https://www.news24.com/multimedia/podcasts
3805,news24.com,https://www.news24.com/news24/games
3805,news24.com,https://www.news24.com/you
3831,identrust.com,https://www.identrust.com/my-buying-community
3831,identrust.com,https://www.identrust.com/my-buying-community/banking-and-finance
3831,identrust.com,https://www.identrust.com/my-buying-community/licensed-engineer-and-surveyor
3831,identrust.com,https://www.identrust.com/my-buying-community/enterprise-and-corporate
3850,yr.no,https://www.yr.no/nb
3850,yr.no,https://www.yr.no/nb/søk
3850,yr.no,https://www.yr.no/nb/kart/radar
3850,yr.no,https://www.yr.no/nb/farevarsler
3857,jpost.com,https://www.jpost.com/conferences
3857,jpost.com,https://www.jpost.com/israel-news
3857,jpost.com,https://www.jpost.com/international
3857,jpost.com,https://www.jpost.com/middle-east
3861,nos.nl,https://nos.nl/sport
3861,nos.nl,https://nos.nl/live
3861,nos.nl,https://nos.nl/zoeken
3861,nos.nl,https://nos.nl/teletekst
3870,readthedocs.org,https://app.readthedocs.com/dashboard/
3870,readthedocs.org,https://about.readthedocs.com/choosing-a-platform/
3870,readthedocs.org,https://about.readthedocs.com/features/
3870,readthedocs.org,https://about.readthedocs.com/pricing/enterprise/
3892,aljazeera.net,https://www.aljazeera.net/video/live
3892,aljazeera.net,https://www.aljazeera.net/news/
3892,aljazeera.net,https://www.aljazeera.net/where/mideast/arab/
3892,aljazeera.net,https://www.aljazeera.net/where/intl/
3899,xe.com,https://www.xe.com/business/
3899,xe.com,https://www.xe.com/platform/
3899,xe.com,https://account.xe.com/signin/?icid=XECOM:Home:LoginBut:Login:Glob:HPXEMTLogin
3899,xe.com,https://account.xe.com/signup?redirect_uri=https%3A%2F%2Fpersonal-registration.xe.com
3902,paysafecard.com,https://www.paysafecard.com/en-gb/buy-paysafecard-online-3/
3902,paysafecard.com,https://www.paysafecard.com/en-gb/find-sales-outlet/
3902,paysafecard.com,https://www.paysafecard.com/en-gb/product-how-it-works/
3902,paysafecard.com,https://www.paysafecard.com/en-gb/balance-check/
3903,complianz.io,https://complianz.io/wordpress/
3903,complianz.io,https://complianz.io/shopify/
3903,complianz.io,https://complianz.io/account/
3903,complianz.io,https://complianz.io/wordpress
3911,capitaloneshopping.com,https://capitaloneshopping.com/my-rewards/lifetime-savings
3911,capitaloneshopping.com,https://capitaloneshopping.com/help
3911,capitaloneshopping.com,https://capitaloneshopping.com/sign-in
3911,capitaloneshopping.com,https://capitaloneshopping.com/s/all
3933,quad9.net,https://quad9.net/service/
3933,quad9.net,https://quad9.net/service/service-addresses-and-features/
3933,quad9.net,https://quad9.net/service/threat-blocking/
3933,quad9.net,https://quad9.net/service/privacy/
3937,netbird.io,https://netbird.io/community
3937,netbird.io,https://netbird.io/pricing
3937,netbird.io,https://app.netbird.io/install
3937,netbird.io,https://docs.netbird.io/selfhosted/selfhosted-quickstart?utm_source=landing&utm_medium=website&utm_campaign=selfhosted-quickstart-button
3940,proxmox.com,https://proxmox.com/en/
3940,proxmox.com,https://proxmox.com/de/
3940,proxmox.com,https://proxmox.com/en/products/proxmox-virtual-environment/overview
3940,proxmox.com,https://proxmox.com/en/products/proxmox-virtual-environment/features
3945,replit.com,https://replit.com/products/agent
3945,replit.com,https://replit.com/design
3945,replit.com,https://replit.com/products/database
3945,replit.com,https://replit.com/products/deployments
3951,pchome.com.tw,https://24h.pchome.com.tw/books/
3951,pchome.com.tw,https://news.pchome.com.tw/lottery.php
3951,pchome.com.tw,https://news.pchome.com.tw/features
3951,pchome.com.tw,https://news.pchome.com.tw/cat/starsign
3992,google.com.eg,https://mail.google.com/mail/&ogbl
3992,google.com.eg,https://www.google.com/imghp?hl=en&ogbl
3992,google.com.eg,https://accounts.google.com/ServiceLogin?hl=en&passive=true&continue=https://www.google.com/&ec=GAZAmgQ
3992,google.com.eg,https://www.google.com/advanced_search?hl=en-PK&authuser=0
3994,seattletimes.com,https://www.seattletimes.com/seattle-news/
3994,seattletimes.com,https://www.seattletimes.com/seattle-news/law-justice/
3994,seattletimes.com,https://www.seattletimes.com/seattle-news/politics/
3994,seattletimes.com,https://www.seattletimes.com/seattle-news/transportation/
4010,wikipedia.com,https://en.wikipedia.org/wiki/List_of_Wikipedia_mobile_applications
4013,google.ae,https://mail.google.com/mail/&ogbl
4013,google.ae,https://www.google.com/imghp?hl=en&ogbl
4013,google.ae,https://accounts.google.com/ServiceLogin?hl=en&passive=true&continue=https://www.google.com/&ec=GAZAmgQ
4013,google.ae,https://www.google.com/advanced_search?hl=en-PK&authuser=0
4027,globalnews.ca,https://globalnews.ca/pages/email-alerts/
4027,globalnews.ca,https://globalnews.ca/live/national/
4027,globalnews.ca,https://globalnews.ca/videos/
4027,globalnews.ca,https://globalnews.ca/world/
4041,juntadeandalucia.es,https://www.juntadeandalucia.es/informacion/contacto.html
4041,juntadeandalucia.es,https://www.juntadeandalucia.es/informacion/mapaweb.html
4041,juntadeandalucia.es,https://www.juntadeandalucia.es/buscar.html
4041,juntadeandalucia.es,https://www.juntadeandalucia.es/temas/estudiar.html
4052,ctrip.com,https://flights.ctrip.com/online/channel/domestic
4052,ctrip.com,https://flights.ctrip.com/fuzzysearch/search
4052,ctrip.com,https://flights.ctrip.com/actualtime/search?newpchpheader=1
4052,ctrip.com,https://m.ctrip.com/webapp/flight/postservice/iframes/index.html?type=bookseat&newpchpheader=1
4075,vigo.tech,https://vigo.tech/operators
4075,vigo.tech,https://vigo.tech/analitika-svyazi
4075,vigo.tech,https://vigo.tech/news
4075,vigo.tech,https://vigo.tech/vigo-v-smi
4079,findlaw.com,https://www.findlaw.com/forms.html
4079,findlaw.com,https://www.findlaw.com/law.html
4079,findlaw.com,https://www.findlaw.com/state.html
4079,findlaw.com,https://www.findlaw.com/lawyer-marketing/
4083,livedoor.com,https://news.livedoor.com/article/category/55/
4083,livedoor.com,https://news.livedoor.com/topics/keyword/33598/
4083,livedoor.com,https://news.livedoor.com/topics/detail/32053213/
4083,livedoor.com,https://news.livedoor.com/topics/detail/32024872/
4088,udn.com,https://udn.com/news/index
4088,udn.com,https://vip.udn.com/vip/index?utm_source=udn&utm_medium=referral&utm_campaign=familybar
4088,udn.com,https://money.udn.com/money/index?utm_source=udn&utm_medium=referral&utm_campaign=familybar
4088,udn.com,https://river.udn.com/river/index?utm_source=udn&utm_medium=referral&utm_campaign=familybar
4090,penguinrandomhouse.com,https://www.penguinrandomhouse.com/articles/quiz-what-book-should-you-read-next/
4090,penguinrandomhouse.com,https://www.penguinrandomhouse.com/the-read-down/new-book-releases-august/
4090,penguinrandomhouse.com,https://www.penguinrandomhouse.com/the-read-down/audiobook-originals/
4090,penguinrandomhouse.com,https://www.penguinrandomhouse.com/authors/events/
4094,steaminventoryhelper.com,https://steaminventoryhelper.com/partners
4094,steaminventoryhelper.com,https://steaminventoryhelper.com/contact
4099,macrumors.com,https://www.macrumors.com/share.php
4099,macrumors.com,https://www.macrumors.com/push/
4099,macrumors.com,https://feeds.macrumors.com/MacRumors-All
4099,macrumors.com,https://www.macrumors.com/roundup/
4111,pku.edu.cn,https://www.pku.edu.cn/home/student.html
4111,pku.edu.cn,https://www.pku.edu.cn/teachers.html
4111,pku.edu.cn,https://www.pku.edu.cn/visit.html
4111,pku.edu.cn,https://hr.pku.edu.cn/rczp/jxky/index.htm
4114,google.com.sa,https://mail.google.com/mail/&ogbl
4114,google.com.sa,https://www.google.com/imghp?hl=en&ogbl
4114,google.com.sa,https://accounts.google.com/ServiceLogin?hl=en&passive=true&continue=https://www.google.com/&ec=GAZAmgQ
4114,google.com.sa,https://www.google.com/advanced_search?hl=en-PK&authuser=0
4118,abril.com.br,https://veja.abril.com.br/ofertas/veja/?source=cl_assine
4118,abril.com.br,https://super.abril.com.br/ofertas/super/?source=cl_assine
4118,abril.com.br,https://quatrorodas.abril.com.br/ofertas/quatrorodas/?source=cl_assine
4118,abril.com.br,https://quatrorodas.abril.com.br/assinar/quatrorodas/QUATRO_RODAS_PLACAR_COMBO/?source=cl_assine&source=cl_assine
4120,venmo.com,https://venmo.com/send-receive/start
4120,venmo.com,https://venmo.com/send-receive/manage-balance
4120,venmo.com,https://venmo.com/send-receive/direct-deposit
4120,venmo.com,https://venmo.com/about/crypto
4130,alamy.com,https://www.alamy.com/create-customer-account/
4130,alamy.com,https://www.alamy.com/editorial/
4130,alamy.com,https://www.alamy.com/news/newsresults.aspx
4130,alamy.com,https://www.alamy.com/editorial/news/
4147,torproject.org,https://torproject.org/en/
4147,torproject.org,https://www.torproject.org/about/history/
4147,torproject.org,https://www.torproject.org/ar/
4147,torproject.org,https://www.torproject.org/be/
4155,clinch.co,https://www.clinch.co/solutions/creative-automation-platform
4155,clinch.co,https://www.clinch.co/solutions/creative-strategy
4155,clinch.co,https://www.clinch.co/solutions/ad-serving-technology
4155,clinch.co,https://www.clinch.co/solutions/omnichannel-analytics
4157,growthbook.io,https://www.growthbook.io/events/company-wide-experimentation
4157,growthbook.io,https://www.growthbook.io/products/experimentation
4157,growthbook.io,https://www.growthbook.io/products/feature-flags
4157,growthbook.io,https://www.growthbook.io/products/product-analytics
4158,comodo.com,https://www.comodo.com/platform/dragon/
4158,comodo.com,https://www.comodo.com/technology/auto-containment/
4158,comodo.com,https://www.comodo.com/platform/endpoint-security-bundles/
4158,comodo.com,https://www.comodo.com/partners/
4159,eclipse.org,https://accounts.eclipse.org/user
4159,eclipse.org,https://accounts.eclipse.org/user/edit
4159,eclipse.org,https://www.eclipse.org/downloads/
4159,eclipse.org,https://www.eclipse.org/membership/
4171,a-ads.com,https://aads.com/campaigns/new/
4171,a-ads.com,https://aads.com/ad-solutions/
4171,a-ads.com,https://aads.com/crypto-affiliate-program/
4171,a-ads.com,https://aads.com/advertise/
4189,netlify.com,https://www.netlify.com/blog/build-with-open-models-in-production/
4189,netlify.com,https://app.netlify.com/login
4189,netlify.com,https://www.netlify.com/platform/
4189,netlify.com,https://www.netlify.com/platform/agent-runners/
4195,tvtropes.org,https://tvtropes.org/pmwiki/pmwiki.php/Main/Tropes
4195,tvtropes.org,https://tvtropes.org/pmwiki/pmwiki.php/Main/Media
4195,tvtropes.org,https://tvtropes.org/pmwiki/review_activity.php
4195,tvtropes.org,https://tvtropes.org/pmwiki/popular-pages.php
4226,computerworld.com,https://www.computerworld.com/news/
4226,computerworld.com,https://www.computerworld.com/newsletters/signup/
4226,computerworld.com,https://www.computerworld.com/enterprise-buyers-guide/
4226,computerworld.com,https://www.computerworld.com/events/
4230,guzelhosting.com,https://www.guzel.net.tr/orderdomain.php
4230,guzelhosting.com,https://www.guzel.net.tr/cart.php?a=add&domain=transfer
4230,guzelhosting.com,https://www.guzel.net.tr/alan-adi-bayiligi.php
4230,guzelhosting.com,https://www.guzel.net.tr/ucretsiz-hosting.php
4239,sportskeeda.com,https://www.sportskeeda.com/nfl
4239,sportskeeda.com,https://www.sportskeeda.com/basketball
4239,sportskeeda.com,https://www.sportskeeda.com/football
4239,sportskeeda.com,https://www.sportskeeda.com/go/commonwealth-games
4247,us.org,https://us.org/sitemap
4247,us.org,https://us.org/privacy-policy
4247,us.org,https://us.org/terms-of-use
4247,us.org,https://us.org/registry-policies
4258,veeam.com,https://www.veeam.com/products/downloads.html?ad=top-sub-menu
4258,veeam.com,https://www.veeam.com/contact-sales.html?ad=top-sub-menu
4258,veeam.com,https://store.veeam.com/1620/purl-store?ad=top-sub-menu
4258,veeam.com,https://www.veeam.com/support.html?ad=top-sub-menu
4265,purl.org,https://archive.org/account/login?referer=http%3A//purl.archive.org/
4265,purl.org,https://archive.org/account/signup
4265,purl.org,https://purl.archive.org/help
4277,stocrm.ru,https://stocrm.ru/login/
4277,stocrm.ru,https://stocrm.ru/test-drive/
4277,stocrm.ru,https://stocrm.ru/prices/
4277,stocrm.ru,https://stocrm.ru/partners/
4280,neon.tech,https://neon.com/blog/electric-joins-neon
4280,neon.tech,https://neon.com/docs
4280,neon.tech,https://neon.com/pricing
4280,neon.tech,https://neon.com/docs/postgres/overview
4286,sardine.ai,https://www.sardine.ai/sardine-con/sardinecon-sf-2026
4286,sardine.ai,https://www.sardine.ai/sardine-con
4286,sardine.ai,https://dashboard.sardine.ai/login
4286,sardine.ai,https://www.sardine.ai/contact
4299,easydns.com,https://easydns.com/contact-us/
4299,easydns.com,https://easydns.com/signup-account/
4299,easydns.com,https://cp.easydns.com/manage/renewals/
4299,easydns.com,https://easydns.com/domains/
4300,google.com.do,https://mail.google.com/mail/&ogbl
4300,google.com.do,https://www.google.com/imghp?hl=en&ogbl
4300,google.com.do,https://accounts.google.com/ServiceLogin?hl=en&passive=true&continue=https://www.google.com/&ec=GAZAmgQ
4300,google.com.do,https://www.google.com/advanced_search?hl=en-PK&authuser=0
4314,20minutos.es,https://www.20minutos.es/set_edition/es/
4314,20minutos.es,https://www.20minutos.es/set_edition/cat/
4314,20minutos.es,https://www.20minutos.es/set_edition/mad/
4314,20minutos.es,https://www.20minutos.es/comunidad-valenciana/
4339,google.com.ng,https://mail.google.com/mail/&ogbl
4339,google.com.ng,https://www.google.com/imghp?hl=en&ogbl
4339,google.com.ng,https://accounts.google.com/ServiceLogin?hl=en&passive=true&continue=https://www.google.com/&ec=GAZAmgQ
4339,google.com.ng,https://www.google.com/advanced_search?hl=en-PK&authuser=0
4356,nazwa.pl,https://www.nazwa.pl/narzedzia
4356,nazwa.pl,https://nazwa.pl/panel?utm_source=narzedzia&utm_medium=link&utm_campaign=toolspk&utm_id=12874
4356,nazwa.pl,https://www.nazwa.pl/wyloguj-sie/
4356,nazwa.pl,https://www.nazwa.pl/program-partnerski/
4361,ollama.com,https://ollama.com/search
4361,ollama.com,https://ollama.com/docs
4361,ollama.com,https://ollama.com/pricing
4361,ollama.com,https://ollama.com/signin
4369,detik.com,https://www.detik.com/terpopuler
4369,detik.com,https://20.detik.com/live/
4369,detik.com,https://news.detik.com/kolom/kirim/
4369,detik.com,https://sport.detik.com/sepakbola
4388,tori.fi,https://www.tori.fi/notifications
4388,tori.fi,https://www.tori.fi/create-item/start
4388,tori.fi,https://www.tori.fi/messages
4388,tori.fi,https://www.tori.fi/auth/login
4391,1digitech.com,https://1digitech.com/about
4391,1digitech.com,https://1digitech.com/service
4391,1digitech.com,https://1digitech.com/package
4391,1digitech.com,https://1digitech.com/project
4396,google.com.ec,https://mail.google.com/mail/&ogbl
4396,google.com.ec,https://www.google.com/imghp?hl=en&ogbl
4396,google.com.ec,https://accounts.google.com/ServiceLogin?hl=en&passive=true&continue=https://www.google.com/&ec=GAZAmgQ
4396,google.com.ec,https://www.google.com/advanced_search?hl=en-PK&authuser=0
4412,google.com.np,https://mail.google.com/mail/&ogbl
4412,google.com.np,https://www.google.com/imghp?hl=en&ogbl
4412,google.com.np,https://accounts.google.com/ServiceLogin?hl=en&passive=true&continue=https://www.google.com/&ec=GAZAmgQ
4412,google.com.np,https://www.google.com/advanced_search?hl=en-PK&authuser=0
4439,chinaz.com,https://www.chinaz.com/2020/0811/1169681.shtml
4439,chinaz.com,https://apppc.chinaz.com/index.php
4439,chinaz.com,https://sc.chinaz.com/jianli/
4439,chinaz.com,https://sc.chinaz.com/tupian/
4446,wdr.de,https://www1.wdr.de/nrw/wetter/index.html
4446,wdr.de,https://www1.wdr.de/nrw/verkehr/index.html
4446,wdr.de,https://www1.wdr.de/nrw/index.html
4446,wdr.de,https://www1.wdr.de/nrw/aachen-eifel/index.html
4447,ipecho.net,https://ipecho.net/localip.html
4447,ipecho.net,https://ipecho.net/extra
4447,ipecho.net,https://ipecho.net/developers.html
4457,google.com.gt,https://mail.google.com/mail/&ogbl
4457,google.com.gt,https://www.google.com/imghp?hl=en&ogbl
4457,google.com.gt,https://accounts.google.com/ServiceLogin?hl=en&passive=true&continue=https://www.google.com/&ec=GAZAmgQ
4457,google.com.gt,https://www.google.com/advanced_search?hl=en-PK&authuser=0
4476,wikidata.org,https://www.wikidata.org/wiki/Wikidata:Main_Page
4476,wikidata.org,https://www.wikidata.org/wiki/Special:MyLanguage/Project:Community_portal
4476,wikidata.org,https://www.wikidata.org/wiki/Wikidata:Project_chat
4476,wikidata.org,https://www.wikidata.org/wiki/Special:NewItem
4490,libpng.org,https://libpng.org/pub/png/
4490,libpng.org,https://libpng.org/pub/mng/
4490,libpng.org,https://libpng.org/pub/png/libpng.html
4491,etrade.com,https://us.etrade.com/etx/pxy/login
4491,etrade.com,https://us.etrade.com/stock-plans
4491,etrade.com,https://us.etrade.com/contact-us
4491,etrade.com,https://us.etrade.com/frequently-asked-questions/most-popular
4497,gohugo.io,https://gohugo.io/news/
4497,gohugo.io,https://gohugo.io/documentation/
4497,gohugo.io,https://gohugo.io/getting-started/
4507,searchenginejournal.com,https://www.searchenginejournal.com/newsletter-sign-up/
4507,searchenginejournal.com,https://www.searchenginejournal.com/category/digital/generative-ai/
4507,searchenginejournal.com,https://www.searchenginejournal.com/category/seo/
4507,searchenginejournal.com,https://www.searchenginejournal.com/category/news/?ver=seo
4525,google.com.py,https://mail.google.com/mail/&ogbl
4525,google.com.py,https://www.google.com/imghp?hl=en&ogbl
4525,google.com.py,https://accounts.google.com/ServiceLogin?hl=en&passive=true&continue=https://www.google.com/&ec=GAZAmgQ
4525,google.com.py,https://www.google.com/advanced_search?hl=en-PK&authuser=0
4532,picsart.com,https://picsart.com/gen-ai-cli/
4532,picsart.com,https://picsart.com/pricing/
4532,picsart.com,https://picsart.com/sign-in/?nextUrl=%2Fcreate
4532,picsart.com,https://picsart.com/ai-image-generator/
4539,nbcuni.com,https://www.nbcuniversal.com/about
4539,nbcuni.com,https://www.nbcuniversal.com/leadership
4539,nbcuni.com,https://www.nbcuniversal.com/history
4539,nbcuni.com,https://www.nbcuniversal.com/impact
4552,thespruce.com,https://www.thespruce.com/sweepstakes
4552,thespruce.com,https://www.thespruce.com/home-design-and-decorating-4127998
4552,thespruce.com,https://www.thespruce.com/room-design-and-decorating-4127972
4552,thespruce.com,https://www.thespruce.com/interior-decorating-4127997
4553,google.hu,https://mail.google.com/mail/&ogbl
4553,google.hu,https://www.google.com/imghp?hl=en&ogbl
4553,google.hu,https://accounts.google.com/ServiceLogin?hl=en&passive=true&continue=https://www.google.com/&ec=GAZAmgQ
4553,google.hu,https://www.google.com/advanced_search?hl=en-PK&authuser=0
4563,acorns.com,https://www.acorns.com/invest
4563,acorns.com,https://www.acorns.com/later
4563,acorns.com,https://www.acorns.com/banking/
4563,acorns.com,https://www.acorns.com/money-manager/
4564,recruit.co.jp,https://www.recruit.co.jp/company/
4564,recruit.co.jp,https://www.recruit.co.jp/company/philosophy/
4564,recruit.co.jp,https://www.recruit.co.jp/company/involvement/
4564,recruit.co.jp,https://www.recruit.co.jp/company/message/
4578,farlightgames.com,https://www.farlightgames.com/games
4578,farlightgames.com,https://www.farlightgames.com/news
4578,farlightgames.com,https://www.farlightgames.com/about
4578,farlightgames.com,https://www.farlightgames.com/join
4581,virtualbox.org,https://www.virtualbox.org/wiki
4581,virtualbox.org,https://www.virtualbox.org/wiki/WikiStart
4581,virtualbox.org,https://www.virtualbox.org/wiki/Downloads
4581,virtualbox.org,https://www.virtualbox.org/wiki/Documentation
4585,justwatch.com,https://www.justwatch.com/pk/new
4585,justwatch.com,https://www.justwatch.com/pk
4585,justwatch.com,https://www.justwatch.com/pk/lists/public-lists
4585,justwatch.com,https://www.justwatch.com/pk/provider/netflix
4601,google.cg,https://mail.google.com/mail/&ogbl
4601,google.cg,https://www.google.com/imghp?hl=en&ogbl
4601,google.cg,https://accounts.google.com/ServiceLogin?hl=en&passive=true&continue=https://www.google.com/&ec=GAZAmgQ
4601,google.cg,https://www.google.com/advanced_search?hl=en-PK&authuser=0
4602,icio.us,http://icio.us/manual
4616,ap.org,https://www.ap.org/es/
4616,ap.org,https://customerzone.ap.org/s/
4616,ap.org,https://www.ap.org/content/
4616,ap.org,https://www.ap.org/content/formats/
4624,memcached.org,https://memcached.org/about
4624,memcached.org,https://memcached.org/downloads
4624,memcached.org,https://memcached.org/blog
4624,memcached.org,https://www.memcached.org/files/memcached-1.6.45.tar.gz
4626,google.co.zm,https://mail.google.com/mail/&ogbl
4626,google.co.zm,https://www.google.com/imghp?hl=en&ogbl
4626,google.co.zm,https://accounts.google.com/ServiceLogin?hl=en&passive=true&continue=https://www.google.com/&ec=GAZAmgQ
4626,google.co.zm,https://www.google.com/advanced_search?hl=en-PK&authuser=0
4631,barracudanetworks.com,https://www.barracuda.com/company/news/2026/barracuda-acquires-evo-security-complete-identity-resilience
4631,barracudanetworks.com,https://www.barracuda.com/company/contact
4631,barracudanetworks.com,https://www.barracuda.com/products
4631,barracudanetworks.com,https://www.barracuda.com/products/email-protection
4638,turnitin.com,https://events.turnitin.com/turnitin-events-26c/responsible-ai-in-action/
4638,turnitin.com,https://www.turnitin.com/solutions/
4638,turnitin.com,https://www.turnitin.com/solutions/academic-integrity
4638,turnitin.com,https://www.turnitin.com/solutions/course-assessment
4655,bankrate.com,https://www.bankrate.com/mortgages/
4655,bankrate.com,https://www.bankrate.com/mortgages/mortgage-rates/
4655,bankrate.com,https://www.bankrate.com/mortgages/30-year-mortgage-rates/
4655,bankrate.com,https://www.bankrate.com/mortgages/15-year-mortgage-rates/
4656,nationalarchives.gov.uk,https://www.nationalarchives.gov.uk/cookies/
4656,nationalarchives.gov.uk,https://www.nationalarchives.gov.uk/visit/
4656,nationalarchives.gov.uk,https://www.nationalarchives.gov.uk/whats-on/
4656,nationalarchives.gov.uk,https://www.nationalarchives.gov.uk/explore-the-collection/
4657,gazprombank.ru,https://www.gazprombank.ru/personal/privileges/
4657,gazprombank.ru,https://www.gazprombank.ru/pro-finance/
4657,gazprombank.ru,https://www.gazprombank.ru/personal/page/cybersecurity/
4657,gazprombank.ru,https://www.gazprombank.ru/knowledge-base/
4664,shutterfly.com,https://support.shutterfly.com/s/article/accessibility
4664,shutterfly.com,https://www.shutterfly.com/deals/special-offers/
4664,shutterfly.com,https://www.shutterfly.com/deals/promotions_details/
4664,shutterfly.com,https://www.shutterfly.com/t/canvas-prints/?dimensions=8x10&frame-color=unframed
4695,liveinternet.ru,https://www.liveinternet.ru/stat/
4695,liveinternet.ru,https://www.liveinternet.ru/journals.php?s=&action1=login
4695,liveinternet.ru,https://g.liveinternet.ru/login_page.html?new
4695,liveinternet.ru,https://www.liveinternet.ru/rating/ru/
4713,trulia.com,https://www.trulia.com/rent/
4713,trulia.com,https://www.trulia.com/post-rental/
4713,trulia.com,https://www.trulia.com/mortgages/
4713,trulia.com,https://www.trulia.com/mortgages/pre-qualified/
4725,grammarly.net,https://www.grammarly.com/features
4725,grammarly.net,https://www.grammarly.com/ai-agents
4725,grammarly.net,https://www.grammarly.com/go-ai-assistant
4725,grammarly.net,https://www.grammarly.com/ai
4737,cloudx.io,https://www.cloudx.ai/posts
4737,cloudx.io,https://www.cloudx.ai/posts/the-cloudx-agent
4737,cloudx.io,https://www.cloudx.ai/posts/ai-agents-in-sync
4737,cloudx.io,https://www.cloudx.ai/posts/monetization-as-code
4738,kaltura.com,https://subscription.kaltura.com/purchase-manager/purchase-manager/avatar-studio-free-trial
4738,kaltura.com,https://subscription.kaltura.com/login?productFamily=AVATAR_STUDIO
4738,kaltura.com,https://kmc.kaltura.com/index.php/kmcng/login
4738,kaltura.com,https://corp.kaltura.com/ask-genie-ai/
4742,lexisnexis.com,https://www.lexisnexis.com/en-us/product-login.page
4742,lexisnexis.com,https://www.lexisnexis.com/en-us
4742,lexisnexis.com,https://www.lexisnexis.com/en-us/terms/privacy-policy.page
4742,lexisnexis.com,https://www.lexisnexis.com/en-us/privacy/default.page
4745,nic.cz,https://www.nic.cz/setlang/?language=en
4745,nic.cz,https://www.nic.cz/page/313/
4745,nic.cz,https://www.nic.cz/whois/registrars/
4745,nic.cz,https://www.nic.cz/page/351/
4754,seaart.ai,https://www.seaart.ai/create/image
4754,seaart.ai,https://www.seaart.ai/create/video
4754,seaart.ai,https://www.seaart.ai/agents
4754,seaart.ai,https://www.seaart.ai/ai-tools/seedance
4765,atlasobscura.com,https://www.atlasobscura.com/articles/all-places-in-the-atlas-on-one-map
4765,atlasobscura.com,https://www.atlasobscura.com/gastro
4765,atlasobscura.com,https://www.atlasobscura.com/articles
4765,atlasobscura.com,https://www.atlasobscura.com/newsletters
4766,dyndns.com,https://oci.dyn.com/Fall-Into_Savings
4766,dyndns.com,https://account.dyn.com/services/
4766,dyndns.com,https://account.dyn.com/dns/dyndns/
4766,dyndns.com,https://account.dyn.com/services/zones/
4767,jivosite.com,https://app.jivosite.com/signup.html
4767,jivosite.com,https://jivosite.com/chatbots/
4767,jivosite.com,https://jivosite.com/terms/
4767,jivosite.com,https://jivosite.com/contacts/
4771,yango.com,https://yango.com/en_int
4771,yango.com,https://yango.com/en_int/who_we_are
4771,yango.com,https://yango.com/en_int/our_services
4771,yango.com,https://yango.com/career
4784,walmart.ca,https://www.walmart.ca/en/all-departments
4784,walmart.ca,https://www.walmart.ca/en
4784,walmart.ca,https://www.walmart.ca/en/my-items
4784,walmart.ca,https://www.walmart.ca/en/lists
4789,principal.com,https://www.principal.com/individuals
4789,principal.com,https://www.principal.com/businesses
4789,principal.com,https://www.principal.com/finpro
4789,principal.com,https://www.principal.com/about-us
4798,warthunder.com,https://warthunder.com/en/
4798,warthunder.com,https://warthunder.com/en/game/about
4798,warthunder.com,https://warthunder.com/en/game/about/
4798,warthunder.com,https://warthunder.com/en/news
4801,freetype.org,https://freetype.org/index.html
4801,freetype.org,https://freetype.org/ttfautohint/index.html
4801,freetype.org,https://freetype.org/freetype2/docs/index.html
4801,freetype.org,https://freetype.org/freetype2/docs/documentation.html
4825,spec.org,https://spec.org/products
4825,spec.org,https://spec.org/cloud/
4825,spec.org,https://spec.org/cloud_iaas2018/
4825,spec.org,https://spec.org/cpu/
4830,huya.com,https://www.huya.com/video/rank/all.html
4830,huya.com,http://www.huya.com/video/g/vhuyajdqs
4830,huya.com,http://www.huya.com/video/u/1487476672
4830,huya.com,http://www.huya.com/video/u/3197597
4849,verisign.net,https://www.verisign.com/about-us/
4849,verisign.net,https://www.verisign.com/about-us/verisign-history/
4849,verisign.net,https://www.verisign.com/about-us/mission-values/
4849,verisign.net,https://www.verisign.com/about-us/leadership/
4852,iol.co.za,https://iol.co.za/news/politics/2026-08-13-watch-my-son-was-no-drug-dealer-bevan-loftuss-father-tells-madlanga/
4852,iol.co.za,https://iol.co.za/news/south-africa/western-cape/2026-08-13-gagged-pastor-pushes-for-queer-free-cape-town/
4852,iol.co.za,https://iol.co.za/news/
4852,iol.co.za,https://iol.co.za/iol/news/south-africa/
4877,impact.com,https://impact.com/about/
4877,impact.com,https://impact.com/why-partnerships/
4877,impact.com,https://impact.com/careers/
4877,impact.com,https://impact.com/leadership/
4880,fastpanel.direct,https://fastpanel.direct/get-license
4880,fastpanel.direct,https://fastpanel.direct/server-help
4880,fastpanel.direct,https://fastpanel.direct/partners
4880,fastpanel.direct,https://fastpanel.direct/de/
4882,rogers.com,https://www.rogers.com/internet/offers?promocode=STUDENT&icid=R_RES_BTS_35FAHK
4882,rogers.com,https://www.rogers.com/promotions/back-to-school?icid=R_WIR_6AO_7NCRM1
4882,rogers.com,https://www.rogers.com/internet/plans?icid=R_RES_BTS_JNRZPT
4882,rogers.com,https://www.rogers.com/phones/bring-your-own-device?flowType=byod&icid=R_WIR_5AO_EQOQYV
4888,ishe88.com,https://ishe88.com/vpn/en/
4888,ishe88.com,https://ishe88.com/vpn/en/payment
4888,ishe88.com,https://ishe88.com/vpn/zh/
4888,ishe88.com,https://ishe88.com/vpn/ru/
4896,fu-berlin.de,https://www.fu-berlin.de/index.html
4896,fu-berlin.de,https://www.fu-berlin.de/leichte-sprache/index.html
4896,fu-berlin.de,https://www.fu-berlin.de/redaktion/kontakt/index.html
4896,fu-berlin.de,https://www.fu-berlin.de/redaktion/impressum/index.html
4914,imageshack.com,https://imageshack.com/upgrade
4914,imageshack.com,https://imageshack.com/about
4914,imageshack.com,https://imageshack.com/discover
4914,imageshack.com,https://imageshack.com/featured
4919,9mod.com,https://9mod.com/tips
4919,9mod.com,https://9mod.com/category/apps
4919,9mod.com,https://9mod.com/category/games
4919,9mod.com,https://9mod.com/windows/
4932,uw.edu,https://www.washington.edu/calendar/?utm_source=quicklinks&utm_medium=click&utm_campaign=quicklinks&utm_term=calendar
4932,uw.edu,https://www.washington.edu/news/?utm_source=quicklinks&utm_medium=click&utm_campaign=quicklinks&utm_term=uwnews
4932,uw.edu,https://www.washington.edu/about/?utm_source=whitebar&utm_medium=click&utm_campaign=about&utm_term=about
4932,uw.edu,https://www.washington.edu/about/?utm_source=whitebar&utm_medium=click&utm_campaign=about&utm_term=abouttheuw
4935,mail.com,https://www.mail.com/premiumlogin
4935,mail.com,https://www.mail.com/mail
4935,mail.com,https://www.mail.com/mail/create-email-account
4935,mail.com,https://www.mail.com/mail/domains
4943,king.com,https://www.king.com/game/
4943,king.com,https://www.king.com/game/candycrush/
4943,king.com,https://www.king.com/game/candycrushsoda/
4943,king.com,https://www.king.com/game/farmheroes/
4956,libreoffice.org,https://www.libreoffice.org/download/
4956,libreoffice.org,https://www.libreoffice.org/who-are-we/
4956,libreoffice.org,https://www.libreoffice.org/get-help/
4956,libreoffice.org,https://www.libreoffice.org/improve-it/
4966,zoho.eu,https://www.zoho.com/privacy-commitment.html?src=zindex
4966,zoho.eu,https://www.zoho.com/signup.html?src=zindex
4966,zoho.eu,https://www.zoho.com/agents/?src=zindex
4966,zoho.eu,https://www.zoho.com/all-products.html?src=zindex
4971,drive2.ru,https://www.drive2.ru/reception/
4971,drive2.ru,https://www.drive2.ru/signup/
4971,drive2.ru,https://www.drive2.ru/cars/bmw/
4971,drive2.ru,https://www.drive2.ru/cars/mercedes/
4984,marksandspencer.com,https://www.marksandspencer.com/webapp/wcs/stores/servlet/MSResLogin?catalogId=10051&langId=-24&storeId=10151&myAcctMain=1&intid=header_sign-in_sign-in
4984,marksandspencer.com,https://www.marksandspencer.com/c/brands/az-of-brands?AtoZSelectedDept=women
4984,marksandspencer.com,https://www.marksandspencer.com/c/brands/az-of-brands?AtoZSelectedDept=lingerie
4984,marksandspencer.com,https://www.marksandspencer.com/c/brands/az-of-brands?AtoZSelectedDept=men
5001,canon.com,https://global.canon/en/
5001,canon.com,https://global.canon/ja/
5001,canon.com,https://global.canon/en/support/
5001,canon.com,https://global.canon/en/search/
5004,gmu.edu,https://www.gmu.edu/admissions-aid
5004,gmu.edu,https://www.gmu.edu/give
5004,gmu.edu,https://www.gmu.edu/news
5004,gmu.edu,https://www.gmu.edu/calendar
5005,krone.at,https://www.krone.at/abo
5005,krone.at,https://www.krone.at/merkliste
5005,krone.at,https://www.krone.at/epaper_weiche
5005,krone.at,https://www.krone.at/community
5011,farpost.ru,https://www.farpost.ru/adding
5011,farpost.ru,https://www.farpost.ru/help/
5011,farpost.ru,https://www.farpost.ru/cart
5011,farpost.ru,https://www.farpost.ru/sign?return=%2F
5024,tripadvisor.fr,https://www.tripadvisor.fr/RegistrationController?flow=sign_up_and_save&returnTo=%2F&fullscreen=true&flowOrigin=login&hideNavigation=true&isLithium=true
5024,tripadvisor.fr,https://www.tripadvisor.fr/Attractions
5024,tripadvisor.fr,https://www.tripadvisor.fr/Hotels
5024,tripadvisor.fr,https://www.tripadvisor.fr/Restaurants
5033,aap.org,https://www.aap.org/en/my-account/login/
5033,aap.org,https://www.aap.org/en/shopaap/
5033,aap.org,https://www.aap.org/en/pedialink/
5033,aap.org,https://www.aap.org/en/shopaap/cart/
5036,flowgpt.com,https://flowgpt.com/leaderboard
5036,flowgpt.com,https://flowgpt.com/bounty
5036,flowgpt.com,https://flowgpt.com/membership
5036,flowgpt.com,https://flowgpt.com/flux
5047,ucr.edu,https://www.ucr.edu/alpha
5047,ucr.edu,https://www.ucr.edu/visitors
5047,ucr.edu,https://www.ucr.edu/apply
5047,ucr.edu,https://www.ucr.edu/about-ucr
5049,kozow.com,https://www.dynu.com/ControlPanel/AddDomainRegistration
5049,kozow.com,https://www.dynu.com/DynamicDNS/IPUpdateClient/WindowsClient
5049,kozow.com,https://www.dynu.com/DynamicDNS/IPUpdateClient/MacOSX
5049,kozow.com,https://www.dynu.com/DynamicDNS/IPUpdateClient/DDClient
5051,abola.pt,https://www.abola.pt/futebol/resultados-em-direto
5051,abola.pt,https://www.abola.pt/basquetebol/resultados-em-direto
5051,abola.pt,https://www.abola.pt/tenis/resultados-em-direto
5051,abola.pt,https://www.abola.pt/fans-arena
5054,activision.com,https://www.activision.com/games
5054,activision.com,https://www.activision.com/company/aboutus
5054,activision.com,https://www.activision.com/company/locations
5054,activision.com,https://www.activision.com/company/ratings-resources
5064,mercurynews.com,https://www.mercurynews.com/news/
5064,mercurynews.com,https://www.mercurynews.com/latest-headlines/
5064,mercurynews.com,https://www.mercurynews.com/news/crime-public-safety/
5064,mercurynews.com,https://www.mercurynews.com/news/california-news/
5074,goneo.de,https://www.goneo.de/webhosting
5074,goneo.de,https://www.goneo.de/managed-server
5074,goneo.de,https://www.goneo.de/chat-server-instant-messaging
5074,goneo.de,https://www.goneo.de/wordpress-power-neu
5075,blackrock.com,https://www.blackrock.com/us/individual
5075,blackrock.com,https://www.blackrock.com/aladdin
5075,blackrock.com,https://www.blackrock.com/corporate
5075,blackrock.com,https://www.blackrock.com/corporate/about-us
5077,aboutamazon.com,https://www.aboutamazon.com/news/company-news/amazon-news-today-top-stories-company
5077,aboutamazon.com,https://www.aboutamazon.com/impact/amazon-future-ready
5077,aboutamazon.com,https://www.aboutamazon.com/news/workplace/our-upskilling-2025-programs
5077,aboutamazon.com,https://www.aboutamazon.com/news/workplace/amazon-ceo-andy-jassy-leadership-principles-video-podcast
5078,phpmyadmin.net,https://www.phpmyadmin.net/news/
5078,phpmyadmin.net,https://www.phpmyadmin.net/security/
5078,phpmyadmin.net,https://www.phpmyadmin.net/support/
5078,phpmyadmin.net,https://www.phpmyadmin.net/docs/
5086,html5up.net,https://html5up.net/license
5086,html5up.net,https://html5up.net/paradigm-shift
5086,html5up.net,https://html5up.net/paradigm-shift/download
5086,html5up.net,https://html5up.net/massively
5092,wallapop.com,https://about.wallapop.com/en
5092,wallapop.com,https://about.wallapop.com/prensa
5111,laposte.fr,https://www.laposte.fr/outils/suivre-vos-envois
5111,laposte.fr,https://www.laposte.fr/tarifs-postaux
5111,laposte.fr,https://www.laposte.fr/pp/c/timbres
5111,laposte.fr,https://www.laposte.fr/lettre-recommandee-en-ligne
5116,helsinki.fi,https://www.helsinki.fi/en/news
5116,helsinki.fi,https://www.helsinki.fi/en/news/news-and-press-releases
5116,helsinki.fi,https://www.helsinki.fi/en/news/war-ukraine
5116,helsinki.fi,https://www.helsinki.fi/en/think-corner
5131,biblehub.com,https://biblehub.com/app.htm
5131,biblehub.com,https://biblehub.com/downloads.htm
5131,biblehub.com,https://biblehub.com/articles/
5131,biblehub.com,https://biblehub.com/todayhistory.php
5144,zappos.com,https://www.zappos.com/account
5144,zappos.com,https://www.zappos.com/women/wAEB4gIBGA.zso
5144,zappos.com,https://www.zappos.com/men/wAEC4gIBGA.zso
5144,zappos.com,https://www.zappos.com/null/OgLWL-ICAQc.zso
5164,hyprmx.com,https://hyprmx.com/case-studies.html
5164,hyprmx.com,https://hyprmx.com/request-invite.html
5164,hyprmx.com,https://hyprmx.com/crazy-maple.html
5164,hyprmx.com,https://hyprmx.com/playrix.html
5188,dfn.de,https://www.dfn.de/en/
5188,dfn.de,https://www.dfn.de/suche/
5188,dfn.de,https://www.dfn.de/portale/
5188,dfn.de,https://www.dfn.de/geschaeftsstelle/arbeiten-im-dfn/
5202,google.com.cu,https://mail.google.com/mail/&ogbl
5202,google.com.cu,https://www.google.com/imghp?hl=en&ogbl
5202,google.com.cu,https://accounts.google.com/ServiceLogin?hl=en&passive=true&continue=https://www.google.com/&ec=GAZAmgQ
5202,google.com.cu,https://www.google.com/advanced_search?hl=en-PK&authuser=0
5205,signifyd.com,https://www.signifyd.com/fearless-conversions/
5205,signifyd.com,https://www.signifyd.com/industries/
5205,signifyd.com,https://www.signifyd.com/pricing/
5205,signifyd.com,https://www.signifyd.com/customers/
5210,serpro.gov.br,https://www.serpro.gov.br/switchLanguage?set_language=pt-br
5210,serpro.gov.br,https://www.serpro.gov.br/en/switchLanguage?set_language=en
5210,serpro.gov.br,https://www.serpro.gov.br/es/switchLanguage?set_language=es
5210,serpro.gov.br,https://www.serpro.gov.br/accessibility-info
5218,nifty.com,https://setsuzoku.nifty.com/docomo/?utm_source=nifty&utm_medium=TOP&utm_campaign=top_priority
5218,nifty.com,https://www.nifty.com/navi/startpage/
5218,nifty.com,https://mail.nifty.com/mailer/
5218,nifty.com,https://support.nifty.com/support/
5238,pyrus.com,https://pyrus.com/en/cookie-policy
5238,pyrus.com,https://pyrus.com/en
5238,pyrus.com,https://pyrus.com/en/product
5238,pyrus.com,https://pyrus.com/en/accounts-payable
5256,kotaku.com,https://kotaku.com/latest
5256,kotaku.com,https://kotaku.com/entertainment
5256,kotaku.com,https://kotaku.com/reviews
5256,kotaku.com,https://kotaku.com/culture/news
5279,zotero.org,https://www.zotero.org/groups/
5279,zotero.org,https://www.zotero.org/support/
5279,zotero.org,https://forums.zotero.org/discussions
5279,zotero.org,https://www.zotero.org/getinvolved
5290,neocities.org,https://neocities.org/browse
5290,neocities.org,https://neocities.org/search
5290,neocities.org,https://neocities.org/activity
5290,neocities.org,https://neocities.org/tutorials
5300,uio.no,https://www.uio.no/english/
5300,uio.no,https://www.uio.no/for-ansatte/
5300,uio.no,https://www.uio.no/forskning/
5300,uio.no,https://www.uio.no/studier/
5308,zebra.com,https://www.zebra.com/gb/en/about-zebra/contact-zebra.html
5308,zebra.com,https://pi.zebra.com/idp/startSSO.ping?PartnerSpId=prod-www.zebra.com&PREFERRED_LANGUAGE=en-GB
5308,zebra.com,https://signup.zebra.com/content/userreg/gb/en/register.html?appId=ZEBR
5308,zebra.com,https://www.zebra.com/gb/en/my-zebra.html
5320,hostgator.mx,https://www.hostgator.mx/dominios
5320,hostgator.mx,https://www.hostgator.mx/correo-profesional
5320,hostgator.mx,https://www.hostgator.mx/vps-hosting/openclaw
5320,hostgator.mx,https://www.hostgator.mx/web-hosting
5330,adlightning.com,https://boltive.com/solutions/ad-security
5330,adlightning.com,https://boltive.com/solutions/privacy-compliance
5330,adlightning.com,https://boltive.com/solutions/agentic
5330,adlightning.com,https://boltive.com/audience/brands
5337,imperial.ac.uk,https://www.imperial.ac.uk/about-the-site/accessibility/
5337,imperial.ac.uk,https://www.imperial.ac.uk/study/
5337,imperial.ac.uk,https://www.imperial.ac.uk/research-and-innovation/
5337,imperial.ac.uk,https://www.imperial.ac.uk/faculties-and-departments/
5350,auto.ru,https://auto.ru/cars/used/add/
5350,auto.ru,https://auto.ru/cars/all/
5350,auto.ru,https://auto.ru/motorcycle/all/
5350,auto.ru,https://auto.ru/lcv/all/
5360,ovo.id,https://ovo.id/features
5360,ovo.id,https://ovo.id/about
5360,ovo.id,https://ovo.id/deals
5360,ovo.id,https://ovo.id/merchants
5377,google.com.cy,https://mail.google.com/mail/&ogbl
5377,google.com.cy,https://www.google.com/imghp?hl=en&ogbl
5377,google.com.cy,https://accounts.google.com/ServiceLogin?hl=en&passive=true&continue=https://www.google.com/&ec=GAZAmgQ
5377,google.com.cy,https://www.google.com/advanced_search?hl=en-PK&authuser=0
5384,360totalsecurity.com,https://www.360totalsecurity.com/en/
5384,360totalsecurity.com,https://www.360totalsecurity.com/en/features/360-total-security/
5384,360totalsecurity.com,https://www.360totalsecurity.com/en/sysvulterminator/
5384,360totalsecurity.com,https://www.360totalsecurity.com/en/tools/document-protector/
5388,skynet.be,https://www.pickx.be/fr
5388,skynet.be,https://www.pickx.be/nl
5408,apple.co,https://www.apple.com/us/shop/goto/store
5408,apple.co,https://www.apple.com/mac/
5408,apple.co,https://www.apple.com/ipad/
5408,apple.co,https://www.apple.com/iphone/
5413,crazymaplestudios.com,https://crazymaplestudios.com/about
5413,crazymaplestudios.com,https://crazymaplestudios.com/maple-news
5413,crazymaplestudios.com,https://crazymaplestudios.com/contact
5413,crazymaplestudios.com,https://crazymaplestudios.com/resources
5423,diigo.com,https://www.diigo.com/tools
5423,diigo.com,https://www.diigo.com/sign-in?referInfo=https%3A%2F%2Fwww.diigo.com
5423,diigo.com,https://www.diigo.com/sign-up
5423,diigo.com,https://www.diigo.com/about
5427,rainews.it,https://www.rainews.it/sport
5427,rainews.it,https://www.rainews.it/storie/video
5427,rainews.it,https://www.rainews.it/archivio/cronaca
5427,rainews.it,https://www.rainews.it/archivio/esteri
5438,playground.ru,https://www.playground.ru/bonus/prizes/
5438,playground.ru,https://www.playground.ru/bonus/bets/
5438,playground.ru,https://www.playground.ru/bonus/steam/
5438,playground.ru,https://www.playground.ru/bonus/quests/
5452,overleaf.com,https://www.overleaf.com/about/features-overview
5452,overleaf.com,https://www.overleaf.com/about/ai-features
5452,overleaf.com,https://www.overleaf.com/for/enterprises
5452,overleaf.com,https://www.overleaf.com/for/universities
5455,blogspot.ca,https://mail.google.com/mail/&ogbl
5455,blogspot.ca,https://www.google.com/imghp?hl=en&ogbl
5455,blogspot.ca,https://accounts.google.com/ServiceLogin?hl=en&passive=true&continue=https://www.google.com/&ec=GAZAmgQ
5455,blogspot.ca,https://www.google.com/advanced_search?hl=en-PK&authuser=0
5465,tripadvisor.it,https://www.tripadvisor.it/RegistrationController?flow=sign_up_and_save&returnTo=%2F&fullscreen=true&flowOrigin=login&hideNavigation=true&isLithium=true
5465,tripadvisor.it,https://www.tripadvisor.it/Attractions
5465,tripadvisor.it,https://www.tripadvisor.it/Hotels
5465,tripadvisor.it,https://www.tripadvisor.it/Restaurants
5467,bidster.net,https://bidster.net/en/
5467,bidster.net,https://bidster.net/docs/policy2.docx
5467,bidster.net,https://bidster.net/docs/policy1.docx
5467,bidster.net,https://bidster.net/docs/agreement.docx
5470,rivian.com,https://rivian.com/demo-drive/book
5470,rivian.com,https://rivian.com/offers
5470,rivian.com,https://rivian.com/configurations/list?SORT=Featured&PROMOTION=ALL_MATCHES&MODEL=R1S&INVENTORY_TYPE=NEW_VEHICLE_CONFIG&TRANSFER_FEE=ALL_MATCHES
5470,rivian.com,https://rivian.com/configurations/builder/r2
5477,shaalaa.com,https://www.shaalaa.com/search
5477,shaalaa.com,https://www.shaalaa.com/entrance-exams
5477,shaalaa.com,https://www.shaalaa.com/textbook-solutions
5477,shaalaa.com,https://www.shaalaa.com/search?level=25&stream=2134
5480,ravelry.com,https://www.ravelry.com/account/forgot
5480,ravelry.com,https://www.ravelry.com/invitations
5483,pavietnam.net,https://www.pavietnam.vn/vn/ten-mien-bang-gia.html?utm_source=pop-up-pa&utm_medium=banner-home-page&utm_campaign=ten-mien-bang-gia-pop-up-pa&utm_term=ten-mien-bang-gia
5483,pavietnam.net,https://www.pavietnam.vn/vn/
5483,pavietnam.net,https://www.pavietnam.vn/vn/signout.html
5483,pavietnam.net,https://www.pavietnam.vn/vn/checkout.html
5488,wonporn.com,https://wonporn.com/uploads.php
5488,wonporn.com,https://wonporn.com/signup.php
5488,wonporn.com,https://wonporn.com/login.php
5488,wonporn.com,https://wonporn.com/top/
5504,abc.com,https://abc.com/browse
5504,abc.com,https://abc.com/watch-live
5504,abc.com,https://abc.com/collection/news
5504,abc.com,https://abc.com/show/1e948ce7-a412-4255-86f3-9e0dcac79045
5505,webthing.com,http://webthing.com/~nick/
5505,webthing.com,http://webthing.com/contact.html
5506,mosyle.com,https://mosyle.com/careers
5506,mosyle.com,https://mosyle.com/news-room
5508,t.ly,https://t.ly/products/link-management
5508,t.ly,https://t.ly/products/one-links
5508,t.ly,https://t.ly/products/link-tracker
5508,t.ly,https://t.ly/products/qr-code-management
5525,scielo.br,https://scielo.br/journals/alpha?status=current&ilang=pt_BR
5525,scielo.br,https://scielo.br/journals/thematic?status=current&ilang=pt_BR
5525,scielo.br,https://scielo.br/about/?ilang=pt_BR
5544,rand.org,https://www.rand.org/topics/warfare-and-military-operations.html
5544,rand.org,https://www.rand.org/topics/critical-infrastructure-protection.html
5544,rand.org,https://www.rand.org/topics/ukraine.html
5544,rand.org,https://www.rand.org/topics/artificial-intelligence.html
5548,smashingmagazine.com,https://www.smashingmagazine.com/articles/
5548,smashingmagazine.com,https://www.smashingmagazine.com/printed-books/
5548,smashingmagazine.com,https://www.smashingmagazine.com/events/
5548,smashingmagazine.com,https://www.smashingmagazine.com/membership/
5555,cfr.org,https://www.cfr.org/support-cfr
5555,cfr.org,https://www.cfr.org/member
5555,cfr.org,https://www.cfr.org/events
5555,cfr.org,https://www.cfr.org/future-of-american-strategy
5561,boeing.com,https://www.boeing.com/strengthening-safety-and-quality
5561,boeing.com,https://www.boeing.com/employee-and-retiree
5561,boeing.com,https://www.boeing.com/emergency
5561,boeing.com,https://www.boeing.com/commercial
5569,wyndhamhotels.com,https://www.wyndhamhotels.com/en-uk
5569,wyndhamhotels.com,https://www.wyndhamhotels.com/en-uk/find-reservation
5569,wyndhamhotels.com,https://www.wyndhamhotels.com/en-uk/locations
5569,wyndhamhotels.com,https://www.wyndhamhotels.com/en-uk/global-travel-collection?icid=IN%3A1wk2ftcd58mjtcc
5574,ice.com,https://ice.com/unsupported-browser
5574,ice.com,https://www.ice.com/index
5574,ice.com,https://sso.ice.com/memberLogin
5574,ice.com,https://www.ice.com/LaunchApp.shtml?exchange=&type=jnlp
5599,rentalcars.com,https://www.rentalcars.com/en/
5599,rentalcars.com,https://www.rentalcars.com/en/city/ae/dubai/
5599,rentalcars.com,https://www.rentalcars.com/en/city/gb/london/
5599,rentalcars.com,https://www.rentalcars.com/en/city/gb/manchester/
5607,wcd.gov.in,https://wcd.gov.in/ministry/about-us
5607,wcd.gov.in,https://wcd.gov.in/offerings/mission-guidelines
5607,wcd.gov.in,https://wcd.gov.in/documents/report
5607,wcd.gov.in,https://wcd.gov.in/press
5609,rylmtch.com,https://www.dreamgames.com/about-us
5609,rylmtch.com,https://www.dreamgames.com/games
5609,rylmtch.com,https://www.dreamgames.com/games/royal-match
5609,rylmtch.com,https://www.dreamgames.com/games/royal-kingdom
5618,meteored.cl,https://www.meteored.cl/noticias/
5618,meteored.cl,https://www.meteored.cl/videos/
5618,meteored.cl,https://www.meteored.cl/avisos-meteorologicos/
5618,meteored.cl,https://www.meteored.cl/mapas-meteorologicos/
5619,fotocasa.es,https://www.fotocasa.es/es/
5619,fotocasa.es,https://www.fotocasa.es/es/crear-anuncio
5619,fotocasa.es,https://www.fotocasa.es/es/user/alerts
5619,fotocasa.es,https://www.fotocasa.es/es/tasacion-online/
5630,viet69z.me,https://viet69z.to/sex-viet/
5630,viet69z.me,https://viet69z.to/tag/sinh-vien/
5630,viet69z.me,https://viet69z.to/tag/may-bay-ba-gia/
5630,viet69z.me,https://viet69z.to/tag/teen/
5633,proximus.be,https://www.proximus.be/fr/id_personal/particuliers.html
5633,proximus.be,https://www.proximus.be/nl/id_personal/particulieren.html
5633,proximus.be,https://www.proximus.be/de/id_personal/personlich.html
5633,proximus.be,https://www.proximus.be/en/id_self-employed-and-small-companies/self-employed-and-small-companies.html
5641,news-medical.net,https://www.news-medical.net/medical
5641,news-medical.net,https://www.news-medical.net/life-sciences
5641,news-medical.net,https://www.news-medical.net/azoprofile/login/
5641,news-medical.net,https://www.news-medical.net/medical/about
5643,seriouseats.com,https://www.seriouseats.com/sweepstakes
5643,seriouseats.com,https://www.seriouseats.com/all-recipes-5117985
5643,seriouseats.com,https://www.seriouseats.com/recipes-by-course-5117906
5643,seriouseats.com,https://www.seriouseats.com/recipes-by-ingredient-recipes-5117749
5647,bisp.gov.pk,https://bisp.gov.pk/twitter.com/bisp_pakistan
5647,bisp.gov.pk,https://bisp.gov.pk/index
5647,bisp.gov.pk,https://bisp.gov.pk/Detail/YjhlZTZjYTYtMjE4ZS00NzFkLTk3NWMtNGZmNWZkNjZjNTc3
5647,bisp.gov.pk,https://bisp.gov.pk/Detail/ZjE4YTk4MzAtM2MzMC00NzYyLThhNDktMzFkNDBhOGNlNGQ2
5670,warwick.ac.uk,https://websignon.warwick.ac.uk/origin/slogin?shire=https%3A%2F%2Fwarwick.ac.uk%2Fsitebuilder2%2Fshire-read&providerId=urn%3Awarwick.ac.uk%3Asitebuilder2%3Aread%3Aservice&target=https%3A%2F%2Fwarwick.ac.uk%2F
5670,warwick.ac.uk,https://warwick.ac.uk/study
5670,warwick.ac.uk,https://warwick.ac.uk/research
5670,warwick.ac.uk,https://warwick.ac.uk/business
5672,l.ink,https://porkbun.com/legal/agreement/privacy_policy
5672,l.ink,https://porkbun.com/checkout/cart
5672,l.ink,https://porkbun.com/products/domains
5672,l.ink,https://porkbun.com/transfer
5673,wolfram.com,https://www.wolfram.com/products/?source=nav
5673,wolfram.com,https://www.wolfram.com/wolfram-one/?source=nav
5673,wolfram.com,https://www.wolfram.com/mathematica/?source=nav
5673,wolfram.com,https://www.wolfram.com/system-modeler/?source=nav
5675,uva.nl,https://www.uva.nl/en
5675,uva.nl,https://www.uva.nl/onderwijs/onderwijs.html
5675,uva.nl,https://www.uva.nl/onderwijs/bachelor/bachelor.html
5675,uva.nl,https://www.uva.nl/onderwijs/master/master.html
5684,uni-hamburg.de,https://www.uni-hamburg.de/newsroom/services-fuer-medien.html
5684,uni-hamburg.de,https://www.kus.uni-hamburg.de/de.html
5684,uni-hamburg.de,https://www.kus.uni-hamburg.de/aktuelles.html?recentnews=true
5684,uni-hamburg.de,"https://www.stine.uni-hamburg.de/scripts/mgrqispi.dll?APPNAME=CampusNet&PRGNAME=EXTERNALPAGES&ARGUMENTS=-N000000000000001,-N000265,-Astartseite"
5686,pro32connect.ru,https://pro32connect.ru/ru/download/
5686,pro32connect.ru,https://pro32connect.ru/ru/plan
5686,pro32connect.ru,https://pro32connect.ru/ru/plan-personal
5686,pro32connect.ru,https://pro32connect.ru/ru/support
5694,datagrail.io,https://www.datagrail.io/resources/interactive/data-privacy-trends-report-2026/?ref=tn_banner
5694,datagrail.io,https://www.datagrail.io/customers/
5694,datagrail.io,https://www.datagrail.io/demo/?ir=_
5694,datagrail.io,https://www.datagrail.io/contact/?ir=_
5697,francetvinfo.fr,https://www.franceinfo.fr/recherche/
5697,francetvinfo.fr,https://www.franceinfo.fr/en-direct/tv.html
5697,francetvinfo.fr,https://www.franceinfo.fr/en-direct/radio.html
5697,francetvinfo.fr,https://www.franceinfo.fr/en-direct/
5705,cbs.com,https://www.cbs.com/shows/
5705,cbs.com,https://www.cbs.com/live-tv/stream/cbs-news/
5705,cbs.com,https://www.cbs.com/live-tv/stream/tveverywhere/
5705,cbs.com,https://www.cbs.com/live-tv/stream/sports/
5710,lbl.gov,https://www.lbl.gov/about/
5710,lbl.gov,https://www.lbl.gov/impact/
5710,lbl.gov,https://www.lbl.gov/about/history/
5710,lbl.gov,https://www.lbl.gov/about/organization/
5716,9to5mac.com,https://9to5mac.com/about/
5716,9to5mac.com,https://9to5mac.com/privacy/
5716,9to5mac.com,https://9to5mac.com/push/
5716,9to5mac.com,https://9to5mac.com/9to5mac-newsletter-signup/
5730,google.bi,https://mail.google.com/mail/&ogbl
5730,google.bi,https://www.google.com/imghp?hl=en&ogbl
5730,google.bi,https://accounts.google.com/ServiceLogin?hl=en&passive=true&continue=https://www.google.com/&ec=GAZAmgQ
5730,google.bi,https://www.google.com/advanced_search?hl=en-PK&authuser=0
5732,haaretz.com,https://www.haaretz.com/ty-search
5732,haaretz.com,https://www.haaretz.com/israel-news/haaretz-daily-news
5732,haaretz.com,https://www.haaretz.com/israel-news
5732,haaretz.com,https://www.haaretz.com/us-news
5738,tv2.no,https://www.tv2.no/direkte/jpybz/siste-nytt
5738,tv2.no,https://www.tv2.no/sport
5738,tv2.no,https://www.tv2.no/livesport/
5738,tv2.no,https://www.tv2.no/underholdning
5741,vuejs.org,https://vuejs.org/guide/quick-start
5741,vuejs.org,https://vuejs.org/guide/introduction
5741,vuejs.org,https://vuejs.org/tutorial/
5741,vuejs.org,https://vuejs.org/examples/
5747,localytics.com,https://localytics.com/about
5747,localytics.com,https://localytics.com/blog
5747,localytics.com,https://localytics.com/team
5747,localytics.com,https://localytics.com/jobs
5750,empik.com,https://www.empik.com/twoje-konto/listy
5750,empik.com,https://www.empik.com/cart/
5750,empik.com,https://www.empik.com/konto/logowanie?continue=%2F
5750,empik.com,https://www.empik.com/premium
5752,google.co.cr,https://mail.google.com/mail/&ogbl
5752,google.co.cr,https://www.google.com/imghp?hl=en&ogbl
5752,google.co.cr,https://accounts.google.com/ServiceLogin?hl=en&passive=true&continue=https://www.google.com/&ec=GAZAmgQ
5752,google.co.cr,https://www.google.com/advanced_search?hl=en-PK&authuser=0
5755,codeforces.com,https://codeforces.com/enter?back=%2F
5755,codeforces.com,https://codeforces.com/register
5755,codeforces.com,https://codeforces.com/top
5755,codeforces.com,https://codeforces.com/catalog
5759,zetaglobal.net,https://zetaglobal.com/news/palantir-and-zeta-global-announce-strategic-partnership/
5759,zetaglobal.net,https://zetaglobal.com/athena-by-zeta/
5759,zetaglobal.net,https://zetaglobal.com/athena-for-brands/
5759,zetaglobal.net,https://zetaglobal.com/athena-for-agencies/
5773,jetbrains.ai,https://www.jetbrains.com/ai/
5777,tracker.gg,https://tracker.gg/valorant
5777,tracker.gg,https://tracker.gg/marvel-rivals
5777,tracker.gg,https://tracker.gg/lol
5777,tracker.gg,https://tracker.gg/roblox
5779,itunes.com,https://www.apple.com/us/shop/goto/store
5779,itunes.com,https://www.apple.com/mac/
5779,itunes.com,https://www.apple.com/ipad/
5779,itunes.com,https://www.apple.com/iphone/
5785,real.com,https://www.real.com/realplayer-pricing
5785,real.com,https://www.real.com/realplayer
5785,real.com,https://www.real.com/realplayer-mac
5785,real.com,https://www.real.com/realplayer-mobile
5802,pantip.com,https://pantip.com/forum/new_topic
5802,pantip.com,https://pantip.com/communities
5802,pantip.com,https://m.pantip.com/new_topic
5802,pantip.com,https://pantip.com/message
5808,harica.gr,https://www.harica.gr/en/trust
5808,harica.gr,https://www.harica.gr/en/guides
5808,harica.gr,https://cm.harica.gr/Tools
5808,harica.gr,https://www.harica.gr/el/
5810,willhaben.at,https://www.willhaben.at/iad/myprofile/chat
5810,willhaben.at,https://www.willhaben.at/iad/myprofile/login?r=%2Fiad
5810,willhaben.at,https://www.willhaben.at/iad/myprofile/register
5810,willhaben.at,https://www.willhaben.at/iad/anzeigenaufgabe
5811,taboolanews.com,https://atlas.taboolanews.com/video-page?utm_source=taboola&utm_medium=taboola_news&dc_data=21735550_xiaomi-lockscreen-unitedkingdom&cex=true&abv=tn_default_clsf_tnls_xiaomi&rccv=default-1385443&genericDimension=tn-homepage&origin_referral_type=experience_demo
5811,taboolanews.com,https://atlas.taboolanews.com/summary-page?utm_source=taboola&utm_medium=taboola_news&dc_data=13179923_xiaomi-lockscreen-unitedkingdom&cex=true&abv=tn_default_clsf_tnls_xiaomi&rccv=default-1385443&genericDimension=tn-homepage&origin_referral_type=experience_demo
5847,dnv.com,https://www.dnv.com/ar/
5847,dnv.com,https://www.dnv.com/ca/
5847,dnv.com,https://www.dnv.com/se/
5847,dnv.com,https://www.dnv.com/tw/
5848,uni-bonn.de,https://www.uni-bonn.de/de/startseite
5848,uni-bonn.de,https://www.uni-bonn.de/@@multilingual-selector/3334546e13e4466c9be4b1fb74b4af06/en?set_language=en
5848,uni-bonn.de,https://www.uni-bonn.de/de
5848,uni-bonn.de,https://www.uni-bonn.de/de/universitaet
5867,thomann.de,https://www.thomann.de/intl/compinfo_imprint.html
5867,thomann.de,https://www.thomann.de/intl/compinfo_privacy.html
5867,thomann.de,https://www.thomann.de/intl/mythomann.html
5867,thomann.de,https://www.thomann.de/intl/index.html
5871,cgood.ru,https://cgood.ru/contacts/
5871,cgood.ru,https://cgood.ru/certificates/
5871,cgood.ru,https://cgood.ru/blog/
5871,cgood.ru,https://cgood.ru/privacy-policy/
5873,obi.de,https://www.obi.de/info/obipro
5873,obi.de,https://www.obi.de/angebote
5873,obi.de,https://www.obi.de/promo/produkte/sale
5873,obi.de,https://www.obi.de/beratung-und-planung/kuechenplaner
5877,bstats.org,https://bstats.org/plugin-list
5877,bstats.org,https://bstats.org/docs
5877,bstats.org,https://bstats.org/login
5877,bstats.org,https://bstats.org/register
5883,thestar.com.my,https://www.thestar.com.my/subscription
5883,thestar.com.my,https://login.thestar.com.my/accountinfo/profile.aspx
5883,thestar.com.my,https://login.thestar.com.my/accountinfo/changepassword.aspx
5883,thestar.com.my,https://login.thestar.com.my/accountinfo/sessions.aspx
5921,getdropbox.com,https://www.dropbox.com/dropbox
5921,getdropbox.com,https://www.dropbox.com/replay
5921,getdropbox.com,https://www.dropbox.com/sign
5921,getdropbox.com,https://www.dropbox.com/docsend
5925,aqsi.ru,https://aqsi.ru/aqsi-13/
5925,aqsi.ru,https://aqsi.ru/aqsi6/
5925,aqsi.ru,https://aqsi.ru/aqsi5/
5925,aqsi.ru,https://aqsi.ru/transport/
5926,cmd.su,https://www.cmd-online.ru/patsientam/gde-sdat-analizy/
5926,cmd.su,https://www.cmd-online.ru/patsientam/vyezd-na-dom/
5926,cmd.su,https://www.cmd-online.ru/lk/
5926,cmd.su,https://www.cmd-online.ru/local/templates/delement/ajax/cities-list.php
5934,churchofjesuschrist.org,https://www.churchofjesuschrist.org/welcome/life-has-purpose?lang=eng
5934,churchofjesuschrist.org,https://www.churchofjesuschrist.org/welcome/what-do-latter-day-saints-believe?lang=eng
5934,churchofjesuschrist.org,https://www.churchofjesuschrist.org/welcome/savior-jesus-christ?lang=eng
5934,churchofjesuschrist.org,https://www.churchofjesuschrist.org/welcome/what-to-expect?lang=eng
5941,uptodown.com,https://pes-2017.uptodown.com/android
5941,uptodown.com,https://xchat-twitter.uptodown.com/android
5941,uptodown.com,https://www.uptodown.com/android/editores-fotos
5941,uptodown.com,https://genshin-impact.uptodown.com/android
5943,optable.co,https://www.optable.co/optable-connect-2026-nyc
5943,optable.co,https://www.optable.co/platform-overview
5943,optable.co,https://www.optable.co/solutions/unify-your-identity-data
5943,optable.co,https://www.optable.co/beyond-dmp
5946,surriel.com,https://surriel.com/Home
5946,surriel.com,https://surriel.com/+login
5946,surriel.com,https://surriel.com/presentations
5946,surriel.com,https://surriel.com/blog
5954,uzh.ch,https://www.uzh.ch/de/search.html
5954,uzh.ch,https://www.uzh.ch/de.html
5954,uzh.ch,https://www.uzh.ch/de/contact.html
5954,uzh.ch,https://www.uzh.ch/en.html
5967,formstack.com,https://formstack.com/products/online-forms
5967,formstack.com,https://formstack.com/products/documents
5967,formstack.com,https://formstack.com/products/sign
5967,formstack.com,https://formstack.com/products/forms-for-salesforce
5968,bentley.com,https://www.bentley.com/software/
5975,lsu.edu,https://lsu.edu/admission/index.php
5975,lsu.edu,https://lsu.edu/visit/index.php
5975,lsu.edu,https://lsu.edu/index.php
5975,lsu.edu,https://lsu.edu/about/index.php
5976,blackboard.com,https://www.blackboard.com/students
5976,blackboard.com,https://www.blackboard.com/community-and-support
5976,blackboard.com,https://www.blackboard.com/contact-us/demo
5976,blackboard.com,https://www.blackboard.com/solutions
5990,dpreview.com,https://www.dpreview.com/site-news/welcome-to-the-new-dpreview/
5990,dpreview.com,https://www.dpreview.com/news/
5990,dpreview.com,https://www.dpreview.com/articles
5990,dpreview.com,https://www.dpreview.com/videos
5991,barchart.com,https://www.barchart.com/solutions/market-category/all-markets
5991,barchart.com,https://www.barchart.com/solutions/market-category/cash-commodities
5991,barchart.com,https://www.barchart.com/solutions/data/agindex
5991,barchart.com,https://www.barchart.com/solutions/market-category/fundamentals
5994,changeip.com,https://changeip.com/index.html
5994,changeip.com,https://changeip.com/dns/
5994,changeip.com,https://changeip.com/domains/
5994,changeip.com,https://changeip.com/ssl/
6003,tutsplus.com,https://photography.tutsplus.com/photo
6003,tutsplus.com,https://photography.tutsplus.com/video
6003,tutsplus.com,https://design.tutsplus.com/graphic-design-basics--ytc-67c
6003,tutsplus.com,https://tutsplus.com/authors/laura-keung
6006,apachetoday.com,https://apachetoday.com/RealMedia/ads/click_lx.cgi/intm/linux/apachetoday.com/index/877874199/468x60-1/Covalent_Technologies_4a/new_ERS_seminar_750x100.gif/64316637323836333363613433343230
6006,apachetoday.com,https://apachetoday.com/RealMedia/ads/click_lx.cgi/intm/linux/apachetoday.com/index/1287080011/sitetext-1/default/empty.gif/64316637323836333363613433343230
6006,apachetoday.com,https://apachetoday.com/preferences.php3
6006,apachetoday.com,https://apachetoday.com/contribute.php3
6009,cretaforce.gr,https://www.cretaforce.gr/shared-hosting/
6009,cretaforce.gr,https://www.cretaforce.gr/domains/
6009,cretaforce.gr,https://www.cretaforce.gr/premium-hosting/
6009,cretaforce.gr,https://www.cretaforce.gr/semi-dedicated-hosting/
6014,lu.se,https://www.lu.se/student
6014,lu.se,https://www.lu.se/student/studentstod-och-halsa
6014,lu.se,https://www.lu.se/student/studentservice-och-lokaler
6014,lu.se,https://www.lu.se/student/stipendier-dig-som-ar-student
6031,vdsina.ru,https://vdsina.ru/pricing
6031,vdsina.ru,https://vdsina.ru/pricing/gpu-servers
6031,vdsina.ru,https://vdsina.ru/pricing/hi-cpu-vds
6031,vdsina.ru,https://vdsina.ru/pricing/standard
6036,logitechg.com,https://www.logitechg.com/en-us/change-location
6036,logitechg.com,https://www.logitechg.com/en-us
6036,logitechg.com,https://www.logitechg.com/en-us/shop
6036,logitechg.com,https://www.logitechg.com/en-us/shop/c/gaming-mice
6040,leavenworth-net.com,https://leavenworth-net.com/register
6040,leavenworth-net.com,https://leavenworth-net.com/login
6040,leavenworth-net.com,https://leavenworth-net.com/contact
6043,demonware.net,https://www.demonware.net/home
6043,demonware.net,https://www.demonware.net/about
6043,demonware.net,https://www.demonware.net/life
6043,demonware.net,https://www.demonware.net/DEI
6044,hessen.de,https://hessen.de/newsletter
6044,hessen.de,https://hessen.de/leichte-sprache
6044,hessen.de,https://hessen.de/gebaerdensprachliche-videos
6044,hessen.de,https://hessen.de/erklaerung-zur-barrierefreiheit
6045,5ch.io,https://5ch.io/_login
6045,5ch.io,https://www2.5ch.io/5ch.html
6045,5ch.io,https://5ch.io/faq.html
6045,5ch.io,https://asahi.5ch.io/test/read.cgi/newsplus/1786579871
6069,inria.fr,https://inria.fr/.within.website/x/cmd/anubis/api/imprint
6084,govdelivery.com,https://granicus.com/careers/
6084,govdelivery.com,https://support.granicus.com/s/
6084,govdelivery.com,https://granicus.com/login/
6084,govdelivery.com,https://granicus.com/market/canadian-government/
6087,lenta.tech,https://lenta.tech/expertise
6087,lenta.tech,https://lenta.tech/radar
6087,lenta.tech,https://lenta.tech/mediacenter
6087,lenta.tech,https://lenta.tech/products
6126,lavozdegalicia.es,https://www.lavozdegalicia.es/noticia/sociedad/2026/08/12/diez-historias-diez-eclipses-diferentes-galicia/00031786569191099106433.htm
6126,lavozdegalicia.es,https://www.lavozdegalicia.es/noticia/sociedad/2026/08/12/galicia-maravillo-eclipse-siglo/00031786569612871207246.htm
6126,lavozdegalicia.es,https://www.lavozdegalicia.es/album/sociedad/2026/08/12/eclipse-total-sol-2026/01101786546251946799367.htm
6126,lavozdegalicia.es,https://www.lavozdegalicia.es/noticia/galicia/2026/08/12/investigacion-apunta-guardia-civil-detenido-sueldo-narcos/00031786553377387244127.htm
6137,liftdsp.com,https://www.lift.win/plans
6137,liftdsp.com,https://www.lift.win/contact-us
6138,muumuu-domain.com,https://muumuu-domain.com/domain/search
6138,muumuu-domain.com,https://muumuu-domain.com/domain/price
6138,muumuu-domain.com,https://muumuu-domain.com/market/auction
6138,muumuu-domain.com,https://muumuu-domain.com/muumuu-domain-mcp/
6151,ledauphine.com,https://www.ledauphine.com/e-services/login?_cm_url=https%3a%2f%2fwww.ledauphine.com%2f
6151,ledauphine.com,https://www.ledauphine.com/meteo/previsions-detaillees
6151,ledauphine.com,https://www.ledauphine.com/newsletters/subscribe
6151,ledauphine.com,https://www.ledauphine.com/leclub
6157,jeuxvideo.com,https://www.jeuxvideo.com/cheats.htm
6157,jeuxvideo.com,https://www.jeuxvideo.com/toutes-les-news/
6157,jeuxvideo.com,https://www.jeuxvideo.com/gaming/astuces/
6157,jeuxvideo.com,https://www.jeuxvideo.com/previews/
6173,google.mk,https://mail.google.com/mail/&ogbl
6173,google.mk,https://www.google.com/imghp?hl=en&ogbl
6173,google.mk,https://accounts.google.com/ServiceLogin?hl=en&passive=true&continue=https://www.google.com/&ec=GAZAmgQ
6173,google.mk,https://www.google.com/advanced_search?hl=en-PK&authuser=0
6174,eurogamer.net,https://www.eurogamer.net/upcoming-video-games-2026-releases
6174,eurogamer.net,https://www.eurogamer.net/all-bubbly-basin-habitats-pokemon-pokopia
6174,eurogamer.net,https://www.eurogamer.net/portal-pod-shared-storage-pokemon-pokopia
6174,eurogamer.net,https://www.eurogamer.net/all-beast-of-reincarnation-bosses
6177,documentcloud.org,https://api.www.documentcloud.org/accounts/login/squarelet?next=https://www.documentcloud.org/
6177,documentcloud.org,https://www.documentcloud.org/projects/221636-trump-pardons/
6177,documentcloud.org,https://www.documentcloud.org/projects/203581-exposed/
6177,documentcloud.org,https://www.documentcloud.org/projects/221213-archive-of-inspector-general-reports/
6178,google.co.bw,https://mail.google.com/mail/&ogbl
6178,google.co.bw,https://www.google.com/imghp?hl=en&ogbl
6178,google.co.bw,https://accounts.google.com/ServiceLogin?hl=en&passive=true&continue=https://www.google.com/&ec=GAZAmgQ
6178,google.co.bw,https://www.google.com/advanced_search?hl=en-PK&authuser=0
6182,ricoh.com,https://www.ricoh.com/gateway
6182,ricoh.com,https://www.ricoh.com/about
6182,ricoh.com,https://www.ricoh.com/about/to-our-stakeholders
6182,ricoh.com,https://www.ricoh.com/about/ricoh-way
6183,thenation.com,https://www.thenation.com/forgot-password/
6183,thenation.com,https://subscriptions.thenation.com/TNA/?f=Site01&s=F5X001
6183,thenation.com,https://subscriptions.thenation.com/TNA/?f=REGISTER
6183,thenation.com,https://www.thenation.com/issue/september-2026-issue/
6186,n8n.io,https://n8n.io/features/
6186,n8n.io,https://n8n.io/integrations/
6186,n8n.io,https://n8n.io/workflows/
6186,n8n.io,https://n8n.io/ai/
6191,qobuz.com,https://www.qobuz.com/gb-en
6191,qobuz.com,https://www.qobuz.com/gb-en/music/streaming/offers
6191,qobuz.com,https://www.qobuz.com/gb-en/shop
6191,qobuz.com,https://www.qobuz.com/gb-en/magazine
6200,illumin.com,https://illumin.com/product/platform/
6200,illumin.com,https://illumin.com/product/forecasting/
6200,illumin.com,https://illumin.com/product/canvas/
6200,illumin.com,https://illumin.com/product/data/
6207,repec.org,https://ideas.repec.org/help.html
6207,repec.org,https://ideas.repec.org/archives.html
6207,repec.org,https://ideas.repec.org/history.html
6207,repec.org,http://econpapers.repec.org/paper/
6210,nic.live,https://identity.digital/registrar
6210,nic.live,https://identity.digital/registry
6210,nic.live,https://identity.digital/reseller
6210,nic.live,https://identity.digital/company
6224,europepmc.org,https://europepmc.org/accounts/login
6224,europepmc.org,https://europepmc.org/accounts/registration
6224,europepmc.org,https://europepmc.org/About
6224,europepmc.org,https://europepmc.org/Preprints
6226,inquirer.com,https://www.inquirer.com/subscribe_today/
6226,inquirer.com,https://www.inquirer.com/news/
6226,inquirer.com,https://www.inquirer.com/sports/
6226,inquirer.com,https://www.inquirer.com/business/
6227,gnupg.org,https://gnupg.org/index.html
6227,gnupg.org,https://gnupg.org/news.html
6227,gnupg.org,https://gnupg.org/people/index.html
6227,gnupg.org,https://gnupg.org/verein/index.html
6248,exblog.jp,https://www.exblog.jp/genre/
6248,exblog.jp,https://www.exblog.jp/platinum/
6248,exblog.jp,https://www.exblog.jp/blogtheme/
6248,exblog.jp,https://www.exblog.jp/ranking/
6253,sabah.com.tr,https://www.sabah.com.tr/spor-haberleri
6253,sabah.com.tr,https://www.sabah.com.tr/magazin-haberleri
6253,sabah.com.tr,https://www.sabah.com.tr/finans
6253,sabah.com.tr,https://www.sabah.com.tr/roza
6278,vhx.tv,https://vimeo.com/features/video-player
6278,vhx.tv,https://vimeo.com/features/online-video-hosting
6278,vhx.tv,https://vimeo.com/features/screen-recorder
6278,vhx.tv,https://vimeo.com/features/video-editor
6282,citigroup.com,https://www.citigroup.com/global
6282,citigroup.com,https://www.citigroup.com/global/news/press-release/2026/american-airlines-citi-elevate-premium-travel-enhanced-citi-aadvantage-executive-world-legend-mastercard
6282,citigroup.com,https://www.citigroup.com/global/about-us
6282,citigroup.com,https://www.citigroup.com/global/businesses
6294,byjus.com,https://shop.byjus.com/collections/byjus-classes-comprehensive-online-tutoring?utm_source=byjus.com&utm_medium=byjusclasses-homepage-ticker&utm_campaign=byjusclasses
6294,byjus.com,https://shop.byjus.com/collections/byjus-classes-comprehensive-online-tutoring?utm_source=byjus.com&utm_medium=liveclass-homepage&utm_campaign=byjus-live-class
6294,byjus.com,https://byjus.com/byjus-the-learning-app/
6294,byjus.com,https://byjus.com/byjus-classes/
6298,basecamp.com,https://basecamp.com/pricing
6298,basecamp.com,https://basecamp.com/5
6298,basecamp.com,https://basecamp.com/features
6298,basecamp.com,https://basecamp.com/paths
6318,reliefweb.int,https://reliefweb.int/help
6318,reliefweb.int,https://reliefweb.int/user/login
6318,reliefweb.int,https://reliefweb.int/updates
6318,reliefweb.int,https://reliefweb.int/countries
6322,gfk.com,https://nielseniq.com/global/en/
6322,gfk.com,https://nielseniq.com/global/en/solutions/
6322,gfk.com,https://nielseniq.com/global/en/industries/
6322,gfk.com,https://nielseniq.com/global/en/solutions/partner-network-find-a-partner/
6323,openlibrary.org,https://openlibrary.org/account/books
6323,openlibrary.org,https://openlibrary.org/subjects
6323,openlibrary.org,https://openlibrary.org/trending
6323,openlibrary.org,https://openlibrary.org/explore
6333,chegg.com,https://www.chegg.com/study
6333,chegg.com,https://www.chegg.com/homework-help
6333,chegg.com,https://www.chegg.com/understand-a-topic
6333,chegg.com,https://www.chegg.com/writing
6334,controlup.com,https://www.controlup.com/gartner-magic-quadrant-for-dex-management-tools-2026/
6334,controlup.com,https://www.controlup.com/webinars/it-automation-and-remediation-for-the-modern-enterprise/
6334,controlup.com,https://help.controlup.com/hc/en-us
6334,controlup.com,https://www.controlup.com/download-center/
6341,hitta.se,https://www.hitta.se/kartan?userGeo=1
6341,hitta.se,https://www.hitta.se/info/vem-ringde
6341,hitta.se,https://www.hitta.se/sitemap/kategorier
6341,hitta.se,https://www.hitta.se/konto?source=startPage
6348,huffingtonpost.co.uk,https://www.huffingtonpost.co.uk/horoscopes
6348,huffingtonpost.co.uk,https://www.huffingtonpost.co.uk/politics/
6348,huffingtonpost.co.uk,https://www.huffingtonpost.co.uk/news/labour-party/
6348,huffingtonpost.co.uk,https://www.huffingtonpost.co.uk/news/conservatives/
6349,kabum.com.br,https://www.kabum.com.br/carrinho
6349,kabum.com.br,https://kabum.com.br/mundos/gamer
6349,kabum.com.br,https://kabum.com.br/ofertas/blackninja
6349,kabum.com.br,https://kabum.com.br/promocao/HARDWAREKABUM
6351,vinted.it,https://www.vinted.it/member/signup/select_type
6351,vinted.it,https://www.vinted.it/help?access_channel=vinted_guide
6351,vinted.it,https://www.vinted.it/member/signup/select_type?ref_url=%2Fitems%2Fnew
6351,vinted.it,https://www.vinted.it/how_it_works
6361,ici.fr,https://www.ici.fr/tv/direct
6361,ici.fr,https://www.ici.fr/theme/eclipse-solaire-du-12-aout-2026
6361,ici.fr,https://www.ici.fr/theme/secheresse
6361,ici.fr,https://www.ici.fr/theme/canicule
6375,solitaired.com,https://solitaired.com/spider-solitaire
6375,solitaired.com,https://solitaired.com/freecell
6375,solitaired.com,https://solitaired.com/pyramid-solitaire
6375,solitaired.com,https://solitaired.com/tripeaks-solitaire
6377,artnet.com,https://www.artnet.com/artworks
6377,artnet.com,https://www.artnet.com/artists
6377,artnet.com,https://www.artnet.com/auctions/
6377,artnet.com,https://www.artnet.com/auction-houses
6386,parismatch.com,https://profile.parismatch.com/profil
6386,parismatch.com,https://profile.parismatch.com/newsletter
6386,parismatch.com,https://abonnement.parismatch.com/mon-abonnement/
6386,parismatch.com,https://abonnement.parismatch.com/aide-et-contact/
6390,telegram.com,https://subscribe.telegram.com/rr/nanobar?gps-source=CPTILELEFT&itm_campaign=2026ENTAUGBAU&itm_medium=ONSITE&success-url=https%3A%2F%2Fwww.telegram.com%2F
6390,telegram.com,https://subscribe.telegram.com/rr/masthead?gps-source=CPMASTHEAD&itm_campaign=2026ENTAUGBAU&itm_medium=ONSITE&success-url=https%3A%2F%2Fwww.telegram.com%2F
6390,telegram.com,https://www.telegram.com/news/
6390,telegram.com,https://www.telegram.com/sports/
6392,aptoide.com,https://en.aptoide.com/group/games
6392,aptoide.com,https://en.aptoide.com/group/applications
6392,aptoide.com,https://en.aptoide.com/editorials
6392,aptoide.com,https://en.aptoide.com/group/games/sub/action
6395,digimedia.com,https://www.digimedia.com/cart
6398,aptrinsic.com,https://www.gainsight.com/resource/demo/
6398,aptrinsic.com,https://www.gainsight.com/product-experience/
6398,aptrinsic.com,https://www.gainsight.com/pricing/
6398,aptrinsic.com,https://www.gainsight.com/customers/
6402,n11.com,https://www.n11.com/giris-yap
6402,n11.com,https://www.n11.com/giyim-ayakkabi
6402,n11.com,https://www.n11.com/ayakkabi-ve-canta
6402,n11.com,https://www.n11.com/kadin-giyim-aksesuar
6409,adplay.ru,https://adplay.ru/personal-data-processing-consent
6409,adplay.ru,https://adplay.ru/user-agreement
6409,adplay.ru,https://adplay.ru/policy
6412,ilgiornale.it,https://www.ilgiornale.it/news/cronaca-giudiziaria/lavitola-oggi-dal-gip-tutte-le-accuse-per-lamico-di-ranucci-gomes-ancora-irreperibile/
6412,ilgiornale.it,https://www.ilgiornale.it/news/cultura-e-spettacoli/report-quale-sara-il-futuro-del-programma-chi-potrebbe-sostituire-ranucci-le-ipotesi-e-i-nomi/
6412,ilgiornale.it,https://www.ilgiornale.it/news/cronaca-nera/trani-rissa-tra-giovani-nella-notte-18enne-ucciso-a-coltellate/
6412,ilgiornale.it,https://www.ilgiornale.it/news/nazionale/etna-in-eruzione-aeroporto-di-catania-chiuso-fino-al-14-agosto-potenziati-treni-e-autobus-cosa-sapere/
6413,taylorfrancis.com,https://www.taylorfrancis.com/collections/modern-history-1750-onwards-curated/ubxa17?context=ubx
6413,taylorfrancis.com,https://www.taylorfrancis.com/collections/medieval-history-curated/ubxa16?context=ubx
6413,taylorfrancis.com,https://www.taylorfrancis.com/collections/philosophy-religious-ethics-curated/ubxa18?context=ubx
6413,taylorfrancis.com,https://www.taylorfrancis.com/collections/gender-studies-curated/ubxa09?context=ubx
6415,smotrim.ru,https://smotrim.ru/news
6415,smotrim.ru,https://smotrim.ru/channel
6415,smotrim.ru,https://smotrim.ru/catalog
6415,smotrim.ru,https://smotrim.ru/video/6060180
6418,emol.com,https://www.emol.com/nacional/
6418,emol.com,https://www.emol.com/economia/
6418,emol.com,https://www.emol.com/deportes/
6418,emol.com,https://www.emol.com/internacional/
6424,smartrecruiters.com,https://www.smartrecruiters.com/success/
6424,smartrecruiters.com,https://customers.smartrecruiters.com/entry/signin?Target=
6424,smartrecruiters.com,https://www.smartrecruiters.com/account/sign-in
6424,smartrecruiters.com,https://partners.smartrecruiters.com/identity/public/sign-in
6456,53.com,https://www.53.com/customer-service
6456,53.com,https://locations.53.com/search.html
6463,theintercept.com,https://join.theintercept.com/donate/now/?source=web_intercept_20250310_Main-Menu-CTA_support-us&referrer_url=https%3A%2F%2Ftheintercept.com%2F&referrer_post_id=427763
6463,theintercept.com,https://theintercept.com/2026/08/12/tennessee-oklahoma-alabama-executions-anthony-darrell-hines-carlos-cuesta-rodriguez-jeremy-williams/
6463,theintercept.com,https://theintercept.com/series/targeting-iran
6463,theintercept.com,https://theintercept.com/series/midterms-2026/
6482,eater.com,https://www.eater.com/dining-out
6482,eater.com,https://www.eater.com/eater-at-home
6482,eater.com,https://www.eater.com/food-culture
6482,eater.com,https://www.eater.com/travel-restaurants
6506,cosme.net,https://www.cosme.net/ranking/
6506,cosme.net,https://www.cosme.net/brandcollection/
6506,cosme.net,https://www.cosme.net/store/
6506,cosme.net,https://www.cosme.net/present/
6507,skyrock.net,https://skyrock.fm/radios
6507,skyrock.net,https://skyrock.fm/replay
6507,skyrock.net,https://skyrock.fm/videos
6507,skyrock.net,https://skyrock.fm/news
6514,lemon8-app.com,https://www.lemon8-app.com/legal/privacy?region=sg
6514,lemon8-app.com,https://www.lemon8-app.com/legal/terms-of-service?region=sg
6514,lemon8-app.com,https://www.lemon8-app.com/community-guideline?region=sg
6514,lemon8-app.com,https://www.lemon8-app.com/legal/intellectual-property?region=sg
6516,msdmanuals.com,https://www.msdmanuals.com/n3wbr@nds
6516,msdmanuals.com,https://www.msdmanuals.com/professional
6516,msdmanuals.com,https://www.msdmanuals.com/home
6516,msdmanuals.com,https://www.msdmanuals.com/professional/resourcespages/global-medical-knowledge
6517,astro.com,https://www.astro.com/cgi/awd.cgi?lang=e
6517,astro.com,https://www.astro.com/cgi/awd.cgi?lang=e&act=vpref
6517,astro.com,https://www.astro.com/cgi/awd.cgi?lang=e&act=disconnect
6517,astro.com,https://www.astro.com/horoscope
6520,adage.com,https://adage.com/user-dashboard/?view=newsletter-page
6520,adage.com,https://adage.com/events-awards/small-agency/aa-awards-winners-2026/
6520,adage.com,https://adage.com/creativity/campaigns-commercials/aa-best-creative-ads-arena-club-foot-locker-herb-light/
6520,adage.com,https://adage.com/brand-marketing/cmo-strategy
6527,dawn.com,https://www.dawn.com/advertise
6527,dawn.com,https://www.dawn.com/events
6527,dawn.com,https://www.dawn.com/events/supplements
6527,dawn.com,https://www.dawn.com/jobs
6568,superbthemes.com,https://superbthemes.com/pricing/
6568,superbthemes.com,https://superbthemes.com/products/
6568,superbthemes.com,https://superbthemes.com/wordpress-themes/
6568,superbthemes.com,https://superbthemes.com/plugins/
6572,appsheet.com,https://about.appsheet.com/home/
6572,appsheet.com,https://www.appsheet.com/Account/Login
6572,appsheet.com,https://about.appsheet.com/how-to-create-an-app/
6572,appsheet.com,https://www.appsheet.com/templates
6577,dmitriy-mevedev-tor.top,https://dmitriy-mevedev-tor.top/page/rudostup_kndr/
6577,dmitriy-mevedev-tor.top,https://dmitriy-mevedev-tor.top/top
6577,dmitriy-mevedev-tor.top,https://dmitriy-mevedev-tor.top/categories
6577,dmitriy-mevedev-tor.top,https://dmitriy-mevedev-tor.top/browse/
6580,racingpost.com,https://www.racingpost.com/free-bets/
6580,racingpost.com,https://www.racingpost.com/racecards/6/beverley/2026-08-13/924867/
6580,racingpost.com,https://www.racingpost.com/api/auth/login/?state=Lw%3D%3D
6580,racingpost.com,https://www.racingpost.com/members-club/my-bookmakers/
6598,mendeley.com,https://www.mendeley.com/library
6598,mendeley.com,https://blog.mendeley.com/2026/04/03/4-study-tips-to-help-you-prepare-for-exam-season/
6598,mendeley.com,https://blog.mendeley.com/2026/01/12/boost-your-research-efficiency-with-mendeleys-ai-tools/
6598,mendeley.com,https://blog.mendeley.com/2025/12/08/the-future-in-mendeley-ai-features-are-here/
6605,jornada.com.mx,https://www.jornada.com.mx/ultimasnoticias
6605,jornada.com.mx,https://www.jornada.com.mx/categoria/politica
6605,jornada.com.mx,https://www.jornada.com.mx/categoria/economia
6605,jornada.com.mx,https://www.jornada.com.mx/categoria/mundo
6613,williamhill.com,https://sports.williamhill.com/betting/en-gb
6613,williamhill.com,https://vegas.williamhill.com/live-casino
6613,williamhill.com,https://vegas.williamhill.com/online-bingo
6613,williamhill.com,https://vegas.williamhill.com/online-poker
6615,esri.com,https://www.esri.com/en-us/ai-assistant
6615,esri.com,https://www.esri.com/en-us/arcgis/geospatial-platform/overview
6615,esri.com,https://www.esri.com/en-us/what-is-gis/overview
6615,esri.com,https://www.esri.com/en-us/about/about-esri/overview
6617,heute.at,https://epaper.heute.at/titles/heutewien/13000/publications/latest
6617,heute.at,https://www.heute.at/immobilien
6617,heute.at,https://www.heute.at/wetter
6617,heute.at,https://www.heute.at/leser-reporter
6631,freewebs.com,https://www.vistaprint.com/accessibility
6631,freewebs.com,https://www.vistaprint.com/customer-care/help-center/
6644,credly.com,https://info.credly.com/schedule-a-demo
6644,credly.com,https://www.credly.com/users/sign_in
6644,credly.com,https://info.credly.com/solutions/employee-learning-and-development
6644,credly.com,https://info.credly.com/solutions/talent-acquisition
6646,backlinko.com,https://backlinko.com/ai-search-strategy
6646,backlinko.com,https://backlinko.com/llm-seeding
6646,backlinko.com,https://backlinko.com/generative-engine-optimization-geo
6646,backlinko.com,https://backlinko.com/hub/seo/what-is-seo
6648,google.lv,https://mail.google.com/mail/&ogbl
6648,google.lv,https://www.google.com/imghp?hl=en&ogbl
6648,google.lv,https://accounts.google.com/ServiceLogin?hl=en&passive=true&continue=https://www.google.com/&ec=GAZAmgQ
6648,google.lv,https://www.google.com/advanced_search?hl=en-PK&authuser=0
6653,cnnindonesia.com,https://www.cnnindonesia.com/for-you
6653,cnnindonesia.com,https://www.cnnindonesia.com/nasional
6653,cnnindonesia.com,https://www.cnnindonesia.com/nasional/politik
6653,cnnindonesia.com,https://www.cnnindonesia.com/nasional/hukum-kriminal
6683,google.hn,https://mail.google.com/mail/&ogbl
6683,google.hn,https://www.google.com/imghp?hl=en&ogbl
6683,google.hn,https://accounts.google.com/ServiceLogin?hl=en&passive=true&continue=https://www.google.com/&ec=GAZAmgQ
6683,google.hn,https://www.google.com/advanced_search?hl=en-PK&authuser=0
6695,findmykids.org,https://gps-watch.findmykids.org/row?utm_source=landing&utm_medium=seo&utm_campaign=eng/
6695,findmykids.org,https://findmykids.org/blog/en
6695,findmykids.org,https://findmykids.org/help-center
6695,findmykids.org,https://findmykids.org/blog/en/findmykids-app-update-family-circles
6707,glosbe.com,https://glosbe.com/user?tab=history
6707,glosbe.com,https://glosbe.com/user?tab=favorite&l1=en&l2=es
6707,glosbe.com,https://glosbe.com/settings
6707,glosbe.com,https://auth.glosbe.com/login?returnUrl=https%3A%2F%2Fglosbe.com%2F
6710,qwant.com,https://about.qwant.com/en/
6710,qwant.com,https://betterweb.qwant.com/en/
6710,qwant.com,https://help.qwant.com/en
6710,qwant.com,https://about.qwant.com/en/contact/
6719,journaldesfemmes.fr,https://www.journaldesfemmes.fr/mode/
6719,journaldesfemmes.fr,https://www.journaldesfemmes.fr/beaute/
6719,journaldesfemmes.fr,https://cuisine.journaldesfemmes.fr/toutes-les-recettes/
6719,journaldesfemmes.fr,https://www.journaldesfemmes.fr/jardin/
6726,nngroup.com,https://www.nngroup.com/training/september/?utm_campaign=live-online-courses&utm_source=website&utm_medium=banner&utm_content=b2g1
6726,nngroup.com,https://www.nngroup.com/courses/
6726,nngroup.com,https://www.nngroup.com/training/live-courses/
6726,nngroup.com,https://www.nngroup.com/contents/train-your-team/
6731,rtbf.be,https://www.rtbf.be/jeux
6731,rtbf.be,https://www.rtbf.be/meteo
6731,rtbf.be,https://www.rtbf.be/recherche
6731,rtbf.be,https://www.rtbf.be/en-continu
6738,ucm.es,https://www.ucm.es/login_sso/
6738,ucm.es,https://www.ucm.es/english
6738,ucm.es,https://ucm.es/laucm
6738,ucm.es,https://ucm.es/gobierno
6749,liu.se,https://liu.se/en
6749,liu.se,https://liu.se/utbildning
6749,liu.se,https://liu.se/forskning
6749,liu.se,https://liu.se/samverkan
6755,statefarm.com,https://financials.statefarm.com/guest-pay/
6755,statefarm.com,https://www.statefarm.com/customer-care/new-car-insurance
6755,statefarm.com,https://reportloss.claims.statefarm.com/start-claim
6755,statefarm.com,https://www.statefarm.com/claims/check-existing-claim
6761,libertaddigital.com,https://www.libertaddigital.com/espana/politica/2026-08-12/sanchez-supera-los-210-000-millones-en-subidas-fiscales-mientras-faltan-medios-para-incendios-e-invasiones-de-ceuta-7447706/
6761,libertaddigital.com,https://www.libertaddigital.com/espana/politica/2026-08-12/jupol-desde-ceuta-la-ciudad-esta-tomada-7447921/
6761,libertaddigital.com,https://www.libertaddigital.com/libremercado/2026-08-12/pillan-a-una-trabajadora-de-alcampo-que-uso-la-baja-medica-para-trabajar-en-una-pequena-tienda-de-moda-7445487/
6761,libertaddigital.com,https://www.libertaddigital.com/espana/2026-08-12/la-acusacion-popular-sobre-begona-gomez-con-el-nombramiento-de-sanchez-aumento-su-influencia-en-la-administracion-7447670/
6765,kurir.rs,https://www.kurir.rs/najnovije-vesti
6765,kurir.rs,https://www.kurir.rs/vesti
6765,kurir.rs,https://www.kurir.rs/stars
6765,kurir.rs,https://www.kurir.rs/sport
6773,navyfederal.org,https://digitalomni.navyfederal.org/signin/
6773,navyfederal.org,https://links.navyfederal.org/signout
6773,navyfederal.org,https://www.navyfederal.org/help-center.html
6773,navyfederal.org,https://www.navyfederal.org/checking-savings/savings.html
6777,uni-tuebingen.de,https://uni-tuebingen.de/leichte-sprache/
6777,uni-tuebingen.de,https://uni-tuebingen.de/gebaerdensprache/
6777,uni-tuebingen.de,https://uni-tuebingen.de/uni-a-z/
6777,uni-tuebingen.de,https://uni-tuebingen.de/kontakt/
6778,russianfood.com,https://www.russianfood.com/recipes/
6778,russianfood.com,https://www.russianfood.com/reading/clauses/
6778,russianfood.com,https://www.russianfood.com/blogs/
6778,russianfood.com,https://www.russianfood.com/search/
6793,svt.se,https://www.svt.se/nyheter/lokalt/
6793,svt.se,https://www.svt.se/nyheter/lokalt/gavleborg/
6793,svt.se,https://www.svt.se/nyheter/lokalt/jamtland/
6793,svt.se,https://www.svt.se/nyheter/lokalt/norrbotten/
6794,fragrantica.com,https://www.fragrantica.com/search/
6794,fragrantica.com,https://www.fragrantica.com/designers/
6794,fragrantica.com,https://www.fragrantica.com/country/
6794,fragrantica.com,https://www.fragrantica.com/parent-company/
6799,chunichi.co.jp,https://www.chunichi.co.jp/corporate/c_faq
6799,chunichi.co.jp,https://www.chunichi.co.jp/service/regist
6799,chunichi.co.jp,https://www.chunichi.co.jp/service/login
6799,chunichi.co.jp,https://www.chunichi.co.jp/article/1291440?ref=oshirase</a>
6810,illinois.gov,https://www.illinois.gov/government.html
6810,illinois.gov,https://www.illinois.gov/business.html
6810,illinois.gov,https://www.illinois.gov/employment.html
6810,illinois.gov,https://www.illinois.gov/education.html
6813,elcorreo.com,https://www.elcorreo.com/alava/
6813,elcorreo.com,https://secure.elcorreo.com/identidad/inicio
6825,relevant-digital.com,https://www.relevant-digital.com/events?hsLang=en
6825,relevant-digital.com,https://www.relevant-digital.com/relevantyield/company?hsLang=en
6825,relevant-digital.com,https://www.relevant-digital.com/relevantyield/team?hsLang=en
6825,relevant-digital.com,https://www.relevant-digital.com/relevantyield/events?hsLang=en
6834,usu.edu,https://www.usu.edu/privacy/
6834,usu.edu,https://www.usu.edu/apply/
6834,usu.edu,https://www.usu.edu/visit/
6834,usu.edu,https://www.usu.edu/advancement/
6835,fmb.la,https://fmb.la/pages/about
6835,fmb.la,https://fmb.la/lookup
6835,fmb.la,https://fmb.la/pages/stats
6835,fmb.la,https://fmb.la/contact
6838,akc.org,https://www.apps.akc.org/event-search
6838,akc.org,https://www.akc.org/register/
6838,akc.org,https://www.akc.org/wp-login.php
6839,withbuddies.com,https://www.scopely.com/en/about
6839,withbuddies.com,https://www.scopely.com/en/games
6839,withbuddies.com,https://www.scopely.com/en/life-at-scopely
6839,withbuddies.com,https://www.scopely.com/en/news
6845,joinmastodon.org,https://joinmastodon.org/apps
6845,joinmastodon.org,https://joinmastodon.org/hosting
6845,joinmastodon.org,https://joinmastodon.org/sponsors
6845,joinmastodon.org,https://joinmastodon.org/about
6861,kidshealth.org,https://kidshealth.org/en/parents/milestones-newsletter.html
6861,kidshealth.org,https://kidshealth.org/es/parents/
6861,kidshealth.org,https://kidshealth.org/en/parents/
6861,kidshealth.org,https://kidshealth.org/en/parents/general/
6886,icbc.com.cn,http://icbc.com.cn/column/781925352473141249.html
6886,icbc.com.cn,http://icbc.com.cn/column/1438058319784067104.html
6886,icbc.com.cn,https://mybank.icbc.com.cn/icbc/newperbank/perbank3/frame/frame_index.jsp?serviceId=PBL200721
6886,icbc.com.cn,https://mybank.icbc.com.cn/icbc/newperbank/perbank3/frame/frame_index.jsp?serviceId=PBL200712
6891,domainers.de,https://www.domainers.de/en/
6891,domainers.de,https://order.domainers.de/login.php?lang=en
6891,domainers.de,https://www.domainers.de/datenschutz/
6891,domainers.de,https://www.domainers.de/impressum/
6916,observer.com,https://observer.com/business/
6916,observer.com,https://observer.com/arts/
6916,observer.com,https://observer.com/lifestyle/
6916,observer.com,https://observer.com/subscribe/
6918,beebom.com,https://beebom.com/category/news/
6918,beebom.com,https://beebom.com/tag/opinion/
6918,beebom.com,https://beebom.com/category/reviews/
6918,beebom.com,https://beebom.com/category/games/
6933,ome.tv,https://ome.tv/why-ometv/
6933,ome.tv,https://ome.tv/faq/
6933,ome.tv,https://ome.tv/rules/
6933,ome.tv,https://ome.tv/terms/
6934,icm.edu.pl,https://icm.edu.pl/kierownictwo/
6934,icm.edu.pl,https://icm.edu.pl/misja-i-kompetencje/
6934,icm.edu.pl,https://icm.edu.pl/wsparcie-uzytkownikow-kdm/
6934,icm.edu.pl,https://icm.edu.pl/praca/
6941,haber7.com,https://www.haber7.com/sondakika
6941,haber7.com,https://www.haber7.com/guncel
6941,haber7.com,https://www.haber7.com/siyaset
6941,haber7.com,https://ekonomi.haber7.com/kobi
6944,blesk.cz,https://www.blesk.cz/celebrity
6944,blesk.cz,https://www.blesk.cz/zpravy
6944,blesk.cz,https://isport.blesk.cz/blesksport
6944,blesk.cz,https://www.blesk.cz/prihlaseni
6948,neal.fun,https://neal.fun/wiki-spy/
6948,neal.fun,https://neal.fun/cursor-camp/
6948,neal.fun,https://neal.fun/sandboxels/
6948,neal.fun,https://neal.fun/constellation-draw/
6956,simplecast.com,https://www.simplecast.com/features?hsLang=en
6956,simplecast.com,https://www.simplecast.com/pricing?hsLang=en
6956,simplecast.com,https://www.simplecast.com/monetization?hsLang=en
6956,simplecast.com,https://auth.simplecast.com/signup
6961,usbank.com,https://www.usbank.com/index.html
6961,usbank.com,https://onlinebanking.usbank.com/auth/login/
6961,usbank.com,https://www.usbank.com/about-us-bank.html
6961,usbank.com,https://www.usbank.com/financial-education.html
6985,bunshun.jp,https://bunshun.jp/category/latest
6985,bunshun.jp,https://bunshun.jp/list/ranking/realtime
6985,bunshun.jp,https://bunshun.jp/category/scoop
6985,bunshun.jp,https://bunshun.jp/subcategory/%E3%83%8B%E3%83%A5%E3%83%BC%E3%82%B9
6996,annas-archive.gl,https://annas-archive.gl/blog/physical-destruction.html
6996,annas-archive.gl,https://annas-archive.gl/blog/llms-txt.html
6996,annas-archive.gl,https://annas-archive.gl/faq
6996,annas-archive.gl,https://annas-archive.gl/search
7004,qiniudns.com,https://www.qiniu.com/ai/agent
7004,qiniudns.com,https://portal.qiniu.com/signup?ref=&s_path=
7004,qiniudns.com,https://qiniu.com/ai/plan
7004,qiniudns.com,https://marketing.qiniu.com/activity/2026spring?entry=index-nav
7006,transip.eu,https://www.transip.eu/vps/
7006,transip.eu,https://www.transip.eu/vps/ha-ip/
7006,transip.eu,https://www.transip.eu/vps/ha-ip/pro/
7006,transip.eu,https://www.transip.eu/vps/private-network/
7020,lanouvellerepublique.fr,https://www.lanouvellerepublique.fr/annonces/avis-de-deces
7020,lanouvellerepublique.fr,https://www.lanouvellerepublique.fr/annonces/legales
7020,lanouvellerepublique.fr,https://www.lanouvellerepublique.fr/mon-compte/mes-newsletters
7020,lanouvellerepublique.fr,https://www.lanouvellerepublique.fr/abonnements
7033,scotsman.com,https://www.scotsman.com/newsletter
7033,scotsman.com,https://www.scotsman.com/puzzles
7033,scotsman.com,https://www.scotsman.com/subscriptions
7033,scotsman.com,https://www.scotsman.com/news
7036,playmogo.com,https://doodstream.com/earn-money
7036,playmogo.com,https://doodstream.com/premium
7036,playmogo.com,https://doodstream.com/api-docs
7036,playmogo.com,https://doodstream.com/copyright
7063,poe.ninja,https://poe.ninja/account
7063,poe.ninja,https://poe.ninja/support
7063,poe.ninja,https://poe.ninja/docs
7063,poe.ninja,https://poe.ninja/stats
7071,tiermaker.com,https://tiermaker.com/create/
7071,tiermaker.com,https://tiermaker.com/categories/
7071,tiermaker.com,https://tiermaker.com/tier-lists/classic
7071,tiermaker.com,https://tiermaker.com/login/
7081,jpn.com,https://jpn.com/sitemap
7081,jpn.com,https://jpn.com/privacy-policy
7081,jpn.com,https://jpn.com/terms-of-use
7081,jpn.com,https://jpn.com/registry-policies
7091,seznamzpravy.cz,https://www.seznamzpravy.cz/p/sledovane
7091,seznamzpravy.cz,https://www.seznamzpravy.cz/sekce/domaci-13
7091,seznamzpravy.cz,https://www.seznamzpravy.cz/sekce/domaci-politika-252
7091,seznamzpravy.cz,https://www.seznamzpravy.cz/tag/jak-se-zije-v-cesku-85230
7104,invisalign.com,https://www.invisalign.com/frequently-asked-questions
7104,invisalign.com,https://vip.invisalign.com/v3/login.action
7104,invisalign.com,https://www.invisalign.com/resources
7104,invisalign.com,https://www.invisalign.com/invisalign-smile-quiz
7105,nme.com,https://www.nme.com/the-cover
7105,nme.com,https://www.nme.com/100
7105,nme.com,https://www.nme.com/newsroom
7105,nme.com,https://www.nme.com/music
7118,rubika.ir,https://rubika.ir/home
7118,rubika.ir,https://rubika.ir/about
7118,rubika.ir,https://rubika.ir/contact
7118,rubika.ir,https://rubika.ir/blog
7123,bfv.de,https://www.bfv.de/textsuche
7123,bfv.de,https://spielplus.bfv.de/spielplus/
7123,bfv.de,https://www.bfv.de/infothek
7123,bfv.de,https://www.bfv.de/login
7124,convertkit.com,https://kit.com/pricing
7124,convertkit.com,https://app.kit.com/users/login
7124,convertkit.com,https://kit.com/request-demo
7124,convertkit.com,https://app.kit.com/users/signup?plan=1k
7136,syr.edu,https://www.syracuse.edu/privacy-policy/
7136,syr.edu,https://www.syracuse.edu/academics/
7136,syr.edu,https://www.syracuse.edu/academics/programs/?level=undergraduate
7136,syr.edu,https://www.syracuse.edu/academics/programs/?level=graduate
7164,about.google,https://about.google/products/
7164,about.google,https://about.google/company-info/
7164,about.google,https://about.google/around-the-globe/
7164,about.google,https://about.google/brand-resource-center/
7165,google.tm,https://mail.google.com/mail/&ogbl
7165,google.tm,https://www.google.com/imghp?hl=en&ogbl
7165,google.tm,https://accounts.google.com/ServiceLogin?hl=en&passive=true&continue=https://www.google.com/&ec=GAZAmgQ
7165,google.tm,https://www.google.com/advanced_search?hl=en-PK&authuser=0
7169,buildkite.com,https://buildkite.com/home
7169,buildkite.com,https://buildkite.com/platform/pipelines/
7169,buildkite.com,https://buildkite.com/platform/test-engine/
7169,buildkite.com,https://buildkite.com/platform/package-registries/
7170,maariv.co.il,https://www.maariv.co.il/news
7170,maariv.co.il,https://www.maariv.co.il/journalists
7170,maariv.co.il,https://www.maariv.co.il/economy
7170,maariv.co.il,https://www.maariv.co.il/culture
7176,sellvir.com,https://whmcs.alidropship.com/clientarea.php
7176,sellvir.com,https://whmcs.alidropship.com/cart.php?a=view
7176,sellvir.com,https://whmcs.alidropship.com/index.php
7176,sellvir.com,https://whmcs.alidropship.com/cart.php
7178,icc-cricket.com,https://www.icc-cricket.com/search
7178,icc-cricket.com,https://www.icc-cricket.com/index
7178,icc-cricket.com,https://www.icc-cricket.com/rankings
7178,icc-cricket.com,https://www.icc-cricket.com/fixtures-results
7186,uni-stuttgart.de,https://www.uni-stuttgart.de/erklaerung-barrierefreiheit/leichte-sprache/
7186,uni-stuttgart.de,https://www.uni-stuttgart.de/erklaerung-barrierefreiheit/gebaerdensprache/
7186,uni-stuttgart.de,https://www.uni-stuttgart.de/universitaet/lageplan/barriere-informationen/
7186,uni-stuttgart.de,https://www.uni-stuttgart.de/en/
7199,ontario.ca,https://www.ontario.ca/user
7199,ontario.ca,https://www.ontario.ca/page/government-ontario
7199,ontario.ca,https://www.ontario.ca/fr/node/540561
7199,ontario.ca,https://www.ontario.ca/page/benefits-and-taxes
7203,ulta.com,https://www.ulta.com/account/order-status
7203,ulta.com,https://www.ulta.com/community/groups
7203,ulta.com,https://www.ulta.com/stores
7203,ulta.com,https://www.ulta.com/guestservices/gift-cards
7219,zephr.com,https://www.zuora.com/solutions/acquire-retain-subscribers/tour
7219,zephr.com,https://www.zuora.com/talk-to-sales/
7219,zephr.com,https://www.zuora.com/products/zephr/ai-paywall
7219,zephr.com,https://www.zuora.com/products/zephr/identity-access-management/
7223,crisp.chat,https://crisp.chat/en/
7223,crisp.chat,https://crisp.chat/en/apps/
7223,crisp.chat,https://crisp.chat/en/pricing/
7223,crisp.chat,https://crisp.chat/en/integrations/
7224,digi24.ro,https://www.digi24.ro/live/digi24-fm
7224,digi24.ro,https://www.digi24.ro/live/digifm
7224,digi24.ro,https://www.digi24.ro/live/profm
7224,digi24.ro,https://www.digi24.ro/live/dancefm
7234,encyclopedia.com,https://www.encyclopedia.com/earth-and-environment
7234,encyclopedia.com,https://www.encyclopedia.com/history
7234,encyclopedia.com,https://www.encyclopedia.com/literature-and-arts
7234,encyclopedia.com,https://www.encyclopedia.com/medicine
7240,baltimoresun.com,https://mktops.baltimoresun.com/subscriptions/land-ravens-26-md/?market=bs&source=index&g2i_source=SB&g2i_medium=sub-nav&g2i_campaign=RP26
7240,baltimoresun.com,https://www.baltimoresun.com/util-clean-cookies/?callbackURL=https://digitaledition.baltimoresun.com/shortcode/6B596A
7240,baltimoresun.com,https://myaccount.baltimoresun.com/200/home
7240,baltimoresun.com,https://myaccount.baltimoresun.com/200/autopay/signup/
7241,gala.de,https://www.gala.de/stars/
7241,gala.de,https://www.gala.de/stars/news/
7241,gala.de,https://www.gala.de/stars/interview/
7241,gala.de,https://www.gala.de/stars/starportraets/
7253,comfy.ua,https://comfy.ua/ua/sale/
7253,comfy.ua,https://comfy.ua/ua/actions/
7253,comfy.ua,https://comfy.ua/ua/gift-cards/
7253,comfy.ua,https://comfy.ua/ua/shops.html
7262,taxtelecom.ru,https://taxtelecom.ru/software/
7262,taxtelecom.ru,https://taxtelecom.ru/price/
7262,taxtelecom.ru,https://taxtelecom.ru/privacy/
7264,rferl.org,https://www.rferl.org/a/32843501.html
7264,rferl.org,https://www.rferl.org/Russia
7264,rferl.org,https://www.rferl.org/Farda-English
7264,rferl.org,https://www.rferl.org/Kazakhstan
7268,mathrubhumi.com,https://www.mathrubhumi.com/subscription
7268,mathrubhumi.com,https://secure.mathrubhumi.com/bookmyad/
7268,mathrubhumi.com,https://media.mathrubhumi.com/classifieds/classifieds.php
7268,mathrubhumi.com,https://www.mathrubhumi.com/premium
7278,nzz.ch,https://abo.nzz.ch/newsletter/
7278,nzz.ch,https://live.nzz.ch/de/zukunftige-veranstaltungen
7278,nzz.ch,https://abo.nzz.ch/faq
7278,nzz.ch,https://abo.nzz.ch/kontakt
7289,supplyframe.com,https://supplyframe.com/npi
7289,supplyframe.com,https://supplyframe.com/directsource
7289,supplyframe.com,https://supplyframe.com/cpq
7289,supplyframe.com,https://supplyframe.com/commodity-iq
7296,uu.se,https://www.uu.se/student
7296,uu.se,https://www.uu.se/medarbetare
7296,uu.se,https://www.uu.se/alumn
7296,uu.se,https://www.uu.se/utbildning/sok
7297,pfizer.com,https://www.pfizer.com/science
7297,pfizer.com,https://www.pfizer.com/science/clinical-trials/guide
7297,pfizer.com,https://www.pfizer.com/science/clinical-trials/children
7297,pfizer.com,https://www.pfizer.com/science/clinical-trials/data-and-results
7298,delish.com,https://www.delish.com/my-stuff
7298,delish.com,https://store.delish.com/delish-unlimited-all-access-membership-2999.html?cds_tracking_code=del_panelnav
7298,delish.com,https://www.delish.com/food-news/a60778795/delish-unlimited-member-portal/
7298,delish.com,https://www.delish.com/cooking/recipe-ideas/
7324,lansweeper.com,https://www.lansweeper.com/product/
7324,lansweeper.com,https://www.lansweeper.com/product/asset-discovery/
7324,lansweeper.com,https://www.lansweeper.com/product/asset-inventory/
7324,lansweeper.com,https://www.lansweeper.com/product/insights/
7327,nordkurier.de,https://epaper.nordkurier.de/titles/?utm_source=nordkurier.de&utm_medium=link&utm_campaign=l_tz_018_nk_oi_nw_e_paper_web&utm_content=navigation_web&utm_term=link
7327,nordkurier.de,https://mein.nordkurier.de/newsletter?utm_source=nordkurier.de&utm_medium=link&utm_campaign=l_tz_006_nk_oi_nw_newsletter_uebersicht&utm_content=navigation_web&utm_term=link
7327,nordkurier.de,https://www.nordkurier.de/suche/
7327,nordkurier.de,https://account.nordkurier.de/login
7328,vodafone.com,https://www.vodafone.com/business
7328,vodafone.com,https://www.vodafone.com/everyone-connected
7328,vodafone.com,https://www.vodafone.com/everyone-connected/connecting-people
7328,vodafone.com,https://www.vodafone.com/everyone-connected/connecting-businesses
7336,rpp.pe,https://rpp.pe/ultimas-noticias
7336,rpp.pe,https://rpp.pe/politica
7336,rpp.pe,https://rpp.pe/actualidad
7336,rpp.pe,https://rpp.pe/deportes
7351,moneta.ru,https://moneta.ru/info/d/ru/public/users/tariffs.htm
7351,moneta.ru,https://moneta.ru/info/d/ru/public/about/contacts.htm
7351,moneta.ru,https://moneta.ru/info/d/ru/public/users/nko.htm
7351,moneta.ru,https://moneta.ru/login.htm
7366,national-lottery.co.uk,https://www.national-lottery.co.uk/life-changing
7366,national-lottery.co.uk,https://www.national-lottery.co.uk/games/powerball/about-powerball
7366,national-lottery.co.uk,https://www.national-lottery.co.uk/games/instant-win-games/1m-cash-multiplier
7366,national-lottery.co.uk,https://www.national-lottery.co.uk/games/instant-win-games/prize-ball-rapid-fire
7374,rae.es,https://www.rae.es/la-institucion
7374,rae.es,https://www.rae.es/la-institucion/la-rae
7374,rae.es,https://www.rae.es/la-institucion/historia
7374,rae.es,https://www.rae.es/la-institucion/organizacion
7393,farming-simulator.com,https://farming-simulator.com/updates.php
7393,farming-simulator.com,https://farming-simulator.com/support.php
7393,farming-simulator.com,https://farming-simulator.com/index.php
7393,farming-simulator.com,https://farming-simulator.com/news.php
7399,in.gr,https://www.in.gr/tags/%CF%85%CF%80%CE%BF%CE%BA%CE%BB%CE%BF%CF%80%CE%AD%CF%82/
7399,in.gr,https://www.in.gr/tags/%CE%BF%CF%80%CE%B5%CE%BA%CE%B5%CF%80%CE%B5/
7399,in.gr,https://www.in.gr/tags/%CE%B1%CE%BA%CF%81%CE%AF%CE%B2%CE%B5%CE%B9%CE%B1/
7399,in.gr,https://www.in.gr/tags/%CF%84%CE%AD%CE%BC%CF%80%CE%B7/
7413,quay.io,https://quay.io/security/
7413,quay.io,https://quay.io/about/
7422,discoveryplus.com,https://auth.discoveryplus.com/login?flow=login
7422,discoveryplus.com,https://auth.discoveryplus.com/product
7422,discoveryplus.com,https://www.discoveryplus.com/terms-of-use
7422,discoveryplus.com,https://www.discoveryplus.com/shows/home-town/68f50d68-b1fa-4617-a564-3a86b7a36709
7429,espn.com.br,https://www.espn.com.br/futebol/liga/_/nome/fifa.world
7429,espn.com.br,https://www.espn.com.br/futebol/
7429,espn.com.br,https://www.espn.com.br/nfl/
7429,espn.com.br,https://www.espn.com.br/nba/
7430,kth.se,https://www.kth.se/utbildning
7430,kth.se,https://www.kth.se/forskning
7430,kth.se,https://www.kth.se/samverkan
7430,kth.se,https://www.kth.se/om
7441,071kk.com,https://071kk.com/assets/contact-form.html
7441,071kk.com,https://071kk.com/index.html
7441,071kk.com,https://071kk.com/assets/terms-of-service.html
7441,071kk.com,https://071kk.com/assets/privacy-policy.html
7452,theonion.com,https://membership.theonion.com/1c
7452,theonion.com,https://theonion.com/news
7452,theonion.com,https://theonion.com/local
7452,theonion.com,https://theonion.com/politics
7456,brasil247.com,https://www.brasil247.com/ultimas-noticias/
7456,brasil247.com,https://www.brasil247.com/poder
7456,brasil247.com,https://www.brasil247.com/brasil
7456,brasil247.com,https://www.brasil247.com/mundo
7462,sb.by,https://www.sb.by/en/
7462,sb.by,https://www.sb.by/en/belarus-pakistan-aim-to-deepen-trade-and-economic-co-operation.html
7462,sb.by,https://www.sb.by/en/agriculture-and-food-ministry-belarus-ready-to-boost-supplies-of-meat-and-dairy-products-to-kazakhst.html
7462,sb.by,https://www.sb.by/en/genes-in-the-crosshairs.html
7463,biography.com,https://www.biography.com/search
7463,biography.com,https://www.biography.com/email/biography-newsletter
7463,biography.com,https://www.biography.com/history-culture
7463,biography.com,https://www.biography.com/musicians
7480,basalam.com,https://basalam.com/landings/home-appliances-grade-b
7480,basalam.com,https://basalam.com/landings/cheap-general-products
7480,basalam.com,https://basalam.com/landings/top-instegram
7480,basalam.com,https://basalam.com/explore/offers17
7485,redislabs.com,https://redis.io/SOCE26/
7485,redislabs.com,https://redis.io/iris/
7485,redislabs.com,https://redis.io/langcache/
7485,redislabs.com,https://redis.io/context-retriever-898/
7491,yadro.ru,https://yadro.ru/stat/
7491,yadro.ru,https://yadro.ru/add
7491,yadro.ru,https://yadro.ru/help/geo-rating.html
7491,yadro.ru,https://yadro.ru/corp/main.html
7507,salesforce-sites.com,https://www.salesforce.com/in/
7507,salesforce-sites.com,https://www.salesforce.com/in/?ir=1
7507,salesforce-sites.com,https://www.salesforce.com/in/agentforce/
7507,salesforce-sites.com,https://www.salesforce.com/in/agentforce/how-it-works/
7529,xbox-dns.ru,https://xbox-dns.ru/ios/xbox-dns.mobileconfig
7529,xbox-dns.ru,https://xbox-dns.ru/test/
7529,xbox-dns.ru,https://xbox-dns.ru/terms.html
7529,xbox-dns.ru,https://xbox-dns.ru/privacy.html
7530,myket.ir,https://myket.ir/games
7530,myket.ir,https://myket.ir/apps
7530,myket.ir,https://myket.ir/video/movie
7530,myket.ir,https://myket.ir/video/series
7534,google.lk,https://mail.google.com/mail/&ogbl
7534,google.lk,https://www.google.com/imghp?hl=en&ogbl
7534,google.lk,https://accounts.google.com/ServiceLogin?hl=en&passive=true&continue=https://www.google.com/&ec=GAZAmgQ
7534,google.lk,https://www.google.com/advanced_search?hl=en-PK&authuser=0
7540,bricks-co.com,https://corporate.sparteo.com/our-mission
7540,bricks-co.com,https://corporate.sparteo.com/corporate-responsability
7540,bricks-co.com,https://corporate.sparteo.com/blog
7540,bricks-co.com,https://corporate.sparteo.com/contact
7542,gov.bc.ca,https://www2.gov.bc.ca/gov/content/home
7542,gov.bc.ca,https://www2.gov.bc.ca/gov/content?id=E08E79740F9C41B9B0C484685CC5E412
7542,gov.bc.ca,https://www2.gov.bc.ca/gov/content/employment-business
7542,gov.bc.ca,https://www2.gov.bc.ca/gov/content/data
7543,carwale.com,https://www.carwale.com/used/sell-car/?originId=8
7543,carwale.com,https://www.carwale.com/used/carvaluation/
7543,carwale.com,https://www.carwale.com/volkswagen-cars/taigun/
7543,carwale.com,https://www.carwale.com/maruti-suzuki-cars/brezza/
7546,sporza.be,https://sporza.be/nl/
7546,sporza.be,https://sporza.be/nl/categorie/voetbal/
7546,sporza.be,https://sporza.be/nl/categorie/wielrennen/
7546,sporza.be,https://sporza.be/nl/categorie/tennis/
7558,signupgenius.com,https://www.signupgenius.com/pricing
7558,signupgenius.com,https://www.signupgenius.com/dashboard/signups/created?create=1&entry_point=top_nav_cta
7558,signupgenius.com,https://www.signupgenius.com/sign-ups
7558,signupgenius.com,https://www.signupgenius.com/payments
7563,paramount.tech,https://paramount.tech/careers/
7563,paramount.tech,https://paramount.tech/careers-warsaw
7563,paramount.tech,https://paramount.tech/blog/
7593,khabaronline.ir,https://www.khabaronline.ir/news/1940521/
7593,khabaronline.ir,https://www.khabaronline.ir/news/822035
7593,khabaronline.ir,https://www.khabaronline.ir/news/822019
7593,khabaronline.ir,https://www.khabaronline.ir/archive
7598,blooket.com,https://www.blooket.com/home
7598,blooket.com,https://id.blooket.com/login
7598,blooket.com,https://id.blooket.com/signup
7598,blooket.com,https://dashboard.blooket.com/upgrade
7603,fca.org.uk,https://www.fca.org.uk/about
7603,fca.org.uk,https://www.fca.org.uk/contact
7603,fca.org.uk,https://www.fca.org.uk/about/what-we-do/the-fca
7603,fca.org.uk,https://www.fca.org.uk/about/what-we-do/enhancing-market-integrity
7632,umu.se,https://www.umu.se/student/
7632,umu.se,https://www.umu.se/forskare/
7632,umu.se,https://www.umu.se/bibliotek/
7632,umu.se,https://www.umu.se/login/student/sv
7635,medicare.gov,https://www.medicare.gov/basics/get-started-with-medicare
7635,medicare.gov,https://www.medicare.gov/talk-to-someone
7635,medicare.gov,https://www.medicare.gov/account/login/?client_id=carecompare&redirect_uri=https://www.medicare.gov/care-compare/oauth&relay=eyJhY3Rpb24iOiJsb2dpbiIsImRhdGEiOnsibGFzdFVybCI6Ii8ifX0%3D
7635,medicare.gov,https://www.medicare.gov/care-compare/
7646,icrc.org,https://www.icrc.org/en/find-help
7646,icrc.org,https://www.icrc.org/en/donate
7646,icrc.org,https://www.icrc.org/en/resource-centre/result
7646,icrc.org,https://www.icrc.org/en
7651,hsbc.com,https://www.hsbc.com/who-we-are
7651,hsbc.com,https://www.hsbc.com/who-we-are/our-strategy-and-values
7651,hsbc.com,https://www.hsbc.com/who-we-are/our-strategy-and-values/our-strategy
7651,hsbc.com,https://www.hsbc.com/who-we-are/our-strategy-and-values/our-values
7670,wordplays.com,https://www.wordplays.com/wordgames/signin.pl?mustsignin=1
7670,wordplays.com,https://www.wordplays.com/wordgames/signin.pl
7670,wordplays.com,https://www.wordplays.com/crossword-solver
7670,wordplays.com,https://www.wordplays.com/wordle
7673,tribunnews.com,https://www.tribunnews.com/live-streaming
7673,tribunnews.com,https://account.tribunnews.com/login/dHJpYnVubmV3cw==/aHR0cHM6Ly93d3cudHJpYnVubmV3cy5jb20v
7673,tribunnews.com,https://account.tribunnews.com/home?navsource=aHR0cHM6Ly93d3cudHJpYnVubmV3cy5jb20v
7673,tribunnews.com,https://account.tribunnews.com/register/dHJpYnVubmV3cw==
7682,creditmutuel.fr,https://www.creditmutuel.fr/home/index.html
7682,creditmutuel.fr,https://www.creditmutuel.fr/fr/banques/particuliers/mobile/rebond.html?Cible=FISBanque&utm_medium=affiliation_m&utm_source=CM&utm_campaign=Fil_rouge_PROMPTO_AUTRE_Conversion_AFF-BTBD&utm_content=Domaine&utm_term=Particulier
7682,creditmutuel.fr,https://www.creditmutuel.fr/fr/particuliers.html
7682,creditmutuel.fr,https://www.creditmutuel.fr/cmmabn/fr/particuliers.html
7691,bp.com,https://www.bp.com/about-us/contact-us
7691,bp.com,https://www.bp.com/about-us/what-we-do/bp-worldwide
7691,bp.com,https://www.bp.com/investors/results-reporting-and-presentations/quarterly-results-and-webcast
7691,bp.com,https://www.bp.com/press-and-publications/energy-in-focus-magazine/production-tech
7692,scholastic.com,https://export.scholastic.com/en
7692,scholastic.com,https://export.scholastic.com/en/catalogs/education-material
7692,scholastic.com,https://export.scholastic.com/en/catalogs/trade-catalog
7692,scholastic.com,https://export.scholastic.com/en/catalogs/teaching-classroom-resources
7707,letour.fr,https://www.letour.fr/en/
7707,letour.fr,https://www.letour.fr/en/club
7707,letour.fr,https://www.letour.fr/en/overall-route
7707,letour.fr,https://www.letour.fr/en/rankings
7711,davivienda.com,https://www.davivienda.com/wps/portal/empresas/nuevo
7711,davivienda.com,https://www.davivienda.com/personas/cuentas/cuenta-de-nomina
7711,davivienda.com,https://www.davivienda.com/personas/cuentas/cuenta-de-ahorro
7711,davivienda.com,https://www.davivienda.com/personas/cuentas/cuenta-pensional
7712,district.in,https://www.district.in/dining/
7712,district.in,https://www.district.in/movies/
7712,district.in,https://www.district.in/events/
7712,district.in,https://www.district.in/events/comedy
7718,catracalivre.com.br,https://catracalivre.com.br/gira
7718,catracalivre.com.br,https://catracalivre.com.br/receitas
7718,catracalivre.com.br,https://catracalivre.com.br/anuncie
7718,catracalivre.com.br,https://catracalivre.com.br/receitas/
7734,ridewithvia.com,https://ridewithvia.com/webinar/intel-from-the-hill?hsLang=en
7734,ridewithvia.com,https://ridewithvia.com/audience/cities?hsLang=en
7734,ridewithvia.com,https://ridewithvia.com/audience/transit-authorities?hsLang=en
7734,ridewithvia.com,https://ridewithvia.com/audience/transit-operators?hsLang=en
7736,naftemporiki.gr,https://www.naftemporiki.gr/finance/me-mia-matia/
7736,naftemporiki.gr,https://www.naftemporiki.gr/chrimatistirio/episkopisi/
7736,naftemporiki.gr,https://www.naftemporiki.gr/chrimatistirio/tablo-cha/
7736,naftemporiki.gr,https://www.naftemporiki.gr/chrimatistirio/real-time/
7738,mcdonalds.co.jp,https://www.mcdonalds.co.jp/menu/
7738,mcdonalds.co.jp,https://www.mcdonalds.co.jp/menu/burger/
7738,mcdonalds.co.jp,https://www.mcdonalds.co.jp/menu/set/
7738,mcdonalds.co.jp,https://www.mcdonalds.co.jp/menu/side/
7743,heapanalytics.com,https://www.heap.io/why-heap/why-product-analytics
7743,heapanalytics.com,https://www.heap.io/why-heap/how-heap-works
7743,heapanalytics.com,https://www.heap.io/compare
7743,heapanalytics.com,https://www.heap.io/dxa-plus-pa-detailed
7755,bunkr.cr,https://bunkr.cr/faq
7755,bunkr.cr,https://bunkr.cr/upload
7755,bunkr.cr,https://bunkr.cr/auth
7766,kenh14.vn,https://kenh14.vn/nhom-chu-de/emagazine.chn
7766,kenh14.vn,https://kenh14.vn/id14.html
7766,kenh14.vn,https://video.kenh14.vn/showlive.chn
7766,kenh14.vn,https://kenh14.vn/star.chn
7779,bigthink.com,https://bigthink.com/plus/
7779,bigthink.com,https://bigthink.com/membership/
7779,bigthink.com,https://bigthink.com/search/?q=critical+thinking
7779,bigthink.com,https://bigthink.com/search/?q=philosophy
7791,jet.su,https://jet.su/services/
7791,jet.su,https://jet.su/services/it-infrastruktura/
7791,jet.su,https://jet.su/services/informatsionnaya-bezopasnost-1/
7791,jet.su,https://jet.su/services/mashinnoe-obuchenie-i-iskusstvennyy-intellekt/
7799,keenetic.ru,https://keenetic.com/global
7799,keenetic.ru,https://keenetic.com/global/products
7799,keenetic.ru,https://keenetic.com/global/how-it-works
7799,keenetic.ru,https://support.keenetic.com/eu/?lang=global
7810,ndmais.com.br,https://ndmais.com.br/nd-play/
7810,ndmais.com.br,https://ndmais.com.br/ultimas/
7810,ndmais.com.br,https://ndmais.com.br/eleicoes/2026/
7810,ndmais.com.br,https://ndmais.com.br/santa-catarina/
7811,danas.rs,https://www.danas.rs/rubrika/podkast/
7811,danas.rs,https://klub.danas.rs/prodavnica/
7811,danas.rs,https://www.danas.rs/newsletter/
7811,danas.rs,https://www.danas.rs/najnovije-vesti/
7818,fanatik.com.tr,https://www.fanatik.com.tr/takim/besiktas/futbol/
7818,fanatik.com.tr,https://www.fanatik.com.tr/takim/fenerbahce/futbol/
7818,fanatik.com.tr,https://www.fanatik.com.tr/takim/galatasaray/futbol/
7818,fanatik.com.tr,https://www.fanatik.com.tr/takim/trabzonspor/futbol/
7836,zerohedge.com,https://www.zerohedge.com/signup
7836,zerohedge.com,https://www.zerohedge.com/contributing-editors
7836,zerohedge.com,https://www.zerohedge.com/the-market-ear
7836,zerohedge.com,https://www.zerohedge.com/spotgamma
7837,mangak.io,https://mangak.io/home
7837,mangak.io,https://mangak.io/about
7837,mangak.io,https://mangak.io/dmca
7837,mangak.io,https://mangak.io/contact
7845,make.com,https://make.com/maia
7845,make.com,https://www.make.com/en
7845,make.com,https://www.make.com/en/talk-to-sales
7845,make.com,https://make.com/en/login
7859,fanfox.net,https://fanfox.net/releases/
7859,fanfox.net,https://fanfox.net/ranking/
7859,fanfox.net,https://fanfox.net/directory/
7859,fanfox.net,https://fanfox.net/login/?from=%2f
7865,cbre.com,https://www.cbre.com/services
7865,cbre.com,https://www.cbre.com/services/invest-finance-and-value
7865,cbre.com,https://www.cbre.com/services/plan-lease-and-occupy
7865,cbre.com,https://www.cbre.com/services/design-and-build
7866,kayzen.io,https://kayzen.io/kai-suite
7866,kayzen.io,https://kayzen.io/customer-acquisition
7866,kayzen.io,https://kayzen.io/retargeting
7866,kayzen.io,https://kayzen.io/brand-performance
7876,brainly.in,https://brainly.in/signup?entry=1&source=unlogged+homepage+header+button
7876,brainly.in,https://brainly.in/all-questions
7876,brainly.in,https://brainly.in/subject/french
7876,brainly.in,https://brainly.in/subject/cbse_board_xii
7877,ge.com,https://www.ge.com/home
7877,ge.com,https://www.ge.com/about-us
7877,ge.com,https://www.ge.com/investor-relations
7877,ge.com,https://www.ge.com/news/
7889,kurashiru.com,https://www.kurashiru.com/lists
7889,kurashiru.com,https://www.kurashiru.com/articles
7889,kurashiru.com,https://www.kurashiru.com/recipe_cards
7889,kurashiru.com,https://www.kurashiru.com/shorts/
7898,tv3.lt,https://www.tv3.lt/rubrika/naujienos/naujausi-straipsniai
7898,tv3.lt,https://www.tv3.lt/rubrika/naujienos/lietuva
7898,tv3.lt,https://www.tv3.lt/rubrika/naujienos/lietuva/aktualijos
7898,tv3.lt,https://www.tv3.lt/orai/
7901,wolvden.com,https://www.wolvden.com/register
7901,wolvden.com,https://www.wolvden.com/lost-password
7901,wolvden.com,https://www.wolvden.com/terms
7901,wolvden.com,https://www.wolvden.com/code
7906,slobodnadalmacija.hr,https://slobodnadalmacija.hr/static/kontakti-slobodna-dalmacija-kontakti-slobodna-dalmacija-1004531?cx_linkref=sd_menu_dojavi%20vijest
7906,slobodnadalmacija.hr,https://slobodnadalmacija.hr/pretraga?cx_linkref=sd_menu_pretraga
7906,slobodnadalmacija.hr,https://slobodnadalmacija.hr/premium?cx_linkref=sd_menu_premium
7906,slobodnadalmacija.hr,https://slobodnadalmacija.hr/najnovije?cx_linkref=sd_menu_najnovije
7928,tezenis.com,https://www.tezenis.com/world/
7928,tezenis.com,https://www.tezenis.com/be/
7928,tezenis.com,https://www.tezenis.com/cy/
7928,tezenis.com,https://www.tezenis.com/dk/
7939,digitalaudience.io,https://digitalaudience.io/platform/
7939,digitalaudience.io,https://digitalaudience.io/integrations/
7939,digitalaudience.io,https://digitalaudience.io/pricing/
7939,digitalaudience.io,https://digitalaudience.io/pricing/starter/
7941,tportal.hr,https://www.tportal.hr/imenik
7941,tportal.hr,https://tportal.hr/popularno
7941,tportal.hr,https://tportal.hr/najnovije-vijesti
7941,tportal.hr,https://tportal.hr/supersport-hnl
7954,matrix.org,https://matrix.org/foundation
7954,matrix.org,https://matrix.org/foundation/about/
7954,matrix.org,https://matrix.org/foundation/members/
7954,matrix.org,https://matrix.org/foundation/governing-board/
7961,bms.com,https://www.bms.com/contact-us.html
7961,bms.com,https://www.bms.com/investors.html
7961,bms.com,https://www.bms.com/life-and-science/science/advancing-research-in-protein-degradation-with-unique-approach.html
7961,bms.com,https://www.bms.com/life-and-science/science/coordinating-clinical-trials-to-advance-medicines-through-gps.html
7968,google.ci,https://mail.google.com/mail/&ogbl
7968,google.ci,https://www.google.com/imghp?hl=en&ogbl
7968,google.ci,https://accounts.google.com/ServiceLogin?hl=en&passive=true&continue=https://www.google.com/&ec=GAZAmgQ
7968,google.ci,https://www.google.com/advanced_search?hl=en-PK&authuser=0
7970,bill.com,https://www.bill.com/product/accounts-payable
7970,bill.com,https://www.bill.com/product/accounts-receivable
7970,bill.com,https://www.bill.com/product/cash-flow-forecasting
7970,bill.com,https://www.bill.com/integrations
7981,domaintechnik.at,https://www.domaintechnik.at/domain-kaufen/
7981,domaintechnik.at,https://www.domaintechnik.at/domain-preise/
7981,domaintechnik.at,https://www.domaintechnik.at/domain-transfer/
7981,domaintechnik.at,https://www.domaintechnik.at/ai-domain-generator/
7990,alura.com.br,https://www.alura.com.br/planos-cursos-online
7990,alura.com.br,https://www.alura.com.br/carreiras
7990,alura.com.br,https://www.alura.com.br/talent-lab
7990,alura.com.br,https://www.alura.com.br/ia
8006,cryoutcreations.eu,https://www.cryoutcreations.eu/wordpress-themes
8006,cryoutcreations.eu,https://www.cryoutcreations.eu/wordpress-themes/bravada
8006,cryoutcreations.eu,https://www.cryoutcreations.eu/wordpress-themes/esotera
8006,cryoutcreations.eu,https://www.cryoutcreations.eu/wordpress-themes/roseta
8009,soha.vn,https://soha.vn/house-n-home.html
8009,soha.vn,https://soha.vn/hanh-trinh-bat-tan.html
8009,soha.vn,https://soha.vn/soha-special.html
8009,soha.vn,https://soha.vn/soha-shorts.htm
8011,njuskalo.hr,https://www.njuskalo.hr/prijava/
8011,njuskalo.hr,https://www.njuskalo.hr/registracija/?context=
8011,njuskalo.hr,https://www.njuskalo.hr/auto-moto
8011,njuskalo.hr,https://www.njuskalo.hr/nekretnine
8038,gag.gg,https://gag.gg/contest/
8038,gag.gg,https://gag.gg/api/auth/roblox/login
8038,gag.gg,https://gag.gg/profile/
8038,gag.gg,https://gag.gg/vi/
8050,donya-e-eqtesad.com,https://donya-e-eqtesad.com/newsstudios/search
8050,donya-e-eqtesad.com,https://donya-e-eqtesad.com/بخش-%D8%AE%D8%A8%D8%B1-%D8%AF%DB%8C%D9%BE%D9%84%D9%85%D8%A7%D8%B3%DB%8C-64
8050,donya-e-eqtesad.com,https://donya-e-eqtesad.com/بخش-%D8%B3%DB%8C%D8%A7%D8%B3%D8%AA-%D8%AF%D8%A7%D8%AE%D9%84%DB%8C-182
8050,donya-e-eqtesad.com,https://donya-e-eqtesad.com/بخش-%D8%B3%DB%8C%D8%A7%D8%B3%D8%AA-%D8%AE%D8%A7%D8%B1%D8%AC%DB%8C-181
8053,uba.ar,https://internacionales.uba.ar/en/
8053,uba.ar,https://uba.ar/autoridades
8053,uba.ar,https://uba.ar/consejo-superior
8053,uba.ar,https://muba.uba.ar/cronologia/
8062,bl.uk,https://www.bl.uk/collection
8062,bl.uk,https://www.bl.uk/visit
8062,bl.uk,https://www.bl.uk/stories
8062,bl.uk,https://www.bl.uk/about
8064,bamboohr.com,https://www.bamboohr.com/fragments/modals/demo
8064,bamboohr.com,https://www.bamboohr.com/platform/ai
8064,bamboohr.com,https://www.bamboohr.com/platform/employee-experience/recognition-and-rewards
8064,bamboohr.com,https://www.bamboohr.com/platform/hr-data-and-reporting/
8066,sbb.rs,https://sbb.rs/podrska/vesti-i-informacije/
8066,sbb.rs,https://sbb.rs/o-kompaniji/
8066,sbb.rs,https://sbb.rs/podrska/kontakt/prodajna-mesta/
8066,sbb.rs,https://www.sbb.rs/paketi/net-tv-plus/
8068,bio.site,https://biosites.com/editor?loginUser=true
8068,bio.site,https://biosites.com/editor
8068,bio.site,https://blog.biosites.com/blog/sell-digital-products-through-your-link-in-bio
8068,bio.site,https://blog.biosites.com/blog/monetize-your-time-through-your-link-in-bio
8069,modsfire.com,https://modsfire.com/points
8069,modsfire.com,https://modsfire.com/blog
8069,modsfire.com,https://modsfire.com/contact-us
8069,modsfire.com,https://modsfire.com/login
8073,miraheze.org,https://meta.miraheze.org/wiki/Special:MyLanguage/Miraheze:About
8073,miraheze.org,https://meta.miraheze.org/wiki/Special:MyLanguage/Donate
8073,miraheze.org,https://meta.miraheze.org/wiki/Special:MyLanguage/FAQ
8073,miraheze.org,https://meta.miraheze.org/wiki/Special:MyLanguage/Help_center
8077,google.mn,https://mail.google.com/mail/&ogbl
8077,google.mn,https://www.google.com/imghp?hl=en&ogbl
8077,google.mn,https://accounts.google.com/ServiceLogin?hl=en&passive=true&continue=https://www.google.com/&ec=GAZAmgQ
8077,google.mn,https://www.google.com/advanced_search?hl=en-PK&authuser=0
8109,deakin.edu.au,https://www.deakin.edu.au/library
8109,deakin.edu.au,https://www.deakin.edu.au/deakinhub
8109,deakin.edu.au,https://www.deakin.edu.au/students
8109,deakin.edu.au,https://www.deakin.edu.au/student-life-and-services/past-students-alumni
8119,delaware.gov,https://delaware.gov/state-directory
8119,delaware.gov,https://delaware.gov/guides/
8119,delaware.gov,https://delaware.gov/contact
8119,delaware.gov,https://education.delaware.gov/families/k12/general-information/public-school-list/
8128,uncn.jp,https://unicorn.inc/platform/
8128,uncn.jp,https://unicorn.inc/about/
8128,uncn.jp,https://unicorn.inc/recruitment/
8128,uncn.jp,https://unicorn.inc/support/
8129,acuityscheduling.com,https://acuityscheduling.com/get-started?type=professional&btn=nav
8129,acuityscheduling.com,https://acuityscheduling.com/features/how-acuity-works?nav-ref=navbar
8129,acuityscheduling.com,https://acuityscheduling.com/solutions/beauty?nav-ref=navbar&dropdown-ref=solutions
8129,acuityscheduling.com,https://acuityscheduling.com/solutions/business-services?nav-ref=navbar&dropdown-ref=solutions
8150,modland.net,https://www.modland.net/forums
8150,modland.net,https://www.modland.net/news
8150,modland.net,https://www.modland.net/trending-mods
8150,modland.net,https://www.modland.net/most-downloaded-mods
8156,huanqiu.com,https://china.huanqiu.com/topic/lhzg
8156,huanqiu.com,https://china.huanqiu.com/topic/fjxzc
8156,huanqiu.com,https://i.huanqiu.com/register
8156,huanqiu.com,https://tech.huanqiu.com/diginews/
8167,nrdc.org,https://action.nrdc.org/donation/4975-summer-ngsc-051226?initms=WBSNASUMDONC30526&ms=WBSNASUMDONC30526
8167,nrdc.org,https://action.nrdc.org/donation/4975-summer-ngsc-051226?recurring=0&initms=WBSNASUMDONC305261&ms=WBSNASUMDONC305261
8167,nrdc.org,https://www.nrdc.org/climate-crisis
8167,nrdc.org,https://www.nrdc.org/stories/what-climate-change
8183,pixnet.net,https://www.pixnet.net/mass-trial
8183,pixnet.net,https://www.pixnet.net/channel/domestic
8183,pixnet.net,https://www.pixnet.net/channel/abroad
8183,pixnet.net,https://www.pixnet.net/channel/food-diary
8203,tudn.com,https://www.tudn.com/futbol/partidos-de-futbol-para-hoy-en-vivo
8203,tudn.com,https://www.tudn.com/futbol/liga-mx
8203,tudn.com,https://www.tudn.com/futbol/liga-mx/resultados
8203,tudn.com,https://www.tudn.com/futbol/liga-mx/posiciones
8206,ngl.link,https://ngl.link/About
8206,ngl.link,https://ngl.link/safety/our-approach-to-safety
8206,ngl.link,https://ngl.link/blog
8207,lexmark.com,https://www.lexmark.com/en_us.html
8207,lexmark.com,https://www.lexmark.com/en_us/printers.html
8207,lexmark.com,https://www.lexmark.com/en_us/printers/enterprise-printer-finder.html
8207,lexmark.com,https://www.lexmark.com/en_us/printers/enterprise-overview.html
8209,authorize.net,https://www.authorize.net/support.html
8209,authorize.net,https://www.authorize.net/developers.html
8209,authorize.net,https://www.authorize.net/sign-up/pricing.html
8209,authorize.net,https://www.authorize.net/payments.html
8214,dinamalar.com,https://www.dinamalar.com/dinamalartv
8214,dinamalar.com,https://www.dinamalar.com/podcast
8214,dinamalar.com,https://www.dinamalar.com/thirukural
8214,dinamalar.com,https://www.dinamalar.com/kadal-thamarai-tvr-history
8228,ilportaledellautomobilista.it,https://www.ilportaledellautomobilista.it/web/portale-automobilista/chi-siamo
8228,ilportaledellautomobilista.it,https://www.ilportaledellautomobilista.it/web/portale-automobilista/news-e-circolari
8228,ilportaledellautomobilista.it,https://www.ilportaledellautomobilista.it/catalogo-prodotti/spa-noauth/
8228,ilportaledellautomobilista.it,https://www.ilportaledellautomobilista.it/web/portale-automobilista/assistenza
8233,google.is,https://mail.google.com/mail/&ogbl
8233,google.is,https://www.google.com/imghp?hl=en&ogbl
8233,google.is,https://accounts.google.com/ServiceLogin?hl=en&passive=true&continue=https://www.google.com/&ec=GAZAmgQ
8233,google.is,https://www.google.com/advanced_search?hl=en-PK&authuser=0
8248,publictracker.xyz,http://publictracker.xyz/transparency.html
8257,personal.com.ar,https://www.personal.com.ar/pymes
8257,personal.com.ar,https://www.personal.com.ar/tech
8257,personal.com.ar,https://www.personal.com.ar/planes-internet-movil
8257,personal.com.ar,https://www.personal.com.ar/internet
8265,hochi.news,https://hochi.news/tag/STARGLOW
8265,hochi.news,https://hochi.news/yohakuto/
8265,hochi.news,https://hochi.news/tag/%E5%B7%A8%E4%BA%BA
8265,hochi.news,https://hochi.news/tag/%EF%BC%AD%EF%BC%AC%EF%BC%A2
8292,playmods.net,https://playmods.net/game/category/all/newest-mod
8292,playmods.net,https://playmods.net/game/category/adventure/newest-mod
8292,playmods.net,https://playmods.net/game/category/arcade/newest-mod
8292,playmods.net,https://playmods.net/game/category/action/newest-mod
8294,etisalatdomains.ae,https://www.nic.ae/login.html
8294,etisalatdomains.ae,https://www.nic.ae/masterFlow.html?_flowId=masterFlow&act=viewShoppingCart&searchType=single&from=wam
8294,etisalatdomains.ae,https://www.nic.ae/masterFlow.html?&act=RG&searchType=single
8294,etisalatdomains.ae,https://www.nic.ae/masterFlow.html?_ky=1E20299BBEE725D3C6715DAF0F20CECA&act=RG&searchType=single&execution=e1s1
8300,beatport.com,https://www.beatport.com/staff-picks
8300,beatport.com,http://greenroom.beatport.com/tickets?utm_medium=bp_store_banner&utm_source=bp_store&utm_campaign=2025_evergreen_greenroom&utm_content=banner
8300,beatport.com,https://www.beatport.com/subscriptions
8300,beatport.com,https://www.beatport.com/my-beatport
8303,moe.gov.my,https://www.moe.gov.my/sitemap
8303,moe.gov.my,https://www.moe.gov.my/hubungi-kami
8303,moe.gov.my,https://www.moe.gov.my/soalan-lazim
8303,moe.gov.my,https://www.moe.gov.my/korporat
8304,happymail.co.jp,https://happymail.co.jp/about/?Log=newpc
8304,happymail.co.jp,https://happymail.co.jp/price/?Log=newpc
8304,happymail.co.jp,https://happymail.co.jp/coupleReport/?Log=newpc
8304,happymail.co.jp,https://happymail.co.jp/faq/?Log=newpc
8309,ewg.org,https://www.ewg.org/skindeep/
8309,ewg.org,https://www.ewg.org/tapwater/
8309,ewg.org,https://www.ewg.org/ewgverified/
8309,ewg.org,https://www.ewg.org/podcast
8316,giize.com,https://www.dynu.com/ControlPanel/AddDomainRegistration
8316,giize.com,https://www.dynu.com/DynamicDNS/IPUpdateClient/WindowsClient
8316,giize.com,https://www.dynu.com/DynamicDNS/IPUpdateClient/MacOSX
8316,giize.com,https://www.dynu.com/DynamicDNS/IPUpdateClient/DDClient
8324,ezoicns.com,https://www.ezoic.com/monetize
8324,ezoicns.com,https://www.ezoic.com/advertisers
8324,ezoicns.com,https://www.ezoic.com/grow-your-site
8324,ezoicns.com,https://www.ezoic.com/contact-sales
8326,javhd.today,https://javhd.today/user/signup/
8326,javhd.today,https://javhd.today/user/login/
8326,javhd.today,https://javhd.today/cn/
8326,javhd.today,https://javhd.today/in/
8341,69shuba.com,https://69shuba.com/novels/hot
8341,69shuba.com,https://69shuba.com/novels/male
8341,69shuba.com,https://69shuba.com/novels/female
8341,69shuba.com,https://69shuba.com/novels/full
8352,wakelet.com,https://wakelet.com/site/education/for-education
8352,wakelet.com,https://wakelet.com/site/education/schools
8352,wakelet.com,https://wakelet.com/site/education/higher-education
8352,wakelet.com,https://wakelet.com/site/education/teams
8360,antena3.ro,https://www.antena3.ro/politica/
8360,antena3.ro,https://www.antena3.ro/video/
8360,antena3.ro,https://www.antena3.ro/live/
8360,antena3.ro,https://www.antena3.ro/actualitate/
8407,movieboxpro.app,https://www.movieboxpro.app/index/login
8407,movieboxpro.app,https://www.movieboxpro.app/index/login/qrcode
8407,movieboxpro.app,https://www.movieboxpro.app/index/login/code_login
8408,showroomprive.com,https://www.showroomprive.com/opco/showroomby
8408,showroomprive.com,https://www.showroomprive.com/univers-srp/mode?u=1
8408,showroomprive.com,https://www.showroomprive.com/ope/universmaison?u=4
8408,showroomprive.com,https://www.showroomprive.com/univers-srp/enfant?u=3
8414,livesport.cz,https://www.livesport.cz/zpravy/
8414,livesport.cz,https://www.livesport.cz/oblibene/
8414,livesport.cz,https://www.livesport.cz/hokej/
8414,livesport.cz,https://www.livesport.cz/tenis/
8416,forth.gr,https://www.forth.gr/en/home/
8416,forth.gr,https://www.forth.gr/en/projects/&catid=5
8416,forth.gr,https://www.forth.gr/en/content/EURAXESS-HRS4R.124/
8416,forth.gr,https://www.forth.gr/en/projects/&catid=3
8417,weebcentral.com,https://weebcentral.com/search
8417,weebcentral.com,https://weebcentral.com/general-chat
8417,weebcentral.com,https://weebcentral.com/series/random
8417,weebcentral.com,https://weebcentral.com/hot-updates
8424,13o.net,https://13o.net/privacy.html
8424,13o.net,https://13o.net/terms.html
8426,cameraprive.com,https://cameraprive.com/br/
8426,cameraprive.com,https://cameraprive.com/br/transex
8426,cameraprive.com,https://cameraprive.com/br/guys
8426,cameraprive.com,https://cameraprive.com/br/transguys
8439,deepmind.google,https://deepmind.google/models/
8439,deepmind.google,https://deepmind.google/models/gemini/
8439,deepmind.google,https://deepmind.google/models/gemini-omni/
8439,deepmind.google,https://deepmind.google/models/gemini-image/
8440,saveclip.app,https://saveclip.app/en8
8440,saveclip.app,https://saveclip.app/en8/download-video-instagram
8440,saveclip.app,https://saveclip.app/en8/instagram-photo-download
8440,saveclip.app,https://saveclip.app/en8/instagram-reels-video-download
8441,wartank.ru,https://wartank.ru/start;jsessionid=BBB6827169827516BBF307777729A032
8441,wartank.ru,https://wartank.ru/about;jsessionid=BBB6827169827516BBF307777729A032
8444,archive-digger.com,https://www.archive-digger.com/policy.html
8444,archive-digger.com,https://www.archive-digger.com/terms.html
8444,archive-digger.com,https://www.archive-digger.com/open-source.html
8452,mangaread.org,https://www.mangaread.org/manga/?m_orderby=views
8452,mangaread.org,https://www.mangaread.org/genres/completed/
8452,mangaread.org,https://www.mangaread.org/chat-mangaread/
8452,mangaread.org,https://www.mangaread.org/manga/?m_orderby=new-manga
8462,drikpanchang.com,https://www.drikpanchang.com/settings/drikpanchang-settings.html
8462,drikpanchang.com,https://www.drikpanchang.com/astronomy/sunrisemoonrise/daily/sunrisemoonrise.html
8462,drikpanchang.com,https://www.drikpanchang.com/panchang/hindu-panchangs.html
8462,drikpanchang.com,https://www.drikpanchang.com/panchang/month-panchang.html
8482,emojicombos.com,https://emojicombos.com/dot-art-generator
8482,emojicombos.com,https://emojicombos.com/dot-art-editor
8482,emojicombos.com,https://emojicombos.com/emoji-art-editor
8482,emojicombos.com,https://emojicombos.com/privacy.html
8487,opinary.com,https://opinary.com/brands/
8487,opinary.com,https://opinary.com/marketinggoal/
8487,opinary.com,https://opinary.com/our-tools-ad-formats/
8487,opinary.com,https://opinary.com/success-stories-brands/
8496,wireguard.com,https://www.wireguard.com/install/
8496,wireguard.com,https://www.wireguard.com/quickstart/
8496,wireguard.com,https://www.wireguard.com/compilation/
8496,wireguard.com,https://www.wireguard.com/protocol/
8502,homecenter.com.co,https://www.homecenter.com.co/homecenter-co/landing/web-tracking/order/
8502,homecenter.com.co,https://www.homecenter.com.co/homecenter-co/
8502,homecenter.com.co,https://www.homecenter.com.co/homecenter-co/cart/
8502,homecenter.com.co,https://www.homecenter.com.co/homecenter-co/notificacionesjudiciales@homecenter.co
8521,asianwiki.com,https://asianwiki.com/Main_Page
8521,asianwiki.com,https://asianwiki.com/The_Apartment_Job
8521,asianwiki.com,"https://asianwiki.com/My_Bias,_My_Boss"
8521,asianwiki.com,https://asianwiki.com/The_Husband_(Korean_Drama)
8530,samarth.edu.in,https://samarth.edu.in/about/
8530,samarth.edu.in,https://samarth.edu.in/samarth-visual-guide-2/
8530,samarth.edu.in,https://samarth.edu.in/product-guide/
8530,samarth.edu.in,https://samarth.edu.in/connect/
8532,iskur.gov.tr,https://iskur.gov.tr/kurumsal/bilgi-sayfalari/turkiye-is-kurumu-cerez-politikasi/
8532,iskur.gov.tr,https://iskur.gov.tr/en/
8532,iskur.gov.tr,https://iskur.gov.tr/kurumsal/bakan/
8532,iskur.gov.tr,https://iskur.gov.tr/kurumsal/teskilat-yapisi/genel-mudur-samet-gunes/
8536,kingmods.net,https://www.kingmods.net/en/
8536,kingmods.net,https://www.kingmods.net/fr/
8536,kingmods.net,https://www.kingmods.net/de/
8536,kingmods.net,https://www.kingmods.net/pl/
8556,shonenjumpplus.com,https://shonenjumpplus.com/article/information_1001
8556,shonenjumpplus.com,https://shonenjumpplus.com/password_reset
8556,shonenjumpplus.com,https://shonenjumpplus.com/article/terms_of_service
8556,shonenjumpplus.com,https://shonenjumpplus.com/series
8568,amazon.jobs,https://amazon.jobs/en
8568,amazon.jobs,https://amazon.jobs/en/business_categories
8568,amazon.jobs,https://amazon.jobs/en/locations
8568,amazon.jobs,https://amazon.jobs/en/job_categories
8577,netafraz.com,https://clients.netafraz.com/clientarea.php
8577,netafraz.com,https://www.netafraz.com/میزبانی-وب-اقتصادی
8577,netafraz.com,https://www.netafraz.com/میزبانی-وب-استاندارد
8577,netafraz.com,https://www.netafraz.com/میزبانی-وب-حرفه‌ای
8578,pestpac.com,https://www.pestpac.com/fintech
8578,pestpac.com,https://www.pestpac.com/wavelytics
8578,pestpac.com,https://www.pestpac.com/contact-us
8578,pestpac.com,https://www.pestpac.com/blog
8598,readli.net,https://readli.net/avtoryi/
8598,readli.net,https://readli.net/zhanryi/
8598,readli.net,https://readli.net/ya-i-bab-k-a-ya-i-mag/
8598,readli.net,https://readli.net/avtor/gusina-darya/
8602,steamrip.com,https://steamrip.com/category/action/
8602,steamrip.com,https://steamrip.com/category/adventure/
8602,steamrip.com,https://steamrip.com/category/anime/
8602,steamrip.com,https://steamrip.com/category/building/
8605,mattermost.com,https://mattermost.com/blog/introducing-mattermost-enterprise-advanced/
8605,mattermost.com,https://mattermost.com/platform-overview/
8605,mattermost.com,https://mattermost.com/channels/
8605,mattermost.com,https://mattermost.com/playbooks/
8617,fischipedia.org,https://fischipedia.org/wiki/Special:CreateAccount?returnto=Fisch+Wiki
8617,fischipedia.org,https://fischipedia.org/wiki/Special:UserLogin?returnto=Fisch+Wiki
8617,fischipedia.org,https://fischipedia.org/wiki/Fisch_Wiki
8617,fischipedia.org,https://fischipedia.org/wiki/Talk:Fisch_Wiki
8624,filmmakinesi.to,https://filmmakinesi.to/kesfet/
8624,filmmakinesi.to,https://filmmakinesi.to/filmler-1/
8624,filmmakinesi.to,https://filmmakinesi.to/yabanci-dizi-izle-1/
8624,filmmakinesi.to,https://filmmakinesi.to/kanallar/
8628,cocacola.co.jp,https://www.coca-cola.com/jp/ja
8628,cocacola.co.jp,https://www.coca-cola.com/jp/ja/brands
8628,cocacola.co.jp,https://www.coca-cola.com/jp/ja/environment
8628,cocacola.co.jp,https://www.coca-cola.com/jp/ja/social
8635,impots.gouv.fr,https://www.impots.gouv.fr/accueil
8635,impots.gouv.fr,https://cfspro.impots.gouv.fr/mire/accueil.do
8635,impots.gouv.fr,https://www.impots.gouv.fr/contacts
8635,impots.gouv.fr,https://www.impots.gouv.fr/particulier
8666,google.tn,https://mail.google.com/mail/&ogbl
8666,google.tn,https://www.google.com/imghp?hl=en&ogbl
8666,google.tn,https://accounts.google.com/ServiceLogin?hl=en&passive=true&continue=https://www.google.com/&ec=GAZAmgQ
8666,google.tn,https://www.google.com/advanced_search?hl=en-PK&authuser=0
8671,cnn.gr,https://www.cnn.gr/eidhseis
8671,cnn.gr,https://www.cnn.gr/politiki
8671,cnn.gr,https://www.cnn.gr/oikonomia
8671,cnn.gr,https://www.cnn.gr/ellada
8673,google.as,https://mail.google.com/mail/&ogbl
8673,google.as,https://www.google.com/imghp?hl=en&ogbl
8673,google.as,https://accounts.google.com/ServiceLogin?hl=en&passive=true&continue=https://www.google.com/&ec=GAZAmgQ
8673,google.as,https://www.google.com/advanced_search?hl=en-PK&authuser=0
8679,whatwg.org,https://html.spec.whatwg.org/multipage/
8679,whatwg.org,https://whatwg.org/faq
8679,whatwg.org,https://whatwg.org/policies
8679,whatwg.org,https://whatwg.org/chat
8688,sssinstagram.com,https://sssinstagram.com/ar
8688,sssinstagram.com,https://sssinstagram.com/bn
8688,sssinstagram.com,https://sssinstagram.com/cs
8688,sssinstagram.com,https://sssinstagram.com/de
8694,olympusxyz.com,https://olympusxyz.com/series
8694,olympusxyz.com,https://olympusxyz.com/rankings
8694,olympusxyz.com,https://olympusxyz.com/capitulos
8694,olympusxyz.com,https://olympusxyz.com/series/comic-han-pasado-30-anos-desde-el-prologo
8696,internshala.com,https://internshala.com/login/get_google/student
8696,internshala.com,https://internshala.com/login/forgot_password
8696,internshala.com,https://internshala.com/registration/student
8696,internshala.com,https://internshala.com/employer
8699,ss.lv,https://www.ss.lv/lv/
8699,ss.lv,https://www.ss.lv/lv/new/
8699,ss.lv,https://www.ss.lv/lv/login/
8699,ss.lv,https://www.ss.lv/lv/search/
8703,google.kg,https://mail.google.com/mail/&ogbl
8703,google.kg,https://www.google.com/imghp?hl=en&ogbl
8703,google.kg,https://accounts.google.com/ServiceLogin?hl=en&passive=true&continue=https://www.google.com/&ec=GAZAmgQ
8703,google.kg,https://www.google.com/advanced_search?hl=en-PK&authuser=0
8705,camel1.tv,https://www.camel1.tv/q/news
8705,camel1.tv,https://www.camel1.tv/my
8705,camel1.tv,https://www.camel1.tv/football/rangers-f-c-vs-jagiellonia-bialystok/6ypq3nhv9233md7
8705,camel1.tv,https://www.camel1.tv/r/league/UEFA%20Europa%20League
8708,google.cat,https://mail.google.com/mail/&ogbl
8708,google.cat,https://www.google.com/imghp?hl=en&ogbl
8708,google.cat,https://accounts.google.com/ServiceLogin?hl=en&passive=true&continue=https://www.google.com/&ec=GAZAmgQ
8708,google.cat,https://www.google.com/advanced_search?hl=en-PK&authuser=0
8709,onlinejobs.ph,https://www.onlinejobs.ph/pricing
8709,onlinejobs.ph,https://www.onlinejobs.ph/real-results
8709,onlinejobs.ph,https://www.onlinejobs.ph/register-employer?1&redirect=%2Femployers%2Fpostjob
8709,onlinejobs.ph,https://www.onlinejobs.ph/jobseekers/jobsearch
8717,google.bj,https://mail.google.com/mail/&ogbl
8717,google.bj,https://www.google.com/imghp?hl=en&ogbl
8717,google.bj,https://accounts.google.com/ServiceLogin?hl=en&passive=true&continue=https://www.google.com/&ec=GAZAmgQ
8717,google.bj,https://www.google.com/advanced_search?hl=en-PK&authuser=0
8732,fdating.com,https://fdating.com/password
8732,fdating.com,https://fdating.com/gallery
8732,fdating.com,https://fdating.com/search
8732,fdating.com,https://fdating.com/signUp
8755,loilonote.app,https://loilonote.app/login/lns?backTo=%2F
8755,loilonote.app,https://loilonote.app/login/google?backTo=%2F
8755,loilonote.app,https://loilonote.app/login/azure?backTo=%2F
8755,loilonote.app,https://loilonote.app/login?hl=ja-JP
8769,sourceforge.io,https://sourceforge.net/auth/
8769,sourceforge.io,https://sourceforge.net/software/
8769,sourceforge.io,https://sourceforge.net/directory/
8769,sourceforge.io,https://sourceforge.net/software/vendors/
8775,anker.com,https://www.anker.com/back-to-school-sale?ref=image_hero_banner
8775,anker.com,https://www.anker.com/world-first-45w-smart-display-iphone-charger?ref=image_hero_banner
8775,anker.com,https://www.anker.com/products/a25n1-anker-prime-qi2-25w-foldable-3-in-1-wireless-charger?ref=image_p1_banner
8775,anker.com,https://www.anker.com/products/a9196-70w-desk-clamp-usb-power-strip?ref=image_p1_banner
8788,epey.com,https://www.epey.com/uye/
8788,epey.com,https://www.epey.com/akilli-telefonlar/
8788,epey.com,https://www.epey.com/akilli-telefonlar/xiaomi/
8788,epey.com,https://www.epey.com/akilli-telefonlar/huawei/
8794,manhuagui.com,https://www.manhuagui.com/support/shortcut.ashx
8794,manhuagui.com,https://www.manhuagui.com/list/
8794,manhuagui.com,https://www.manhuagui.com/list/japan/
8794,manhuagui.com,https://www.manhuagui.com/list/hongkong/
8801,sefan.ru,https://sefan.ru/best/?lan=ru&style=2
8801,sefan.ru,https://sefan.ru/loads/search.php?lan=ru&style=2
8801,sefan.ru,https://sefan.ru/loads/?l=games&new&lan=ru&style=2
8801,sefan.ru,https://sefan.ru/loads.php?lan=ru&style=2
8814,milli.gold,https://milli.gold/help/
8814,milli.gold,https://milli.gold/main/terms/
8814,milli.gold,https://milli.gold/main/license/
8814,milli.gold,https://milli.gold/landing/
8820,superawesome.tv,https://www.superawesome.com/advertisers/
8820,superawesome.tv,https://www.superawesome.com/awesomeads-for-content-owners-and-platforms/
8820,superawesome.tv,https://www.superawesome.com/creators-influencers/
8820,superawesome.tv,https://www.superawesome.com/parents-policy-makers/
8834,jkanime.net,https://jkanime.net/dash/editar-perfil
8834,jkanime.net,https://jkanime.net/usuario/$me
8834,jkanime.net,https://jkanime.net/dash/comentarios
8834,jkanime.net,https://jkanime.net/notificaciones
8836,online-reservations.com,https://online-reservations.com/default.asp?page=carhire
8836,online-reservations.com,https://online-reservations.com/Inspiration
8836,online-reservations.com,https://online-reservations.com/default.asp?page=guarantee
8836,online-reservations.com,https://www.online-reservations.com/4-Star-Hotels-Buenos-Aires
8844,gwdg.de,https://gwdg.de/news/
8844,gwdg.de,https://gwdg.de/services/
8844,gwdg.de,https://gwdg.de/hpc/
8844,gwdg.de,https://gwdg.de/fdm/
8845,sch.gr,https://www.sch.gr/assist/registerintro/
8845,sch.gr,https://register.sch.gr/password/change_password/
8845,sch.gr,https://www.sch.gr/syndesi.html
8845,sch.gr,https://www.sch.gr/news/
8854,danword.com,https://www.danword.com/crossword/Land_and_its_buildings
8854,danword.com,https://www.danword.com/crossword/Recognizing_the_intentions_of
8854,danword.com,https://www.danword.com/crossword/Distress_at_sea_message
8854,danword.com,https://www.danword.com/crossword/Where_the_strike_zone_begins
8857,freejobalert.com,https://www.freejobalert.com/government-jobs/
8857,freejobalert.com,https://www.freejobalert.com/state-government-jobs/
8857,freejobalert.com,https://www.freejobalert.com/bank-jobs/
8857,freejobalert.com,https://www.freejobalert.com/teaching-faculty-jobs/
8860,natomanga.com,https://www.natomanga.com/official
8860,natomanga.com,https://www.natomanga.com/manga-list/latest-manga
8860,natomanga.com,https://www.natomanga.com/manga-list/hot-manga
8860,natomanga.com,https://www.natomanga.com/manga-list/new-manga
8870,timebucks.com,https://timebucks.com/index.php?pg=termsandcondition
8870,timebucks.com,https://timebucks.com/index.php?pg=privacy
8870,timebucks.com,https://timebucks.com/index.php?pg=faq
8870,timebucks.com,https://timebucks.com/index.php?pg=aboutus
8875,mail-archive.com,https://mail-archive.com/search?l=all&q=lists.debian.org
8875,mail-archive.com,https://mail-archive.com/search?l=all&q=lists.archlinux.org
8875,mail-archive.com,https://mail-archive.com/search?l=all&q=lists.llvm.org
8875,mail-archive.com,https://mail-archive.com/search?l=all&q=freebsd.org
8876,hawaii.gov,https://portal.ehawaii.gov/home/online-services
8876,hawaii.gov,https://portal.ehawaii.gov/government/departments-and-agencies
8876,hawaii.gov,https://portal.ehawaii.gov/home/latest-news
8876,hawaii.gov,https://calendar.ehawaii.gov/calendar/
8878,deine-tierwelt.de,https://www.deine-tierwelt.de/kleinanzeigen/tiermarkt-c5320/
8878,deine-tierwelt.de,https://www.deine-tierwelt.de/kleinanzeigen/hunde-c4087/
8878,deine-tierwelt.de,https://www.deine-tierwelt.de/kleinanzeigen/katzen-c4089/
8878,deine-tierwelt.de,https://www.deine-tierwelt.de/kleinanzeigen/pferde-c4091/
8888,vivastreet.co.uk,https://www.vivastreet.co.uk/blog/a-great-new-way-to-search-on-vivastreet/
8888,vivastreet.co.uk,https://www.vivastreet.co.uk/post
8888,vivastreet.co.uk,https://www.vivastreet.co.uk/s/corporate_responsibility
8888,vivastreet.co.uk,https://www.vivastreet.co.uk/blog
8894,libramemoria.com,https://www.libramemoria.com/e-services/Login
8894,libramemoria.com,https://www.libramemoria.com/protection-des-donnees
8894,libramemoria.com,https://www.libramemoria.com/espace-client/cgu
8894,libramemoria.com,https://www.libramemoria.com/contact
8897,eredmenyek.com,https://www.eredmenyek.com/kedvencek/
8897,eredmenyek.com,https://www.eredmenyek.com/jegkorong/
8897,eredmenyek.com,https://www.eredmenyek.com/kosarlabda/
8897,eredmenyek.com,https://www.eredmenyek.com/tenisz/
8899,datacamp.com,https://www.datacamp.com/courses-all
8899,datacamp.com,https://www.datacamp.com/courses-all?skillLevel=Beginner
8899,datacamp.com,https://www.datacamp.com/courses/introduction-to-alteryx
8899,datacamp.com,https://www.datacamp.com/courses/understanding-microsoft-azure
8911,windscribe.com,https://windscribe.com/features
8911,windscribe.com,https://windscribe.com/upgrade?_lang=eng
8911,windscribe.com,https://windscribe.com/download
8911,windscribe.com,https://windscribe.com/myaccount?_lang=eng
8919,animeheaven.me,https://animeheaven.me/new.php
8919,animeheaven.me,https://animeheaven.me/bookmarks.php
8919,animeheaven.me,https://animeheaven.me/popular.php
8919,animeheaven.me,https://animeheaven.me/2025fall.php
8929,emlakjet.com,https://www.emlakjet.com/satilik-konut
8929,emlakjet.com,https://www.emlakjet.com/kiralik-konut
8929,emlakjet.com,https://www.emlakjet.com/emlak-piyasasi/satilik-konut
8929,emlakjet.com,https://www.emlakjet.com/danismanlar
8934,startech.com.bd,https://www.startech.com.bd/information/offer
8934,startech.com.bd,https://www.startech.com.bd/happy-hour
8934,startech.com.bd,https://www.startech.com.bd/tool/pc_builder
8934,startech.com.bd,https://www.startech.com.bd/account/login
8949,tameteo.com,https://www.tameteo.com/actualites/
8949,tameteo.com,https://www.tameteo.com/videos/
8949,tameteo.com,https://www.tameteo.com/vigilance-meteo/
8949,tameteo.com,https://www.tameteo.com/radar-france-pluie.html
8952,premierleague.com,https://www.premierleague.com/en/
8952,premierleague.com,https://shop.premierleague.com/gb/en/home/
8952,premierleague.com,https://www.premierleague.com/en/about
8952,premierleague.com,https://www.premierleague.com/en/footballandcommunity
8971,yanmaga.jp,https://yanmaga.jp/gravures
8971,yanmaga.jp,https://yanmaga.jp/customers/sign-up?resource=login
8971,yanmaga.jp,https://yanmaga.jp/customers/sign-up
8971,yanmaga.jp,https://yanmaga.jp/notifications
8985,amd.online,https://amd.online/index.php?do=lostpassword
8985,amd.online,https://amd.online/premium.html
8985,amd.online,https://amd.online/anime/ghanr/китайское/
8985,amd.online,https://amd.online/anime/ghanr/3d/
8986,getmodsapk.com,https://getmodsapk.com/games/
8986,getmodsapk.com,https://getmodsapk.com/apps/
8986,getmodsapk.com,https://getmodsapk.com/blog/
8986,getmodsapk.com,https://getmodsapk.com/faq
8992,grapee.jp,https://grapee.jp/article-new
8992,grapee.jp,https://grapee.jp/lifehack/storage-solutions
8992,grapee.jp,https://grapee.jp/lifehack/general-cleaning
8992,grapee.jp,https://grapee.jp/lifehack/general-laundry
9002,jobbmintatv.pro,https://jobbmintatv.pro/random
9002,jobbmintatv.pro,https://jobbmintatv.pro/profil/
9002,jobbmintatv.pro,https://jobbmintatv.pro/sorozatok/1/1
9002,jobbmintatv.pro,https://jobbmintatv.pro/filmek/1/1
9003,pink.rs,https://pink.rs/vesti
9003,pink.rs,https://pink.rs/politika
9003,pink.rs,https://pink.rs/drustvo
9003,pink.rs,https://pink.rs/region
9007,websitedemos.net,https://websitedemos.net/wordpress-themes/business/
9007,websitedemos.net,https://websitedemos.net/wordpress-themes/digital-agency/
9007,websitedemos.net,https://websitedemos.net/wordpress-themes/transportation/
9007,websitedemos.net,https://websitedemos.net/wordpress-themes/pet-animal/
9015,google.tt,https://mail.google.com/mail/&ogbl
9015,google.tt,https://www.google.com/imghp?hl=en&ogbl
9015,google.tt,https://accounts.google.com/ServiceLogin?hl=en&passive=true&continue=https://www.google.com/&ec=GAZAmgQ
9015,google.tt,https://www.google.com/advanced_search?hl=en-PK&authuser=0
9018,alo.bg,https://www.alo.bg/choose_subcat.php
9018,alo.bg,https://www.alo.bg/login.php
9018,alo.bg,https://www.alo.bg/register.php
9018,alo.bg,https://www.alo.bg/lastvisited.php
9019,trustx.org,https://trustx.org/buyers
9019,trustx.org,https://trustx.org/sellers
9019,trustx.org,https://trustx.org/press
9019,trustx.org,https://trustx.org/blog
9020,eleadcrm.com,https://www.eleadcrm.com/evo2/fresh/login.asp
9026,sdna.gr,https://www.sdna.gr/podosfairo
9026,sdna.gr,https://www.sdna.gr/podosfairo/mundial/fifa-world-cup-2026
9026,sdna.gr,https://www.sdna.gr/podosfairo/stoiximan-super-league
9026,sdna.gr,https://www.sdna.gr/podosfairo/champions-league
9033,anikoto.cz,https://anikoto.cz/home
9033,anikoto.cz,https://anikoto.cz/watch/solo-leveling-season-2-arise-from-the-shadow-3eukp
9033,anikoto.cz,https://anikoto.cz/watch/one-piece-odmau
9033,anikoto.cz,https://anikoto.cz/watch/sakamoto-days-sfdxz
9038,google.com.ly,https://mail.google.com/mail/&ogbl
9038,google.com.ly,https://www.google.com/imghp?hl=en&ogbl
9038,google.com.ly,https://accounts.google.com/ServiceLogin?hl=en&passive=true&continue=https://www.google.com/&ec=GAZAmgQ
9038,google.com.ly,https://www.google.com/advanced_search?hl=en-PK&authuser=0
9052,gladly.com,https://www.gladly.ai/gladly-demo/
9052,gladly.com,https://www.gladly.ai/why-gladly/
9052,gladly.com,https://www.gladly.ai/customers/
9080,kuruma-news.jp,https://kuruma-news.jp/membership/auth?redirect=https%3A%2F%2Fkuruma-news.jp%2F
9080,kuruma-news.jp,https://kuruma-news.jp/membership/auth?screen=register&redirect=https%3A%2F%2Fkuruma-news.jp%2F
9080,kuruma-news.jp,https://kuruma-news.jp/membership/
9080,kuruma-news.jp,https://kuruma-news.jp/archive
9081,amazonses.com,https://aws.amazon.com/contact-us/?nc2=h_ut_cu
9081,amazonses.com,https://aws.amazon.com/marketplace?nc2=h_utmp
9081,amazonses.com,https://aws.amazon.com/events/reinvent/?nc2=h_l1_f
9081,amazonses.com,https://console.aws.amazon.com/console/home/?nc2=h_si&src=header-signin
9082,bolt.eu,https://bolt.eu/en/rides/
9082,bolt.eu,https://bolt.eu/en/food/
9082,bolt.eu,https://bolt.eu/en/drive/
9082,bolt.eu,https://bolt.eu/en/food/market/
9090,jianshu.com,https://www.jianshu.com/sign_up
9090,jianshu.com,https://www.jianshu.com/sign_in
9090,jianshu.com,https://www.jianshu.com/apps?utm_medium=desktop&utm_source=navbar-apps
9090,jianshu.com,https://www.jianshu.com/vips
9095,oceans-nadia.com,https://oceans-nadia.com/special/zubora-meshi
9095,oceans-nadia.com,https://oceans-nadia.com/collaboration
9095,oceans-nadia.com,https://oceans-nadia.com/article-top
9095,oceans-nadia.com,https://oceans-nadia.com/artist
9096,xinnet.com,https://www.xinnet.com/domain/domain.html
9096,xinnet.com,https://www.xinnet.com/domain/domainsbiaozhun.html
9096,xinnet.com,https://www.xinnet.com/domain/domainin.html
9096,xinnet.com,https://www.xinnet.com/domain/domainRegistarLock.html
9110,admatic.com.tr,https://admatic.com.tr/en/
9110,admatic.com.tr,https://admatic.com.tr/kvkk-aydinlatma-metni/
9110,admatic.com.tr,https://admatic.com.tr/kvkk-veri-sahibi-basvuru-formu/
9110,admatic.com.tr,https://admatic.com.tr/gizlilik-politikasi-ve-cerez-kullanimi/
9114,naturabuy.fr,https://www.naturabuy.fr/aide-en-ligne.html
9114,naturabuy.fr,https://www.naturabuy.fr/contact.html
9114,naturabuy.fr,https://www.naturabuy.fr/search_advanced.php
9114,naturabuy.fr,https://www.naturabuy.fr/annonces-chasse.html
9123,flashscore.co.id,https://www.flashscore.co.id/favorit/
9123,flashscore.co.id,https://www.flashscore.co.id/sepak-bola/indonesia/piala-presiden/
9123,flashscore.co.id,https://www.flashscore.co.id/badminton/
9123,flashscore.co.id,https://www.flashscore.co.id/bola-basket/
9128,globalso.com,https://www.globalso.com/global/
9128,globalso.com,https://www.globalso.com/geo/
9128,globalso.com,https://www.globalso.com/pr-global/
9128,globalso.com,https://www.globalso.com/website/
9132,uni-goettingen.de,https://uni-goettingen.de/de/die+universit%c3%a4t/50217.html
9132,uni-goettingen.de,https://uni-goettingen.de/de/fakult%c3%a4ten/2925.html
9132,uni-goettingen.de,https://uni-goettingen.de/de/forschung/3.html
9132,uni-goettingen.de,https://uni-goettingen.de/de/studium/13.html
9133,qureka.com,https://qureka.com/contact-us.html
9133,qureka.com,https://qureka.com/Privacy_Policy.html
9133,qureka.com,https://qureka.com/terms.html
9133,qureka.com,https://qureka.com/rules.html
9135,panda.org,http://wwf.panda.org/privacy/
9135,panda.org,https://wwf.panda.org/discover/
9135,panda.org,https://wwf.panda.org/discover/about_wwf/
9135,panda.org,https://wwf.panda.org/discover/climate_and_energy/
9150,proteantech.in,https://www.proteantech.in/contact-us/
9150,proteantech.in,https://onlineservices.proteantech.in/paam/endUserRegisterContact.html?utm_source=Social&utm_medium=Blog&utm_campaign=New_PAN
9150,proteantech.in,https://www.proteantech.in/articles/pan-card-services-apply-check-status-download/
9150,proteantech.in,https://www.proteantech.in/articles/nps-contribution-invest-online-offline/
9161,clave.gob.es,https://clave.gob.es/ca
9161,clave.gob.es,https://clave.gob.es/gl
9161,clave.gob.es,https://clave.gob.es/eu
9161,clave.gob.es,https://clave.gob.es/va
9162,klickpin.com,https://klickpin.com/en1
9162,klickpin.com,https://klickpin.com/en1/how-to
9162,klickpin.com,https://klickpin.com/en1/video-tutorial-klickpin
9162,klickpin.com,https://klickpin.com/blog/
9165,canalturf.com,https://www.canalturf.com/compte_inscription.php
9165,canalturf.com,https://www.canalturf.com/login.php
9165,canalturf.com,https://www.canalturf.com/pronostics-PMU/2026-08-13/bunbury/414781_cuprum-distillery-handicap.html
9165,canalturf.com,https://www.canalturf.com/courses_fiche_hippodrome.php?idhippodrome=16
9208,viki.com,https://www.viki.com/categories
9208,viki.com,https://www.viki.com/apps
9208,viki.com,https://www.viki.com/pass
9208,viki.com,https://www.viki.com/partners
9209,dorama.land,https://dorama.land/new-dramas
9209,dorama.land,https://dorama.land/all-dramas
9209,dorama.land,https://dorama.land/tags/tayskie-lakorny
9209,dorama.land,https://dorama.land/tags/doramy-filmy
9217,gegen-hartz.de,https://www.gegen-hartz.de/hartz-4-ratgeber
9217,gegen-hartz.de,https://www.gegen-hartz.de/erreichbarkeit-im-buergergeld-und-die-folgen-uebersicht
9217,gegen-hartz.de,https://www.gegen-hartz.de/erreichbarkeit-im-buergergeld-wer-muss-ueberhaupt-erreichbar-sein
9217,gegen-hartz.de,https://www.gegen-hartz.de/erreichbarkeit-im-buergergeld-auch-per-post-telefon-oder-email
9230,flashscore.es,https://www.flashscore.es/noticias/
9230,flashscore.es,https://www.flashscore.es/favoritos/
9230,flashscore.es,https://www.flashscore.es/tenis/
9230,flashscore.es,https://www.flashscore.es/baloncesto/
9236,ildolomiti.it,https://www.ildolomiti.it/altra-montagna
9236,ildolomiti.it,https://www.ildolomiti.it/search/node/
9236,ildolomiti.it,https://www.ildolomiti.it/cronaca
9236,ildolomiti.it,https://www.ildolomiti.it/esteri
9247,resultadofacil.com.br,https://www.resultadofacil.com.br/cadastrar-notificacoes
9247,resultadofacil.com.br,https://www.resultadofacil.com.br/nossa-politica-privacidade
9247,resultadofacil.com.br,https://www.resultadofacil.com.br/termo-de-uso
9247,resultadofacil.com.br,https://www.resultadofacil.com.br/esportes
9248,moppy.jp,https://pc.moppy.jp/favorite/list.php
9248,moppy.jp,https://pc.moppy.jp/entry/
9248,moppy.jp,https://ssl.pc.moppy.jp/login/
9248,moppy.jp,https://pc.moppy.jp/research/
9278,mm-cg.com,https://18av.mm-cg.com/cg/index.htm
9280,idos.cz,https://idos.cz/vlakyautobusymhdvse/spojeni/
9280,idos.cz,https://idos.cz/prihlaseni/?returnUrl=https%3A%2F%2Fidos.cz%2Fvlakyautobusymhdvse%2Fspojeni%2F
9280,idos.cz,https://idos.cz/kosik/
9280,idos.cz,https://idos.cz/en/vlakyautobusymhdvse/spojeni/
9302,prefeitura.sp.gov.br,http://transparencia.prefeitura.sp.gov.br/sistema-eletronico-de-informacao-ao-cidadao-e-sic/
9302,prefeitura.sp.gov.br,https://prefeitura.sp.gov.br/web/ouvidoria/w/fale_com_a_ouvidoria/227268
9302,prefeitura.sp.gov.br,https://sp156.prefeitura.sp.gov.br/portal
9302,prefeitura.sp.gov.br,https://diariooficial.prefeitura.sp.gov.br/md_epubli_controlador.php?acao=inicio
9307,ddizi.im,https://www.ddizi.im/iletisim
9307,ddizi.im,https://www.ddizi.im/yeni-eklenenler7
9307,ddizi.im,https://www.ddizi.im/eski.diziler
9307,ddizi.im,https://www.ddizi.im/yabanci-dizi-izle
9310,flashscore.pe,https://www.flashscore.pe/noticias/
9310,flashscore.pe,https://www.flashscore.pe/favoritos/
9310,flashscore.pe,https://www.flashscore.pe/baloncesto/
9310,flashscore.pe,https://www.flashscore.pe/tenis/
9312,tpmn.co.kr,https://www.tpmn.io/privacy.html
9321,ymcdn.org,https://ymcdn.org/cdn-cgi/l/email-protection
9338,truper.com,https://www.truper.com/central-de-ayuda
9338,truper.com,https://www.truper.com/acerca-de-truper/
9338,truper.com,https://www.truper.com/CatVigente/
9338,truper.com,https://www.truper.com/centros-de-servicio
9340,medex.com.bd,https://medex.com.bd/brands
9340,medex.com.bd,https://medex.com.bd/brands?herbal=1
9340,medex.com.bd,https://medex.com.bd/generics
9340,medex.com.bd,https://medex.com.bd/generics?herbal=1
9354,flashscore.com.ve,https://www.flashscore.com.ve/noticias/
9354,flashscore.com.ve,https://www.flashscore.com.ve/favoritos/
9354,flashscore.com.ve,https://www.flashscore.com.ve/beisbol/
9354,flashscore.com.ve,https://www.flashscore.com.ve/basquetbol/
9371,sparkdriverapp.com,https://www.sparkdriverapp.com/en_us
9371,sparkdriverapp.com,https://www.sparkdriverapp.com/content/sparkdriverapp/en_us/signup.html
9371,sparkdriverapp.com,https://www.sparkdriverapp.com/content/sparkdriverapp/en_us/earnings.html
9371,sparkdriverapp.com,https://www.sparkdriverapp.com/content/sparkdriverapp/en_us/offers.html
9373,themoscowtimes.com,https://www.themoscowtimes.com/contribute?utm_source=contribute&utm_medium=internal-header
9373,themoscowtimes.com,https://www.themoscowtimes.com/account
9373,themoscowtimes.com,https://www.themoscowtimes.com/account/signout
9373,themoscowtimes.com,https://www.themoscowtimes.com/ukraine-war
9378,musicaldown.com,https://musicaldown.com/en
9378,musicaldown.com,https://musicaldown.com/how-to-download-tiktok-video-online
9378,musicaldown.com,https://musicaldown.com/tutorial.html
9378,musicaldown.com,https://musicaldown.com/download-tiktok-stories
9379,priceoye.pk,https://priceoye.pk/voice-search
9379,priceoye.pk,https://priceoye.pk/store
9379,priceoye.pk,https://priceoye.pk/{{prodcutUrl}}
9379,priceoye.pk,https://priceoye.pk/login
9385,fau.de,https://www.fau.de/studium/
9385,fau.de,https://www.fau.de/forschung/
9385,fau.de,https://www.fau.de/universitaet/
9385,fau.de,https://www.fau.de/studium/bewerbung-und-zulassung/
9414,nebo.mobi,https://nebo.mobi/start
9414,nebo.mobi,https://nebo.mobi/login
9414,nebo.mobi,https://nebo.mobi/reviews
9414,nebo.mobi,https://nebo.mobi/rules?type=agreement
9416,meteored.mx,https://www.meteored.mx/noticias/
9416,meteored.mx,https://www.meteored.mx/videos/
9416,meteored.mx,https://www.meteored.mx/avisos-meteorologicos/
9416,meteored.mx,https://www.meteored.mx/radar/
9417,teletype.in,https://teletype.in/about
9417,teletype.in,https://teletype.in/login?redir=/
9421,therealreal.com,https://www.therealreal.com/sell-trr
9421,therealreal.com,https://www.therealreal.com/obsessions
9421,therealreal.com,https://www.therealreal.com/sales/shop-new-arrivals-5753
9421,therealreal.com,https://www.therealreal.com/sales/shop-new-arrivals-5753?taxons%5B%5D=1277
9430,umingle.com,https://umingle.com/text/
9430,umingle.com,https://umingle.com/video/
9430,umingle.com,https://umingle.com/blog/great-conversation-tips/
9430,umingle.com,https://umingle.com/rules/
9431,riyasewana.com,https://riyasewana.com/register.php
9431,riyasewana.com,https://riyasewana.com/login.php
9431,riyasewana.com,https://riyasewana.com/account.php
9431,riyasewana.com,https://riyasewana.com/leasing-offers.php
9436,sinoptik.bg,https://weather.sinoptik.bg/wazirabad-pakistan-101162456?location
9436,sinoptik.bg,https://www.sinoptik.bg/locations/europe/bulgaria
9436,sinoptik.bg,https://www.sinoptik.bg/locations/europe
9436,sinoptik.bg,https://www.sinoptik.bg/locations
9441,upv.es,https://www.upv.es/otros/accesibilidad-es.html
9441,upv.es,https://www.upv.es/pls/oalu/sic_mag.MetaBus?ie=utf8&P_IDIOMA=c&q=polilupa
9441,upv.es,https://www.upv.es/emergencia
9441,upv.es,http://www.upv.es/pls/oalu/sic_person.Busca_Persona?p_idioma=c&P_VISTA=normal
9444,g2nft.com,https://g2nft.com/assets/terms-of-service.html
9444,g2nft.com,https://g2nft.com/assets/privacy-policy.html
9444,g2nft.com,https://g2nft.com/assets/cookies-policy.html
9446,uafix.net,https://uafix.net/film/
9446,uafix.net,https://uafix.net/films/uafilms_2026/
9446,uafix.net,https://uafix.net/films/new_uafilms_2025/
9446,uafix.net,https://uafix.net/films/new_netflix_ua/
9478,scrabblewordfinder.org,https://scrabblewordfinder.org/dictionary-checker
9478,scrabblewordfinder.org,https://scrabblewordfinder.org/two-letter-scrabble-words
9478,scrabblewordfinder.org,https://scrabblewordfinder.org/word-list
9478,scrabblewordfinder.org,https://scrabblewordfinder.org/words-with-friends-cheat
9501,kashoob.com,https://kashoob.com/audios/type/madahi/
9501,kashoob.com,https://kashoob.com/videos/
9501,kashoob.com,https://kashoob.com/koodak
9501,kashoob.com,https://kashoob.com/audios/type/madahi/recent/top/
9512,netcetera.com,https://www.netcetera.com/home.html
9512,netcetera.com,https://www.netcetera.com/custom-software.html
9512,netcetera.com,https://www.netcetera.com/de/home.html
9512,netcetera.com,https://www.netcetera.com/Digital-Banking.html
9515,google.co.tz,https://mail.google.com/mail/&ogbl
9515,google.co.tz,https://www.google.com/imghp?hl=en&ogbl
9515,google.co.tz,https://accounts.google.com/ServiceLogin?hl=en&passive=true&continue=https://www.google.com/&ec=GAZAmgQ
9515,google.co.tz,https://www.google.com/advanced_search?hl=en-PK&authuser=0
9533,languagetoolplus.com,https://languagetool.org/paraphrasing-tool
9533,languagetoolplus.com,https://languagetool.org/premium
9533,languagetoolplus.com,https://languagetool.org/business
9533,languagetoolplus.com,https://languagetool.org/register
9535,arm.com,https://www.arm.com/products
9535,arm.com,https://www.arm.com/products/cloud-datacenter
9535,arm.com,https://www.arm.com/products/cloud-datacenter/arm-agi-cpu
9535,arm.com,https://www.arm.com/products/cloud-datacenter/neoverse-compute-subsystems
9548,loteriasdominicanas.com,https://loteriasdominicanas.com/americanas/
9548,loteriasdominicanas.com,https://loteriasdominicanas.com/anguila/
9548,loteriasdominicanas.com,https://loteriasdominicanas.com/loteria-de-florida/
9548,loteriasdominicanas.com,https://loteriasdominicanas.com/haiti-bolet/
9550,smartinmate.com,https://www.smartinmate.com/how-it-works-phones.cfm
9550,smartinmate.com,https://www.smartinmate.com/how-it-works-trust.cfm
9550,smartinmate.com,https://www.smartinmate.com/how-it-works-messaging.cfm
9550,smartinmate.com,https://www.smartinmate.com/how-it-works-visitation.cfm
9553,ericsson.com,https://www.ericsson.com/en
9553,ericsson.com,https://www.ericsson.com/en/ran/solutions
9553,ericsson.com,https://www.ericsson.com/en/core-network/5g-core/solutions
9553,ericsson.com,https://www.ericsson.com/en/mobile-transport
9556,ssrchat.com,https://www.ssrchat.com/features/ai-agents/
9556,ssrchat.com,https://www.ssrchat.com/promotion/
9556,ssrchat.com,https://www.ssrchat.com/pricing/
9556,ssrchat.com,https://www.ssrchat.com/features/omni-channel-chat/
9558,pcmax.jp,https://pcmax.jp/pcm/file.php?f=registration
9558,pcmax.jp,https://pcmax.jp/pcm/file.php?f=login_form
9558,pcmax.jp,https://pcmax.jp/pcm/contents.php
9558,pcmax.jp,https://pcmax.jp/pcm/bill.php
9574,xnxtt.com,https://xnxtt.com/tags/homemade
9574,xnxtt.com,https://xnxtt.com/tags/hardcore
9574,xnxtt.com,https://xnxtt.com/tags/latina
9574,xnxtt.com,https://xnxtt.com/tags/real-orgasm
9577,krx18.com,https://krx18.com/movies
9577,krx18.com,https://krx18.com/genre/eng-sub/
9577,krx18.com,https://krx18.com/genre/xxx/
9577,krx18.com,https://krx18.com/genre/korea/
9592,mobiledokan.co,https://www.mobiledokan.co/realme-16x-launched-with-7000mah-battery-and-144hz-display/
9592,mobiledokan.co,https://www.mobiledokan.co/iqoo-z11-price-revealed-ahead-of-launch-7050mah-battery-and-ai-features-confirmed/
9592,mobiledokan.co,https://www.mobiledokan.co/redmi-k100-pro-and-pro-max-launch-with-flagship-chipsets-200mp-cameras-and-huge-batteries/
9592,mobiledokan.co,https://www.mobiledokan.co/iqoo-neo-11-ultra-specs-leak-with-a-9100mah-battery-and-2k-display/
9597,canlidoviz.com,https://canlidoviz.com/doviz-kurlari
9597,canlidoviz.com,https://canlidoviz.com/altin-fiyatlari
9597,canlidoviz.com,https://canlidoviz.com/borsa
9597,canlidoviz.com,https://canlidoviz.com/kripto-paralar
9609,yakkun.com,https://yakkun.com/ch/
9609,yakkun.com,https://yakkun.com/fl/
9609,yakkun.com,https://yakkun.com/sv/
9609,yakkun.com,https://yakkun.com/ch/zukan/
9621,iqgamehub.com,https://iqgamehub.com/index.php
9621,iqgamehub.com,https://iqgamehub.com/privacy.php
9621,iqgamehub.com,https://iqgamehub.com/terms.php
9621,iqgamehub.com,https://iqgamehub.com/disclaimer.php
9622,google.ml,https://mail.google.com/mail/&ogbl
9622,google.ml,https://www.google.com/imghp?hl=en&ogbl
9622,google.ml,https://accounts.google.com/ServiceLogin?hl=en&passive=true&continue=https://www.google.com/&ec=GAZAmgQ
9622,google.ml,https://www.google.com/advanced_search?hl=en-PK&authuser=0
9631,surabaya.go.id,https://surabaya.go.id/id/berita/25513/pemkot-surabaya-sambut-dewan-pengawas-kpk-wali-kota-eri-cahyadi-bahas-optimalisasi-aset-hibah-barang-rampasan
9631,surabaya.go.id,https://surabaya.go.id/id/berita/25522/makin-semarak-ratusan-penghuni-liponsos-keputih-adu-kreativitas-lewat-fashion-show-hingga-karaoke-di-hut-ke-81-ri
9631,surabaya.go.id,https://surabaya.go.id/id/berita/25521/bantu-padamkan-karhutla-bromo-damkar-surabaya-kerahkan-tim-rescue-dan-dua-armada
9631,surabaya.go.id,https://surabaya.go.id/id/berita/25520/pemkot-surabaya-perkuat-spip-26-auditor-kawal-kinerja-perangkat-daerah
9653,janeapp.com,https://jane.app/features/online-booking
9653,janeapp.com,https://jane.app/features/scheduling
9653,janeapp.com,https://jane.app/features/admin-and-receptionists
9653,janeapp.com,https://jane.app/features/patient-mobile-app
9663,copilot.com,https://copilot.com/login?es=Click&ru=%2f%3ffromcode%3dcmmwuwpzorz
9675,yasexu.pro,https://yasexu.pro/login
9675,yasexu.pro,https://yasexu.pro/register
9675,yasexu.pro,https://yasexu.pro/kategorii/
9675,yasexu.pro,https://yasexu.pro/populyarnoye/
9687,daringfireball.net,https://daringfireball.net/archive/
9687,daringfireball.net,https://daringfireball.net/thetalkshow/
9687,daringfireball.net,https://daringfireball.net/projects/
9687,daringfireball.net,https://daringfireball.net/contact/
9690,thescore.com,https://www.thescore.com/nfl/news
9690,thescore.com,https://www.thescore.com/nba/news
9690,thescore.com,https://www.thescore.com/nhl/news
9690,thescore.com,https://www.thescore.com/mlb/news
9694,ixdzs.tw,https://ixdzs.tw/hot/
9694,ixdzs.tw,https://ixdzs.tw/sort/1/
9694,ixdzs.tw,https://ixdzs.tw/end/
9694,ixdzs.tw,https://ixdzs.tw/hot/day/
9701,lalamasa.com,https://lalamasa.net/account/
9701,lalamasa.com,https://lalamasa.net/latest/
9701,lalamasa.com,https://lalamasa.net/trending/
9701,lalamasa.com,https://lalamasa.net/favorites/
9705,viorawatch.com,https://viorawatch.com/privacy
9705,viorawatch.com,https://viorawatch.com/terms
9705,viorawatch.com,https://viorawatch.com/report
9706,score808live.tv,https://www.score808live.tv/category/football/
9706,score808live.tv,https://www.score808live.tv/category/news/
9706,score808live.tv,https://www.score808live.tv/category/soccer/
9706,score808live.tv,https://www.score808live.tv/category/sports/
9716,mangabuddy1.co.uk,https://mangabuddy1.co.uk/home
9716,mangabuddy1.co.uk,https://mangabuddy1.co.uk/manga-list
9716,mangabuddy1.co.uk,https://mangabuddy1.co.uk/latest-updates
9716,mangabuddy1.co.uk,https://mangabuddy1.co.uk/contact
9737,tamilgun.now,https://tamilgun.now/home
9737,tamilgun.now,https://tamilgun.now/video-category/hd-movies/
9737,tamilgun.now,https://tamilgun.now/video-category/malayalam/
9737,tamilgun.now,https://tamilgun.now/video-category/web-series/
9739,studying.jp,https://studying.jp/shindanshi/
9739,studying.jp,https://studying.jp/engineer/
9739,studying.jp,https://studying.jp/hanbaishi/
9739,studying.jp,https://studying.jp/kikenbutsu/
9759,futbol11.com,https://futbol11.com/futbol11-statdle
9759,futbol11.com,https://futbol11.com/futbol11-retro
9759,futbol11.com,https://futbol11.com/futbol11-top10
9759,futbol11.com,https://futbol11.com/futbol11-goltexto
9770,aiou.edu.pk,https://aiou.edu.pk/screen-reader
9770,aiou.edu.pk,https://aiou.edu.pk/admission-open
9770,aiou.edu.pk,https://aiou.edu.pk/admtestinterview
9770,aiou.edu.pk,https://aiou.edu.pk/certificatedegree-processing-requirements
9777,tiwar.ru,https://tiwar.ru/startpage/?go&r=20480221&PHPSESSID=e4d3939461d663ce8c2b56ce1bd3ccef
9777,tiwar.ru,https://tiwar.ru/common/?PHPSESSID=e4d3939461d663ce8c2b56ce1bd3ccef
9783,leaktube.net,https://leaktube.net/leak-videos/
9783,leaktube.net,https://leaktube.net/leak-photos/
9783,leaktube.net,https://leaktube.net/upload-your-leak/
9783,leaktube.net,https://leaktube.net/categories/ghana-leak/
9805,sh.gov.cn,https://www.shanghai.gov.cn/zfkf/index.html
9805,sh.gov.cn,https://www.shanghai.gov.cn/nw2315/index.html
9805,sh.gov.cn,https://www.shanghai.gov.cn/zhengce/list
9805,sh.gov.cn,https://www.shanghai.gov.cn/nw2319/index.html
9829,fastvideosave.net,https://fastvideosave.net/audio
9829,fastvideosave.net,https://fastvideosave.net/photo
9829,fastvideosave.net,https://fastvideosave.net/contact-us
9829,fastvideosave.net,https://fastvideosave.net/video
9839,jdwel.com,https://jdwel.com/calendar/
9839,jdwel.com,https://jdwel.com/settings/
9839,jdwel.com,https://jdwel.com/today/
9839,jdwel.com,https://jdwel.com/competitions/
9842,sbxh9.com,https://sbxh9.com/event
9842,sbxh9.com,https://sbxh9.com/ing
9842,sbxh9.com,https://sbxh9.com/end
9842,sbxh9.com,https://sbxh9.com/rank
9843,potok.cash,https://potok.cash/privacy
9843,potok.cash,https://potok.cash/aml
9849,idealmedia.io,https://www.idealmedia.io/en
9849,idealmedia.io,https://www.idealmedia.io/en/about
9849,idealmedia.io,https://www.idealmedia.io/en/category/politics
9849,idealmedia.io,https://www.idealmedia.io/en/category/society
9864,jappy.com,https://www.jappy.com/invite
9864,jappy.com,https://www.jappy.com/password
9864,jappy.com,https://www.jappy.com/help
9864,jappy.com,https://www.jappy.com/infos/impressum
9865,jadwalnonton.com,https://jadwalnonton.com/login?next=https%3A%2F%2Fjadwalnonton.com%2F
9865,jadwalnonton.com,https://jadwalnonton.com/register
9865,jadwalnonton.com,https://jadwalnonton.com/now-playing
9865,jadwalnonton.com,https://jadwalnonton.com/comingsoon
9881,usask.ca,https://www.usask.ca/index.php
9881,usask.ca,https://www.usask.ca/admission/
9881,usask.ca,https://www.usask.ca/colleges.php
9881,usask.ca,https://banner.usask.ca/StudentRegistrationSsb/ssb/term/termSelection?mode=search
9886,google.com.sb,https://mail.google.com/mail/&ogbl
9886,google.com.sb,https://www.google.com/imghp?hl=en&ogbl
9886,google.com.sb,https://accounts.google.com/ServiceLogin?hl=en&passive=true&continue=https://www.google.com/&ec=GAZAmgQ
9886,google.com.sb,https://www.google.com/advanced_search?hl=en-PK&authuser=0
9889,pixocial.com,https://pixocial.com/blog
9891,qeseh.net,https://qeseh.net/son-bolumler/
9891,qeseh.net,https://qeseh.net/discover/
9891,qeseh.net,https://qeseh.net/category/yeni-filmler/
9891,qeseh.net,https://qeseh.net/category/alarshif/
9894,phimsexsuong3x.net,https://phimsexsuong3x.net/phim-sex-my/
9894,phimsexsuong3x.net,https://phimsexsuong3x.net/phim-sex-nhat-ban/
9894,phimsexsuong3x.net,https://phimsexsuong3x.net/phim-xxx/
9894,phimsexsuong3x.net,https://phimsexsuong3x.net/phim-sex-nhat-ban-khong-che/
9904,yuvideos.com,https://www.yuvideos.com/user/login/
9904,yuvideos.com,https://www.yuvideos.com/user/signup/
9904,yuvideos.com,https://www.yuvideos.com/watched/
9904,yuvideos.com,https://www.yuvideos.com/recent/
9909,av-th.io,https://av-th.io/av-subthai/
9909,av-th.io,https://av-th.io/av-subthai/chinese-av/
9909,av-th.io,https://av-th.io/av-subthai/uncensored/
9909,av-th.io,https://av-th.io/us-subthai/
9920,animesalt.ac,https://animesalt.link/category/network/disney-channel/
9920,animesalt.ac,https://animesalt.link/category/network/hungama-tv/
9920,animesalt.ac,https://animesalt.link/category/network/sony-yay/
9920,animesalt.ac,https://animesalt.link/category/network/cartoon-network/
9925,mistral.ai,https://mistral.ai/contact/
9925,mistral.ai,https://mistral.ai/contact
9925,mistral.ai,https://mistral.ai/products/studio/
9925,mistral.ai,https://mistral.ai/products/forge/
9953,indiarace.com,https://www.indiarace.com/Home/listStallion
9953,indiarace.com,https://www.indiarace.com/Home/racingstars
9953,indiarace.com,https://www.indiarace.com/Home/equines
9953,indiarace.com,https://www.indiarace.com/Home/glossary
9963,aeolservice.es,https://aeolservice.es/presentacion-aeol/
9963,aeolservice.es,https://aeolservice.es/servicios/
9963,aeolservice.es,https://aeolservice.es/tienda/
9963,aeolservice.es,https://aeolservice.es/noticias/
9972,ardentnews.co.kr,https://www.ardentnews.co.kr/news/articleList.html?sc_section_code=S1N1&view_type=sm
9972,ardentnews.co.kr,https://www.ardentnews.co.kr/news/articleList.html?sc_section_code=S1N8&view_type=sm
9972,ardentnews.co.kr,https://www.ardentnews.co.kr/news/articleList.html?sc_sub_section_code=S2N3&view_type=sm
9972,ardentnews.co.kr,https://www.ardentnews.co.kr/news/articleList.html?sc_sub_section_code=S2N4&view_type=sm
9974,zmaal.net,https://zmaal.net/latest
9974,zmaal.net,https://zmaal.net/model
9974,zmaal.net,https://zmaal.net/web-series
9974,zmaal.net,https://zmaal.net/khat-kabbadi-barkha-episode-1/
9987,tvguia.es,https://www.tvguia.es/programacion-tv/programacion-tv-ahora
9987,tvguia.es,https://www.tvguia.es/programacion-tv/programacion-tv
9987,tvguia.es,https://www.tvguia.es/page/sondeo-noche-tv
9987,tvguia.es,https://www.tvguia.es/page/seleccion-canales
9993,xosothantai.mobi,https://xosothantai.mobi/xsmb-sxmb-xstd-xshn-kqxsmb-ket-qua-xo-so-mien-bac.html
9993,xosothantai.mobi,https://xosothantai.mobi/xsmn-sxmn-kqxsmn-ket-qua-xo-so-mien-nam.html
9993,xosothantai.mobi,https://xosothantai.mobi/xsmt-sxmt-kqxsmt-ket-qua-xo-so-mien-trung.html
9993,xosothantai.mobi,https://xosothantai.mobi/du-doan-ket-qua-xo-so-kqxs-c229.html
10000,arenascan.com,https://arenascan.com/bookmark/
10000,arenascan.com,https://arenascan.com/manga/
10000,arenascan.com,https://arenascan.com/az-lists/
10000,arenascan.com,https://arenascan.com/blog/
10004,eufy.com,https://www.eufy.com/eufy-mom-baby-sales?ref=topbanner_1
10004,eufy.com,https://www.eufy.com/smart-business-solutions
10004,eufy.com,https://www.eufy.com/business
10004,eufy.com,https://www.eufy.com/collections/security?ref=View More Security_shopall
10033,tujugada.com.ar,https://tujugada.com.ar/inicio_new.asp
10033,tujugada.com.ar,https://tujugada.com.ar/quiniela-de-hoy.asp
10033,tujugada.com.ar,https://tujugada.com.ar/quiniela-de-ayer.asp
10033,tujugada.com.ar,https://tujugada.com.ar/quiniela-nacional.asp
10038,bongda24h.vn,https://bongda24h.vn/tin-the-thao-moi-nhat.html
10038,bongda24h.vn,https://bongda24h.vn/tdp.html
10038,bongda24h.vn,https://bongda24h.vn/tin-nong-c279-p1.html
10038,bongda24h.vn,https://bongda24h.vn/asean-cup-c334-p1.html
10060,xn--72caa3cygoc0d9c.com,https://xn--72caa3cygoc0d9c.com/category/%e0%b8%84%e0%b8%a5%e0%b8%b4%e0%b8%9b%e0%b8%ab%e0%b8%a5%e0%b8%b8%e0%b8%94/
10060,xn--72caa3cygoc0d9c.com,https://xn--72caa3cygoc0d9c.com/category/%e0%b8%84%e0%b8%a5%e0%b8%b4%e0%b8%9b%e0%b8%ab%e0%b8%a5%e0%b8%b8%e0%b8%94-onlyfans/
10060,xn--72caa3cygoc0d9c.com,https://xn--72caa3cygoc0d9c.com/category/%e0%b8%84%e0%b8%a5%e0%b8%b4%e0%b8%9b%e0%b8%ab%e0%b8%a5%e0%b8%b8%e0%b8%94-mlive/
10060,xn--72caa3cygoc0d9c.com,https://xn--72caa3cygoc0d9c.com/category/%e0%b8%84%e0%b8%a5%e0%b8%b4%e0%b8%9b%e0%b8%ab%e0%b8%a5%e0%b8%b8%e0%b8%94-thlive/
10070,google.ht,https://mail.google.com/mail/&ogbl
10070,google.ht,https://www.google.com/imghp?hl=en&ogbl
10070,google.ht,https://accounts.google.com/ServiceLogin?hl=en&passive=true&continue=https://www.google.com/&ec=GAZAmgQ
10070,google.ht,https://www.google.com/advanced_search?hl=en-PK&authuser=0
10072,ratkojat.fi,https://www.ratkojat.fi/kirjaudu
10072,ratkojat.fi,https://www.ratkojat.fi/ristikot
10072,ratkojat.fi,https://www.ratkojat.fi/lisaa
10072,ratkojat.fi,https://www.ratkojat.fi/toiveet
10073,blend.school,https://blend.school/forgot_password
10073,blend.school,https://blend.school/login/google_login
10073,blend.school,https://blend.school/parent
10073,blend.school,https://blend.school/privacy
10097,saya.pk,https://saya.pk/search
10097,saya.pk,https://saya.pk/account
10097,saya.pk,https://saya.pk/search/?view=wishlist
10097,saya.pk,https://saya.pk/cart
10128,abzarek.ir,https://abzarek.ir/service-p/real-time
10128,abzarek.ir,https://abzarek.ir/service-p/font+keyboard+farsi+online
10128,abzarek.ir,https://abzarek.ir/service-p/font+keyboard+english+online
10128,abzarek.ir,https://abzarek.ir/category/post/challenge
10132,sgxnifty.org,https://sgxnifty.org/world-markets/
10132,sgxnifty.org,https://sgxnifty.org/world-market-signals/
10132,sgxnifty.org,https://sgxnifty.org/news/
10132,sgxnifty.org,https://sgxnifty.org/reports/
10133,notitimba.com,https://notitimba.com/borratina/
10133,notitimba.com,https://notitimba.com/monobingo/
10133,notitimba.com,https://notitimba.com/telekino/
10133,notitimba.com,https://notitimba.com/megabola/
10136,spotv24.com,http://toon123dld.spotv24.com/11toon.apk
10136,spotv24.com,https://spotv24.com/ko?sw=all
10136,spotv24.com,https://spotv24.com/ko?sw=kid
10136,spotv24.com,https://spotv24.com/ko?sw=adult
10146,loppytoonn.com,https://loppytoonn.com/danh-sach-truyen/truyen-tranh
10146,loppytoonn.com,https://loppytoonn.com/danh-sach-truyen/tieu-thuyet
10146,loppytoonn.com,https://loppytoonn.com/truyen/doa-hoa-la-moi-nhu
10146,loppytoonn.com,https://loppytoonn.com/truyen/cam-nang-chinh-phuc-ket-cuc-merry-bad-ending-merry
10147,usmagazine.com,https://www.usmagazine.com/celebrity-news/
10147,usmagazine.com,https://www.usmagazine.com/entertainment/
10147,usmagazine.com,https://www.usmagazine.com/stylish-2-2/
10147,usmagazine.com,https://www.usmagazine.com/lifestyle/
10149,loteriasdehoy.co,https://loteriasdehoy.co/baloto
10149,loteriasdehoy.co,https://loteriasdehoy.co/loteria-de-medellin
10149,loteriasdehoy.co,https://loteriasdehoy.co/loteria-de-santander
10149,loteriasdehoy.co,https://loteriasdehoy.co/loteria-del-cauca
10152,keralalotterytoday.com,https://www.keralalotterytoday.com/2015/05/win-win-w-306-lottery-result-4-05-2015.html
10152,keralalotterytoday.com,https://www.keralalotterytoday.com/2023/06/dear-1pm-6pm-8pm-result-chart-with-mc.html
10152,keralalotterytoday.com,https://www.keralalotterytoday.com/2022/06/monthly-chart.html
10152,keralalotterytoday.com,https://www.keralalotterytoday.com/2022/08/daily-chart-update.html
10162,fullhindisex.com,https://www.fullhindisex.com/hottest-hd-porn-videos/
10162,fullhindisex.com,https://www.fullhindisex.com/random-hd-porn-videos/
10162,fullhindisex.com,https://www.fullhindisex.com/video/35295/mallu-hot-sister-missionary-style-fucking-by-brother/
10162,fullhindisex.com,https://www.fullhindisex.com/video/35294/indian-mallu-amateur-couple-licking-wet-pussy-with-fucked-ass/
10169,google.li,https://mail.google.com/mail/&ogbl
10169,google.li,https://www.google.com/imghp?hl=en&ogbl
10169,google.li,https://accounts.google.com/ServiceLogin?hl=en&passive=true&continue=https://www.google.com/&ec=GAZAmgQ
10169,google.li,https://www.google.com/advanced_search?hl=en-PK&authuser=0
10171,games-alchemist.com,https://games-alchemist.com/status/?user_id=2133
10171,games-alchemist.com,https://games-alchemist.com/status/?user_id=227
10171,games-alchemist.com,https://games-alchemist.com/status/?user_id=10111
10171,games-alchemist.com,https://games-alchemist.com/accounts/google/login/?adref=
10180,felizes.pt,https://felizes.pt/Conhecer-Pessoas-Novas
10180,felizes.pt,https://felizes.pt/HistoriasDeAmor
10180,felizes.pt,https://felizes.pt/Mulheres
10180,felizes.pt,https://felizes.pt/Account/Register1
10187,finra.org,https://www.finra.org/index.php/about
10187,finra.org,https://www.finra.org/index.php/careers
10187,finra.org,https://www.finra.org/index.php/finra-data
10187,finra.org,https://www.finra.org/index.php/media-center
10193,pubeasy.io,https://pubeasy.io/index.html
10193,pubeasy.io,https://pubeasy.io/studio.html
10193,pubeasy.io,https://pubeasy.io/doc.html
10193,pubeasy.io,https://pubeasy.io/careers.html
10196,thxx69.com,https://wwww.thxx69.com/category/japanese
10196,thxx69.com,https://wwww.thxx69.com/category/%e0%b8%84%e0%b8%a5%e0%b8%b4%e0%b8%9b%e0%b9%82%e0%b8%9b%e0%b9%8a
10196,thxx69.com,https://wwww.thxx69.com/category/thai-porn
10196,thxx69.com,https://wwww.thxx69.com/category/western-porn
10207,naasongs.com.co,https://naasongs.com.co/category/telugu
10207,naasongs.com.co,https://naasongs.com.co/category/tamil
10207,naasongs.com.co,https://naasongs.com.co/dc-2026-tamil-songs-a.html
10207,naasongs.com.co,https://naasongs.com.co/author/vinod
10221,poe2db.tw,https://poe2db.tw/us/
10221,poe2db.tw,https://poe2db.tw/us/Items
10221,poe2db.tw,https://poe2db.tw/us/Unique_item
10221,poe2db.tw,https://poe2db.tw/us/Reforging_Bench
10231,realizationnewestfangs.com,https://mail.google.com/mail/&ogbl
10231,realizationnewestfangs.com,https://www.google.com/imghp?hl=en&ogbl
10231,realizationnewestfangs.com,https://accounts.google.com/ServiceLogin?hl=en&passive=true&continue=https://www.google.com/&ec=GAZAmgQ
10231,realizationnewestfangs.com,https://www.google.com/advanced_search?hl=en-PK&authuser=0
10236,filmywap.courses,https://www.filmywap.social/spider-man-brand-new-day-(2026)-hollywood-hindi-dubbed.html
10236,filmywap.courses,https://www.filmywap.social/gatta-kusthi-2-(2026)-hindi-dubbed-movie.html
10236,filmywap.courses,https://www.filmywap.social/hai-jawani-toh-ishq-hona-hai-(2026)-hindi-movie.html
10236,filmywap.courses,https://www.filmywap.social/maa-inti-bangaram-(2026)-hindi-hq-dubbed-movie.html
10238,sattaking-ghaziabad.com,https://sattaking-ghaziabad.com/delhi-bazar-satta-king-result-chart.php
10238,sattaking-ghaziabad.com,https://sattaking-ghaziabad.com/patna-city-satta-king-result-chart.php
10238,sattaking-ghaziabad.com,https://sattaking-ghaziabad.com/chotu-taj-satta-king-result-chart.php
10238,sattaking-ghaziabad.com,https://sattaking-ghaziabad.com/new-delhi-bazar-satta-king-result-chart.php
10255,pgatour.com,https://www.pgatour.com/leaderboard
10255,pgatour.com,https://www.pgatour.com/watch
10255,pgatour.com,https://www.pgatour.com/news
10255,pgatour.com,https://www.pgatour.com/fedexcup
10261,sattamatkaresult.info,https://sattamatkaresult.info/forum/matka-guessing/
10261,sattamatkaresult.info,https://sattamatkaresult.info/forum/trick-zone/
10261,sattamatkaresult.info,https://sattamatkaresult.info/forum/satta-king-forum/
10261,sattamatkaresult.info,https://sattamatkaresult.info/rajdhani-express-panel-chart/
10265,scalibur.io,https://scalibur.io/legal/
10274,yononewgamess.com,https://yononewgamess.com/about/
10274,yononewgamess.com,https://yononewgamess.com/contact-us/
10274,yononewgamess.com,https://yononewgamess.com/disclaimer/
10274,yononewgamess.com,https://yononewgamess.com/diwa-slots/
10278,funinjeet.com,https://funinjeet.com/casino
10278,funinjeet.com,https://funinjeet.com/mobile/slots
10278,funinjeet.com,https://funinjeet.com/mobile/sports/cricket
10278,funinjeet.com,https://funinjeet.com/mobile/in-play
10288,point-news.jp,https://point-news.jp/sp/article/?article_id=18188&media_id=
10288,point-news.jp,https://point-news.jp/sp/article/?article_id=18187&media_id=
10288,point-news.jp,https://point-news.jp/sp/article/?article_id=18186&media_id=
10288,point-news.jp,https://point-news.jp/sp/article/?article_id=18185&media_id=
10290,raj-darbar.com,https://raj-darbar.com/index.php
10290,raj-darbar.com,https://raj-darbar.com/current-month-record-chart.php
10290,raj-darbar.com,https://raj-darbar.com/login.php
10290,raj-darbar.com,https://raj-darbar.com/satta-record-chart.php?id=126&year=2026
10293,shillongteerground.com,https://shillongteerground.com/common-numbers/
10293,shillongteerground.com,https://shillongteerground.com/teer-live/
10293,shillongteerground.com,https://shillongteerground.com/dream-numbers/
10293,shillongteerground.com,https://shillongteerground.com/club-chart/
10299,yama96.jp,https://yama96.jp/home/?guid=on&rnd=1786611207
10303,google.td,https://mail.google.com/mail/&ogbl
10303,google.td,https://www.google.com/imghp?hl=en&ogbl
10303,google.td,https://accounts.google.com/ServiceLogin?hl=en&passive=true&continue=https://www.google.com/&ec=GAZAmgQ
10303,google.td,https://www.google.com/advanced_search?hl=en-PK&authuser=0
10315,louisville.edu,https://louisville.edu/academics/calendars
10315,louisville.edu,https://library.louisville.edu/home
10315,louisville.edu,https://louisville.edu/faculty-staff
10315,louisville.edu,https://louisville.edu/parent-family-association
10322,navercorp.com,https://navercorp.com/main
10322,navercorp.com,https://navercorp.com/company/about
10322,navercorp.com,https://navercorp.com/company/affiliates
10322,navercorp.com,https://navercorp.com/company/history
10336,retailrocket.ru,https://retailrocket.ru/retail-media
10336,retailrocket.ru,https://retailrocket.ru/automation
10336,retailrocket.ru,https://retailrocket.ru/personalization
10336,retailrocket.ru,https://retailrocket.ru/ai-search
10338,google.cm,https://mail.google.com/mail/&ogbl
10338,google.cm,https://www.google.com/imghp?hl=en&ogbl
10338,google.cm,https://accounts.google.com/ServiceLogin?hl=en&passive=true&continue=https://www.google.com/&ec=GAZAmgQ
10338,google.cm,https://www.google.com/advanced_search?hl=en-PK&authuser=0
10347,google.com.bn,https://mail.google.com/mail/&ogbl
10347,google.com.bn,https://www.google.com/imghp?hl=en&ogbl
10347,google.com.bn,https://accounts.google.com/ServiceLogin?hl=en&passive=true&continue=https://www.google.com/&ec=GAZAmgQ
10347,google.com.bn,https://www.google.com/advanced_search?hl=en-PK&authuser=0
10379,aad.org,https://www.aad.org/members
10379,aad.org,https://www.aad.org/public
10379,aad.org,https://www.aad.org/member/meetings-education
10379,aad.org,https://www.aad.org/advertise
10384,google.sm,https://mail.google.com/mail/&ogbl
10384,google.sm,https://www.google.com/imghp?hl=en&ogbl
10384,google.sm,https://accounts.google.com/ServiceLogin?hl=en&passive=true&continue=https://www.google.com/&ec=GAZAmgQ
10384,google.sm,https://www.google.com/advanced_search?hl=en-PK&authuser=0
10386,contentstack.com,https://explore.contentstack.com/contentcon
10386,contentstack.com,https://www.contentstack.com/academy
10386,contentstack.com,https://www.contentstack.com/docs
10386,contentstack.com,https://www.contentstack.com/login
10389,cleantalk.org,https://cleantalk.org/antispam
10389,cleantalk.org,https://cleantalk.org/help/api-main
10389,cleantalk.org,https://cleantalk.org/antispam-developers
10389,cleantalk.org,https://cleantalk.org/anti-spam-plugins
10424,investors.com,https://myibd.investors.com/secure/signin.aspx?eurl=https%3A%2F%2Fwww.investors.com&prompt=none
10424,investors.com,https://get.investors.com/ibd-live/6-month-offer/?src=A00627&trackingCode=a14baa3e&utm_source=i.com&utm_medium=NHPBroad&utm_campaign=SUMMER+SALE&utm_id=SS051326
10424,investors.com,https://get.investors.com/ibd/
10424,investors.com,https://get.investors.com/marketsurge/?intcode=gnvb%7Cgnvb%7CMarketSurge%7C2023%7C06%7Cmsp%7Cna%7C%7C198859&src=AKCAGE
10431,skysound7.com,https://skysound7.com/top/dance/
10431,skysound7.com,https://skysound7.com/top/rap/
10431,skysound7.com,https://skysound7.com/top/alternative/
10431,skysound7.com,https://skysound7.com/top/rock/
10434,reviewjournal.com,https://checkout.reviewjournal.com/def2?g2i_source=lvrj&g2i_medium=button&g2i_campaign=default&g2i_or_p=default
10434,reviewjournal.com,https://eedition.reviewjournal.com/html5/reader/production/default.aspx?pubname=&pubid=139ee3b9-eb9c-430e-a300-9ce1f1a0636c&utm_campaign=eedition&utm_medium=top_menu&utm_source=lvrj
10434,reviewjournal.com,https://www.reviewjournal.com/weather
10434,reviewjournal.com,https://www.reviewjournal.com/./news/
10437,dianomi.com,https://www.dianomi.com/for-investors/
10437,dianomi.com,https://www.dianomi.com/who-we-are/about/
10437,dianomi.com,https://www.dianomi.com/who-we-help/advertisers/
10437,dianomi.com,https://www.dianomi.com/who-we-help/publishers/
10451,albelli.nl,https://www.albelli.nl/blog
10451,albelli.nl,https://www.albelli.nl/blog/creatieve-ideeen
10451,albelli.nl,https://www.albelli.nl/blog/fotografie
10451,albelli.nl,https://www.albelli.nl/blog/momenten
10456,uqam.ca,https://uqam.ca/information/presentation/
10456,uqam.ca,https://uqam.ca/en/information/about/
10456,uqam.ca,https://uqam.ca/es/informacion/acerca/
10456,uqam.ca,https://uqam.ca/pt-br/informacao/sobre/
10480,lever.co,https://www.lever.co/demo
10480,lever.co,https://www.lever.co/pricing
10480,lever.co,https://www.lever.co/resources
10480,lever.co,https://www.lever.co/resources/ai-reality-check
10482,logicmonitor.com,https://www.logicmonitor.com/resources/logicmonitor-edwin-ai-total-economic-impact-study-by-forrester
10482,logicmonitor.com,https://www.logicmonitor.com/partners
10482,logicmonitor.com,https://www.logicmonitor.com/support
10482,logicmonitor.com,https://www.logicmonitor.com/pricing
10485,halara.com,https://www.halara.com/pages/aboutus
10485,halara.com,https://www.halara.com/activity/the-halara-circle
10485,halara.com,https://www.halara.com/activity/fabric-science
10485,halara.com,https://www.halara.com/activity/events
10488,nakheelteam.cc,https://dl.nakheelteam.cc/honista.apk
10500,getcourse.ru,https://getcourse.ru/register
10500,getcourse.ru,https://getcourse.ru/getcoursepay?utm_source=mainpage&utm_medium=features
10500,getcourse.ru,https://getcourse.ru/getpay
10500,getcourse.ru,https://getcourse.ru/startpoint?utm_source=gc_page&utm_medium=marafon&utm_campaign=redirect
10503,enabiz.gov.tr,https://enabiz.gov.tr/Account/Login?_st=1
10503,enabiz.gov.tr,https://enabiz.gov.tr/Account/SetLanguage?culture=en-US
10503,enabiz.gov.tr,https://enabiz.gov.tr/Account/SetLanguage?culture=de-DE
10503,enabiz.gov.tr,https://enabiz.gov.tr/Account/SetLanguage?culture=ar-SA
10504,the-ans.jp,https://the-ans.jp/column/
10504,the-ans.jp,https://the-ans.jp/column/play/soccer/
10504,the-ans.jp,https://the-ans.jp/column/play/baseball/
10504,the-ans.jp,https://the-ans.jp/column/play/tennis/
10509,nv.gov,https://nv.gov/agencies
10509,nv.gov,https://nv.gov/jobs
10509,nv.gov,https://www.nv.gov/online-services/
10509,nv.gov,https://www.nv.gov/jobs/
10516,deepika.com,https://www.deepika.com/business/skyline-sanctuary-apartments-158292
10516,deepika.com,https://www.deepika.com/eshopping
10516,deepika.com,https://www.deepika.com/user-login
10516,deepika.com,https://www.deepika.com/sports
10523,transmit.live,https://www.transmit.live/momentai
10523,transmit.live,https://www.transmit.live/solutions/for-brands
10523,transmit.live,https://www.transmit.live/solutions/for-dtc
10523,transmit.live,https://www.transmit.live/solutions/for-fast-channels
10535,dealer.com,https://apps.dealer.com/welcome/?_gl=1*4ggtpe*_gcl_au*OTk3NDExMDM0LjE3Mjc5NDIyOTQ.&_ga=2.233889690.50989006.1728383163-1405956794.1727942295
10535,dealer.com,https://www.dealer.com/solutions/
10535,dealer.com,https://www.dealer.com/solutions/websites/
10535,dealer.com,https://www.dealer.com/solutions/dealer-partnerships/
10540,gid.ru,https://gid.ru/products
10540,gid.ru,https://gid.ru/info
10540,gid.ru,https://gid.ru/news
10540,gid.ru,https://gid.ru/products/sso
10550,mouseflow.com,https://mouseflow.com/become-a-partner/
10550,mouseflow.com,https://mouseflow.com/technology-partner/
10550,mouseflow.com,https://mouseflow.com/about-us/
10550,mouseflow.com,https://mouseflow.com/careers/
10558,geniex.com,https://geniex.com/culture
10558,geniex.com,https://geniex.com/about
10558,geniex.com,https://policy.geniex.com/termsOfServiceV2-dark-nigeria.html?id=privacyPolicy
10558,geniex.com,https://policy.geniex.com/termsOfServiceV2-dark-nigeria.html
10561,square-enix.com,http://www.hd.square-enix.com/eng/
10561,square-enix.com,http://www.hd.square-enix.com/jpn/
10573,bidmatic.io,https://bidmatic.io/publishers/
10573,bidmatic.io,https://bidmatic.io/./ad-formats/display-banner-web/
10573,bidmatic.io,https://bidmatic.io/./ad-formats/video-web/
10573,bidmatic.io,https://bidmatic.io/./ad-formats/banner-amp/
10584,insee.fr,https://www.insee.fr/fr/information/2411108
10584,insee.fr,https://www.insee.fr/fr/information/5894637
10584,insee.fr,https://www.insee.fr/fr/information/8491408
10584,insee.fr,https://www.insee.fr/fr/accueil
10591,realtimetrains.co.uk,https://www.realtimetrains.co.uk/search/
10591,realtimetrains.co.uk,https://www.realtimetrains.co.uk/search/vehiclesearch
10591,realtimetrains.co.uk,https://www.realtimetrains.co.uk/search/fleetsearch
10591,realtimetrains.co.uk,https://www.realtimetrains.co.uk/plus/
10592,portaldozacarias.com.br,https://portaldozacarias.com.br/site/noticias/arte-e-fama/
10592,portaldozacarias.com.br,https://portaldozacarias.com.br/site/noticias/bizarro/
10592,portaldozacarias.com.br,https://portaldozacarias.com.br/site/noticias/ciancia-e-tecnologia/
10592,portaldozacarias.com.br,https://portaldozacarias.com.br/site/noticias/concursos/
10603,gameloop.com,https://www.gameloop.com/product/gameloop-download
10603,gameloop.com,https://www.gameloop.com/game
10603,gameloop.com,https://www.gameloop.com/blog/games
10603,gameloop.com,https://www.gameloop.com/about
10607,skcrtxr.com,https://auth.roxot-panel.com/account/reset-password
10607,skcrtxr.com,https://auth.roxot-panel.com/account/registration
10619,google.gl,https://mail.google.com/mail/&ogbl
10619,google.gl,https://www.google.com/imghp?hl=en&ogbl
10619,google.gl,https://accounts.google.com/ServiceLogin?hl=en&passive=true&continue=https://www.google.com/&ec=GAZAmgQ
10619,google.gl,https://www.google.com/advanced_search?hl=en-PK&authuser=0
10623,dc.gov,https://dc.gov/page/residents-resource-center
10623,dc.gov,https://dc.gov/page/new-resident-resources
10623,dc.gov,https://dc.gov/page/public-safety
10623,dc.gov,https://dc.gov/page/public-works-sanitation-and-utilities
10631,limo.media,https://limo.media/list/limomag
10631,limo.media,https://limo.media/category/money
10631,limo.media,https://limo.media/list/popular
10631,limo.media,https://limo.media/list/subcategory/%E3%83%8B%E3%83%A5%E3%83%BC%E3%82%B9%E8%A7%A3%E8%AA%AC
10639,gofund.me,https://www.gofundme.com/s
10639,gofund.me,https://www.gofundme.com/discover
10639,gofund.me,https://www.gofundme.com/c/act
10639,gofund.me,https://www.gofundme.com/c/supporter-space
10660,tcl.com,https://www.tcl.com/pk/en/air-conditioners
10660,tcl.com,https://www.tcl.com/pk/en/search
10660,tcl.com,https://www.tcl.com/pk/en/tvs
10660,tcl.com,https://www.tcl.com/pk/en/sqd-mini-led-tv
10664,sosalkino.app,https://wvw.sosalkino.guru/photos/
10664,sosalkino.app,https://wvw.sosalkino.guru/series/
10664,sosalkino.app,https://wvw.sosalkino.guru/categories/anal/
10664,sosalkino.app,https://wvw.sosalkino.guru/categories/bdsm/
10680,zepp.com,https://zepp.com/about-us
10680,zepp.com,https://zepp.com/solutions
10680,zepp.com,https://zepp.com/technology
10680,zepp.com,https://zepp.com/blog
10681,ebxcdn.com,https://www.echobox.com/social
10681,ebxcdn.com,https://www.echobox.com/email
10681,ebxcdn.com,https://www.echobox.com/resources/blog/spotlight-introducing-echobox-benchmarks-your-new-social-media-monitoring-solution/
10681,ebxcdn.com,https://www.echobox.com/social-ab-testing
10689,gucci.com,https://www.gucci.com/au/en_au/
10689,gucci.com,https://www.gucci.com/at/de/
10689,gucci.com,https://www.gucci.com/be/en_gb/
10689,gucci.com,https://www.gucci.com/bg/en_gb/
10696,anyflip.com,https://anyflip.com/quick-upload/
10696,anyflip.com,https://anyflip.com/explore/
10696,anyflip.com,https://anyflip.com/features/
10696,anyflip.com,https://anyflip.com/contact/
10701,fardayetaze.ir,https://www.fardayetaze.ir/health
10701,fardayetaze.ir,https://www.fardayetaze.ir/health/orthopedic
10701,fardayetaze.ir,https://www.fardayetaze.ir/health/skin-hair
10701,fardayetaze.ir,https://www.fardayetaze.ir/health/dietary
10705,winzip.com,https://www.winzip.com/en/
10705,winzip.com,https://www.winzip.com/en/product/winzip/
10705,winzip.com,https://www.winzip.com/en/product/winzip/suite/
10705,winzip.com,https://www.winzip.com/en/product/winzip/mac/
10710,google.me,https://mail.google.com/mail/&ogbl
10710,google.me,https://www.google.com/imghp?hl=en&ogbl
10710,google.me,https://accounts.google.com/ServiceLogin?hl=en&passive=true&continue=https://www.google.com/&ec=GAZAmgQ
10710,google.me,https://www.google.com/advanced_search?hl=en-PK&authuser=0
10715,arabnok.com,https://arabnok.com/categories/
10715,arabnok.com,https://arabnok.com/tags/
10715,arabnok.com,https://arabnok.com/category/%d8%aa%d8%b3%d8%b1%d9%8a%d8%a8-%d8%b3%d9%86%d8%a7%d8%a8/
10715,arabnok.com,https://arabnok.com/category/%d8%b3%d9%83%d8%b3-%d9%85%d9%86%d8%b2%d9%84%d9%8a/
10716,getjobber.com,https://www.getjobber.com/events/jobber-now-2026/
10716,getjobber.com,https://www.getjobber.com/es/
10716,getjobber.com,https://secure.getjobber.com/login
10716,getjobber.com,https://www.getjobber.com/features/quotes/
10717,uaserials.my,https://uaserials.my/seriess/
10717,uaserials.my,https://uaserials.my/cartoons/
10717,uaserials.my,https://uaserials.my/filmss/
10717,uaserials.my,https://uaserials.my/fcartoon/
10731,tampabay.com,http://tampabay.com/itsyourtimes?utm_source=NavBar&utm_medium=Text_Header&utm_campaign=IYT2026
10731,tampabay.com,https://www.tampabay.com/news/florida-politics/elections/2026/07/16/florida-election-candidates-primary-2026/
10731,tampabay.com,https://www.tampabay.com/news/
10731,tampabay.com,https://www.tampabay.com/news/tampa/
10736,springernature.com,https://www.springernature.com/gp
10736,springernature.com,https://www.springernature.com/cn
10736,springernature.com,https://www.springernature.com/de
10736,springernature.com,https://www.springernature.com/la
10751,v6velugu.com,https://www.v6velugu.com/hyderabad-news
10751,v6velugu.com,https://www.v6velugu.com/national-news
10751,v6velugu.com,https://www.v6velugu.com/telangana-latest-news-updates
10751,v6velugu.com,https://www.v6velugu.com/international-news
10753,playwire.com,https://www.playwire.com/creative-formats/flex-skin
10753,playwire.com,https://www.playwire.com/publisher-earnings-index
10753,playwire.com,https://ramp.playwire.com/login
10753,playwire.com,https://www.playwire.com/apply
10755,ornl.gov,https://www.ornl.gov/partnerships
10755,ornl.gov,https://www.ornl.gov/content/come-see-us
10755,ornl.gov,https://www.ornl.gov/project/contact-us
10755,ornl.gov,https://www.ornl.gov/ai
10766,mrush.mobi,https://mrush.mobi/recover_pw
10766,mrush.mobi,https://mrush.mobi/about_all
10788,giavang.org,https://giavang.org/trong-nuoc/
10788,giavang.org,https://giavang.org/khu-vuc/
10788,giavang.org,https://giavang.org/the-gioi/
10788,giavang.org,https://giavang.org/trong-nuoc/sjc/
10789,wikicv.net,https://wikicv.org/chuong-moi
10789,wikicv.net,https://wikicv.org/truyen-nam
10789,wikicv.net,https://wikicv.org/nu-tan
10789,wikicv.net,https://wikicv.org/dam-my
10811,cancerresearchuk.org,https://www.cancerresearchuk.org/get-involved/donate
10811,cancerresearchuk.org,https://www.cancerresearchuk.org/about-cancer
10811,cancerresearchuk.org,https://www.cancerresearchuk.org/get-involved
10811,cancerresearchuk.org,https://www.cancerresearchuk.org/our-research
10817,auswaertiges-amt.de,https://www.auswaertiges-amt.de/de/service/buergerservice-faq-kontakt
10817,auswaertiges-amt.de,https://www.auswaertiges-amt.de/de/gebaerdensprache
10817,auswaertiges-amt.de,https://www.auswaertiges-amt.de/de/leichte-sprache
10817,auswaertiges-amt.de,https://www.auswaertiges-amt.de/en/about-us/auslandsvertretungen/2676880-2676880
10822,google.im,https://mail.google.com/mail/&ogbl
10822,google.im,https://www.google.com/imghp?hl=en&ogbl
10822,google.im,https://accounts.google.com/ServiceLogin?hl=en&passive=true&continue=https://www.google.com/&ec=GAZAmgQ
10822,google.im,https://www.google.com/advanced_search?hl=en-PK&authuser=0
10831,ruckuswireless.com,https://www.ruckusnetworks.com/membership/
10831,ruckuswireless.com,https://www.ruckusnetworks.com/support/contact-us/
10831,ruckuswireless.com,https://www.ruckusnetworks.com/alliance-partners/
10831,ruckuswireless.com,https://www.ruckusnetworks.com/insights/
10853,avxee.com,https://www2.avxee.com/category/%e0%b8%ab%e0%b8%99%e0%b8%b1%e0%b8%87%e0%b9%83%e0%b8%ab%e0%b8%a1%e0%b9%88/
10853,avxee.com,https://www2.avxee.com/category/%e0%b8%8b%e0%b8%b1%e0%b8%9a%e0%b9%84%e0%b8%97%e0%b8%a2/
10853,avxee.com,https://www2.avxee.com/category/milf/
10853,avxee.com,https://www2.avxee.com/category/%e0%b8%82%e0%b9%88%e0%b8%a1%e0%b8%82%e0%b8%b7%e0%b8%99/
10854,zzaru.com,https://zzaru.com/tags/big-boobs
10854,zzaru.com,https://zzaru.com/tags/latina
10854,zzaru.com,https://zzaru.com/tags/anal
10854,zzaru.com,https://zzaru.com/tags/hardsex
10860,cdbaby.com,https://cdbaby.com/music-distribution/
10860,cdbaby.com,https://cdbaby.com/music-distribution/get-on-spotify/
10860,cdbaby.com,https://cdbaby.com/music-distribution/apple-music/
10860,cdbaby.com,https://cdbaby.com/music-distribution/sell-on-itunes/
10866,playarenax.in,https://playarenax.in/explore/detail/37.html
10866,playarenax.in,https://playarenax.in/explore/detail/20371.html
10866,playarenax.in,https://playarenax.in/explore/detail/52.html
10866,playarenax.in,https://playarenax.in/explore/detail/60068.html
10876,one8.com,https://one8.com/collections/featured-all
10876,one8.com,https://one8.com/collections/women-all
10876,one8.com,https://one8.com/collections/men-all
10876,one8.com,https://one8.com/collections/sneakers
10882,acadeu.com,https://acadeu.com/caracteristicas
10882,acadeu.com,https://acadeu.com/preguntas-frecuentes
10882,acadeu.com,https://acadeu.com/ayuda
10882,acadeu.com,https://acadeu.com/blog
10885,marxists.org,https://www.marxists.org/admin/search/index.htm
10885,marxists.org,https://www.marxists.org/admin/new/index.htm
10885,marxists.org,https://www.marxists.org/glossary/periodicals/archive/index.htm
10885,marxists.org,https://www.marxists.org/ebooks/index.htm
10889,intellij.net,https://www.jetbrains.com/store/
10889,intellij.net,https://www.jetbrains.com/idea/
10889,intellij.net,https://www.jetbrains.com/ides/
10889,intellij.net,https://www.jetbrains.com/idea/nextversion/
10897,denizbank.com,https://www.denizbank.com/kampanya/mobildeniz-firsatlari/denizbankli-olanlara-nakit-firsati-103651
10897,denizbank.com,https://www.denizbank.com/kampanya/mobildeniz-firsatlari/tl-mevduatiniza-hos-geldin-faizi-40738
10897,denizbank.com,https://www.denizbank.com/hakkimizda
10897,denizbank.com,https://www.denizbank.com/yatirimci-iliskileri
10914,mahayonogames.com,https://mahayonogames.com/all-games
10914,mahayonogames.com,https://mahayonogames.com/yono-games/yono-vip
10914,mahayonogames.com,https://mahayonogames.com/yono-games/gold-rummy
10914,mahayonogames.com,https://mahayonogames.com/yono-games/win-rummy
10919,mez.ink,https://mez.ink/about-us
10919,mez.ink,https://mez.ink/sign-in
10919,mez.ink,https://mez.ink/industry/tiktok-shop-brands
10919,mez.ink,https://mez.ink/marketing-leaders/jason-barnard
10921,exodus.io,https://www.exodus.com/pay
10921,exodus.io,https://www.exodus.com/staking-crypto
10921,exodus.io,https://exodus.com/contact-support
10921,exodus.io,https://www.exodus.com/assets
10937,auburn.edu,https://auburn.edu/privacy
10937,auburn.edu,https://auburn.edu/about/prospective-students
10937,auburn.edu,https://auburn.edu/students
10937,auburn.edu,https://auburn.edu/employees
10942,gmx.com,https://www.gmx.com/mail
10942,gmx.com,https://www.gmx.com/mail/create-email-address
10942,gmx.com,https://www.gmx.com/mail/app
10942,gmx.com,https://www.gmx.com/mail/mailcheck
10958,steemit.com,https://steemit.com/login.html
10958,steemit.com,https://steemit.com/welcome
10958,steemit.com,https://steemit.com/faq.html
10958,steemit.com,https://steemit.com/privacy.html
10968,ada.org,https://www.ada.org/join-the-ada/renew-ada-membership
10968,ada.org,https://www.ada.org/education/scientific-session
10968,ada.org,https://engage.ada.org/pages/storehome?utm_source=se_store_adaorg&utm_medium=referral&utm_campaign=prenavigation
10968,ada.org,https://www.ada.org/education/manage-your-dentpin
10969,y2mate.nu,https://y2mate.gs/faq/
10969,y2mate.nu,https://y2mate.gs/add-on/
10969,y2mate.nu,https://y2mate.gs/bookmarklet/
10969,y2mate.nu,https://y2mate.gs/terms-of-use/
10981,ala.org,https://www.ala.org/aboutala
10981,ala.org,https://connect.ala.org/home
10981,ala.org,https://www.ala.org/aboutala/sitesdirectory
10981,ala.org,https://www.ala.org/membership
10983,flexwebhosting.nl,https://www.flexwebhosting.nl/domeinnamen
10983,flexwebhosting.nl,https://www.flexwebhosting.nl/hosting
10983,flexwebhosting.nl,https://www.flexwebhosting.nl/producten-en-services/e-mail-pakketten
10983,flexwebhosting.nl,https://www.flexwebhosting.nl/servers
10987,ddnsgeek.com,https://www.dynu.com/ControlPanel/AddDomainRegistration
10987,ddnsgeek.com,https://www.dynu.com/DynamicDNS/IPUpdateClient/WindowsClient
10987,ddnsgeek.com,https://www.dynu.com/DynamicDNS/IPUpdateClient/MacOSX
10987,ddnsgeek.com,https://www.dynu.com/DynamicDNS/IPUpdateClient/DDClient
10992,samsungsds.com,http://www.samsungsds.com/en/news/1295098_5252.html
10992,samsungsds.com,http://www.samsungsds.com/en/news/1295097_5252.html
10992,samsungsds.com,http://www.samsungsds.com/en/news/1294947_5252.html
10992,samsungsds.com,http://www.samsungsds.com/en/downloads/sr.html
10997,jalalive.news,https://jalalive.news/berita-bola/
10997,jalalive.news,https://jalalive.news/karir-jalalive/
10997,jalalive.news,https://jalalive.news/kontak-kami/
10997,jalalive.news,https://jalalive.news/penulis/
11008,theathletic.com,https://www.nytimes.com/athletic/nfl/
11008,theathletic.com,https://www.nytimes.com/athletic/nba/
11008,theathletic.com,https://www.nytimes.com/athletic/mlb/
11008,theathletic.com,https://www.nytimes.com/athletic/nhl/
11038,onlineradiobox.com,https://onlineradiobox.com/privacy
11038,onlineradiobox.com,https://onlineradiobox.com/spa/
11038,onlineradiobox.com,https://onlineradiobox.com/deu/
11038,onlineradiobox.com,https://onlineradiobox.com/fra/
11059,lazada.vn,https://pages.lazada.vn/wow/gcp/route/lazada/vn/upr_1000345_lazada/channel/vn/upr-router/vn?wx_navbar_transparent=true&disable_smb=true&lzd_pc_navbar_hidden=true&hybrid=1&data_prefetch=true&prefetch_replace=1&at_iframe=1&wh_pid=/lazada/channel/vn/feedback/internal-feedback
11059,lazada.vn,https://pages.lazada.vn/wow/gcp/route/lazada/vn/upr_1000345_lazada/channel/vn/upr-router/vn?hybrid=1&data_prefetch=true&prefetch_replace=1&at_iframe=1&wh_pid=/lazada/channel/vn/trade/feedback
11059,lazada.vn,https://www.lazada.vn/wow/i/vn/VNCampaign/uu-dai-tren-lazada-app/
11059,lazada.vn,https://sellercenter.lazada.vn/apps/register/index?gsc=1
11060,pokiigame.com,https://pokiigame.com/aboutus
11060,pokiigame.com,https://pokiigame.com/developer
11060,pokiigame.com,https://pokiigame.com/affiliates
11060,pokiigame.com,https://pokiigame.com/contactus
11067,informationweek.com,https://www.informationweek.com/resources
11067,informationweek.com,https://www.informationweek.com/resources?page=1&types=Virtual+Event&types=Webinar
11067,informationweek.com,https://www.informationweek.com/about-us
11067,informationweek.com,https://www.informationweek.com/advertise
11080,equifax.com,https://www.equifax.com/personal/
11080,equifax.com,https://www.equifax.com/business/
11080,equifax.com,https://www.equifax.com/about-equifax/
11080,equifax.com,https://www.equifax.com/personal/credit-report-services/credit-dispute/
11081,airwallex.com,https://www.airwallex.com/global/blog/the-ai-era-has-no-home-market-build-accordingly
11081,airwallex.com,https://www.airwallex.com/global
11081,airwallex.com,https://www.airwallex.com/global/business-account
11081,airwallex.com,https://www.airwallex.com/global/business-account/global-accounts
11090,peppagame.com,https://peppagame.com/hot
11090,peppagame.com,https://peppagame.com/p/5xl-extreme-driving
11090,peppagame.com,https://peppagame.com/p/5xl-color-monster
11090,peppagame.com,https://peppagame.com/p/5xl-jump-duck-jump
11105,yourdictionary.com,https://www.yourdictionary.com/dictionary-definitions
11105,yourdictionary.com,https://www.yourdictionary.com/articles/grammar
11105,yourdictionary.com,https://www.yourdictionary.com/articles/vocabulary
11105,yourdictionary.com,https://www.yourdictionary.com/articles/usage
11107,theme-fusion.com,https://avada.com/feature/live-visual-builder/
11107,theme-fusion.com,https://avada.com/feature/header-builder/
11107,theme-fusion.com,https://avada.com/feature/footer-builder/
11107,theme-fusion.com,https://avada.com/feature/form-builder/
11116,zebzoub.com,https://zeebzoob.com/category/%d8%b3%d9%83%d8%b3-%d9%85%d8%aa%d8%b1%d8%ac%d9%85/
11116,zebzoub.com,https://zeebzoob.com/category/%d8%b3%d9%83%d8%b3-%d8%a7%d9%85%d9%87%d8%a7%d8%aa/
11116,zebzoub.com,https://zeebzoob.com/category/%d8%b3%d9%83%d8%b3-%d8%a7%d8%ae%d9%88%d8%a7%d8%aa/
11116,zebzoub.com,https://zeebzoob.com/category/%d8%b3%d9%83%d8%b3-%d8%af%d9%8a%d9%88%d8%ab-%d8%af%d9%8a%d8%a7%d8%ab%d8%a9/
11120,augsburger-allgemeine.de,https://www.augsburger-allgemeine.de/sso/login
11120,augsburger-allgemeine.de,https://www.augsburger-allgemeine.de/meine/themen
11120,augsburger-allgemeine.de,https://www.augsburger-allgemeine.de/community/meine-kommentare
11120,augsburger-allgemeine.de,https://www.augsburger-allgemeine.de/meine/heimatorte
11125,eventbrite.ca,https://www.eventbrite.ca/signin/signup?referrer=%2Fmytickets
11125,eventbrite.ca,https://www.eventbrite.ca/signin/
11125,eventbrite.ca,https://www.eventbrite.ca/d/local/events/
11125,eventbrite.ca,https://www.eventbrite.ca/l/sell-tickets-online/
11135,huffingtonpost.fr,https://www.huffingtonpost.fr/politique/
11135,huffingtonpost.fr,https://www.huffingtonpost.fr/municipales-2026/
11135,huffingtonpost.fr,https://www.huffingtonpost.fr/emmanuel-macron/
11135,huffingtonpost.fr,https://www.huffingtonpost.fr/francois-bayrou/
11146,link.me,https://link.me/business
11146,link.me,https://link.me/agencies
11146,link.me,https://link.me/hospitality
11146,link.me,https://link.me/login
11149,health.gov,https://health.gov/office-assistant-secretary-health
11149,health.gov,https://health.gov/about-oash/oash-leadership
11149,health.gov,https://health.gov/about-oash/office-assistant-secretary-health-organizational-chart
11149,health.gov,https://health.gov/about-oash/news
11151,nz.ua,https://nz.ua/page/shop-window
11151,nz.ua,https://nz.ua/dashboard/global-news
11151,nz.ua,https://nz.ua/page/about
11151,nz.ua,https://nz.ua/page/support
11155,34sp.com,https://www.34sp.com/view-basket
11155,34sp.com,https://www.34sp.com/why-choose-us/
11155,34sp.com,https://www.34sp.com/small-businesses/
11155,34sp.com,https://www.34sp.com/developers/
11158,salary.com,https://www.salary.com/platform
11158,salary.com,https://www.salary.com/platform/companalyst
11158,salary.com,https://www.salary.com/platform/pay-equity-suite
11158,salary.com,https://www.salary.com/platform/compxl
11164,hostland.ru,https://www.hostland.ru/hosting
11164,hostland.ru,https://www.hostland.ru/oferta.html
11164,hostland.ru,https://www.hostland.ru/contacts
11164,hostland.ru,https://www.hostland.ru/services/domain
11175,usdoj.gov,https://www.justice.gov/agencies/chart/grid
11175,usdoj.gov,https://www.justice.gov/action-center/find-help-and-information-crime-victims
11175,usdoj.gov,https://www.justice.gov/contact-us
11175,usdoj.gov,https://www.justice.gov/about
11180,angkanet22.com,https://angkanet26.com/paito-warna-hongkong-pools/
11180,angkanet22.com,https://angkanet26.com/paito-warna-singapore/
11180,angkanet22.com,https://angkanet26.com/rekap-2d/
11180,angkanet22.com,https://angkanet26.com/rekap-3d/
11188,deseret.com,https://www.deseret.com/magazine/
11188,deseret.com,https://pages.deseret.com/subscribe?utm_source=supernav&utm_medium=site&utm_campaign=deseretnews/
11188,deseret.com,https://www.deseret.com/live/war-in-iran-latest-news-information-analysis/
11188,deseret.com,https://pages.deseret.com/newsletters?_ga=2.100981764.403122023.1708847125-425278952.1696450434/
11192,nic.buzz,https://get.buzz/about-us/
11192,nic.buzz,https://get.buzz/tourism/
11192,nic.buzz,https://get.buzz/bee/
11192,nic.buzz,https://get.buzz/cannabis/
11196,bollyhub.info,https://bollybest.com/hollywood-movies/
11196,bollyhub.info,https://bollybest.com/bollywood-movies/
11196,bollyhub.info,https://bollybest.com/dual-audio-hindi-english-movies/
11196,bollyhub.info,https://bollybest.com/bollywood-movies/1080p-bollywood-movies-dvdrip-brrip/
11200,bokepbox.tv,https://bokepbox.day/category/bokep-indo/
11200,bokepbox.tv,https://bokepbox.day/category/bokep-jepang/
11200,bokepbox.tv,https://bokepbox.day/category/bokep-barat/
11200,bokepbox.tv,https://bokepbox.day/hubungi-kami/
11209,uschamber.com,https://www.uschamber.com/small-business/how-small-businesses-are-fueling-u-s-job-growth
11209,uschamber.com,https://www.uschamber.com/live/soab
11209,uschamber.com,https://www.uschamber.com/economy/america-at-250-celebrating-free-enterprise
11209,uschamber.com,https://www.uschamber.com/economy
11210,sm.cn,https://m.sm.cn/about
11210,sm.cn,https://m.sm.cn/service
11218,sex-masry.com,https://www.sex-masry.com/latest-updates/
11218,sex-masry.com,https://www.sex-masry.com/top-rated/
11218,sex-masry.com,https://www.sex-masry.com/most-popular/
11218,sex-masry.com,https://www.sex-masry.com/categories/
11221,twitpic.com,https://twitpic.com/static/tos
11221,twitpic.com,https://twitpic.com/static/privacy
11227,abdelmaaboud.com,https://abdelmaaboud.com/login
11227,abdelmaaboud.com,https://abdelmaaboud.com/register
11247,ulluwebseries.one,https://ulluwebseries.me/all-ott/
11247,ulluwebseries.one,https://ulluwebseries.me/series/
11247,ulluwebseries.one,https://ulluwebseries.me/models/
11247,ulluwebseries.one,https://ulluwebseries.me/audio-sex-story/
11249,apptimize.com,https://www.airship.com/resources/total-economic-impact/
11249,apptimize.com,https://www.airship.com/company/why-airship/
11249,apptimize.com,https://www.airship.com/platform/orchestrate-customer-journeys/
11249,apptimize.com,https://www.airship.com/platform/fine-tune-with-experimentation/
11274,eduvulcan.pl,https://eduvulcan.pl/utworzKonto
11274,eduvulcan.pl,https://eduvulcan.pl/logowanie
11274,eduvulcan.pl,https://eduvulcan.pl/game
11274,eduvulcan.pl,https://eduvulcan.pl/dokumenty/regulamin
11279,transmissionbt.com,https://transmissionbt.com/download
11279,transmissionbt.com,https://transmissionbt.com/addons
11279,transmissionbt.com,https://transmissionbt.com/donate
11285,leadsafrica.com,https://leadsafrica.com/signin
11285,leadsafrica.com,https://leadsafrica.com/signup
11285,leadsafrica.com,https://leadsafrica.com/privacy
11285,leadsafrica.com,https://leadsafrica.com/terms
11294,santander.co.uk,https://www.santander.co.uk/select
11294,santander.co.uk,https://www.santander.co.uk/business
11294,santander.co.uk,https://www.santander.co.uk/corporate
11294,santander.co.uk,https://retail.santander.co.uk/ENRIUK_NS_ENS/BtoChannelDriver.ssobto?dse_operationName=Access_ENRIUK
11300,123-hds.com,https://www.123-hdx.com/%e0%b8%ab%e0%b8%99%e0%b8%b1%e0%b8%87%e0%b9%83%e0%b8%ab%e0%b8%a1%e0%b9%88-2026
11300,123-hds.com,https://www.123-hdx.com/%e0%b8%ab%e0%b8%99%e0%b8%b1%e0%b8%87%e0%b9%83%e0%b8%ab%e0%b8%a1%e0%b9%88-2025
11300,123-hds.com,https://www.123-hdx.com/%e0%b8%ab%e0%b8%99%e0%b8%b1%e0%b8%87%e0%b9%83%e0%b8%ab%e0%b8%a1%e0%b9%88-2024
11300,123-hds.com,https://www.123-hdx.com/%e0%b8%ab%e0%b8%99%e0%b8%b1%e0%b8%87%e0%b9%83%e0%b8%ab%e0%b8%a1%e0%b9%88-2023
11302,google.tk,https://www.google.tk/imghp?hl=en&ogbl
11302,google.tk,https://www.google.tk/advanced_search?hl=en-PK&authuser=0
11302,google.tk,https://www.google.tk/setprefs?sig=0_oibEBocNatwAHvHSfmb2U3XH1L0%3D&hl=ur&source=homepage&sa=X&ved=0ahUKEwjt7YPWnJ2WAxVsRKQEHRATO2kQ2ZgBCAU
11302,google.tk,https://www.google.tk/setprefs?sig=0_oibEBocNatwAHvHSfmb2U3XH1L0%3D&hl=ps&source=homepage&sa=X&ved=0ahUKEwjt7YPWnJ2WAxVsRKQEHRATO2kQ2ZgBCAY
11305,boomplay.com,https://www.boomplay.com/privacyPolicy/
11305,boomplay.com,https://www.boomplay.com/term/
11305,boomplay.com,https://www.boomplay.com/download
11305,boomplay.com,https://www.boomplay.com/trending-songs
11342,commbank.com.au,https://www.commbank.com.au/banking.html?ei=mv_banking
11342,commbank.com.au,https://www.commbank.com.au/home-loans.html?ei=mv_home-loans
11342,commbank.com.au,https://www.commbank.com.au/insurance.html?ei=mv_insurance
11342,commbank.com.au,https://www.commbank.com.au/investing-and-super.html?ei=mv_investing-super
11345,espn.co.uk,https://www.espn.co.uk/football/
11345,espn.co.uk,https://www.espn.co.uk/nfl/
11345,espn.co.uk,https://www.espn.co.uk/nba/
11345,espn.co.uk,https://www.espn.co.uk/f1/
11376,rockylinux.org,https://rockylinux.org/news
11376,rockylinux.org,https://rockylinux.org/download
11376,rockylinux.org,https://docs.rockylinux.org/guides/migrate2rocky/
11376,rockylinux.org,https://koji.rockylinux.org/koji/builds?tagID=7763
11399,hackerrank.com,https://www.hackerrank.com/products/screen/
11399,hackerrank.com,https://www.hackerrank.com/products/interview/
11399,hackerrank.com,https://www.hackerrank.com/products/engage/
11399,hackerrank.com,https://www.hackerrank.com/products/skillup/
11423,vegamovie.sn,https://vegamoviess.biz/bollywood-movies/
11423,vegamovie.sn,https://vegamoviess.biz/bollywood-movies/1080p-bollywood-movies-dvdrip-brrip/
11423,vegamovie.sn,https://vegamoviess.biz/bollywood-movies/720p-bollywood-movies-dvdrip-brrip/
11423,vegamovie.sn,https://vegamoviess.biz/bollywood-movies/bollywood-hevc-movies-100mb-mkv/
11424,convertio.co,https://convertio.co/pricing/?utm_source=header
11424,convertio.co,https://convertio.co/download/
11424,convertio.co,https://convertio.co/audio-converter/
11424,convertio.co,https://convertio.co/video-converter/
11426,geekwire.com,https://www.geekwire.com/amazon/
11426,geekwire.com,https://www.geekwire.com/ai/
11426,geekwire.com,https://www.geekwire.com/civic/
11426,geekwire.com,https://www.geekwire.com/geeklife/
11446,vogueplay.com,https://vogueplay.com/spielautomaten/
11446,vogueplay.com,https://vogueplay.com/book-ra/
11446,vogueplay.com,https://vogueplay.com/eye-horus-slot/
11446,vogueplay.com,https://vogueplay.com/40-super-hot-kostenlos-online-spielen/
11460,filmywap.garden,https://www.filmywap.social/spider-man-brand-new-day-(2026)-hollywood-hindi-dubbed.html
11460,filmywap.garden,https://www.filmywap.social/gatta-kusthi-2-(2026)-hindi-dubbed-movie.html
11460,filmywap.garden,https://www.filmywap.social/hai-jawani-toh-ishq-hona-hai-(2026)-hindi-movie.html
11460,filmywap.garden,https://www.filmywap.social/maa-inti-bangaram-(2026)-hindi-hq-dubbed-movie.html
11481,olxkpk.com,https://solcellerlantbruk.nu/products/mid-autumn-of-love-mooncake
11481,olxkpk.com,https://solcellerlantbruk.nu/products/mid-autumn-of-joy-mooncake
11481,olxkpk.com,https://solcellerlantbruk.nu/products/mid-autumn-of-fortune-mooncake
11481,olxkpk.com,https://solcellerlantbruk.nu/products/mid-autumn-festival-mooncake
11484,pos4dtototogel80.com,https://pos4dtototogel86.com/password/reset
11484,pos4dtototogel80.com,https://pos4dtototogel86.com/register
11484,pos4dtototogel80.com,https://pos4dtototogel86.com/mobile
11484,pos4dtototogel80.com,https://pos4dtototogel86.com/cardgames
11496,tkor124.com,https://tkor143.com/웹툰
11496,tkor124.com,https://tkor143.com/애니
11496,tkor124.com,https://tkor143.com/주소안내
11496,tkor124.com,https://tkor143.com/단행본
11502,tkor130.com,https://tkor143.com/웹툰
11502,tkor130.com,https://tkor143.com/애니
11502,tkor130.com,https://tkor143.com/주소안내
11502,tkor130.com,https://tkor143.com/단행본
11520,usajobs.gov,https://www.usajobs.gov/applicant/profile/dashboard/
11520,usajobs.gov,https://www.usajobs.gov/applicant/profile/
11520,usajobs.gov,https://www.usajobs.gov/applicant/document/resumes/
11520,usajobs.gov,https://www.usajobs.gov/applicant/notifications/
11528,udacity.com,https://www.udacity.com/course/ai-engineering-with-claude--nd7426
11528,udacity.com,https://www.udacity.com/course/agentic-ai--nd900
11528,udacity.com,https://www.udacity.com/catalog
11528,udacity.com,https://www.udacity.com/course/generative-ai--nd608
11548,blogspot.in,https://mail.google.com/mail/&ogbl
11548,blogspot.in,https://www.google.com/imghp?hl=en&ogbl
11548,blogspot.in,https://accounts.google.com/ServiceLogin?hl=en&passive=true&continue=https://www.google.com/&ec=GAZAmgQ
11548,blogspot.in,https://www.google.com/advanced_search?hl=en-PK&authuser=0
11552,azlyrics.com,https://www.azlyrics.com/a.html
11552,azlyrics.com,https://www.azlyrics.com/b.html
11552,azlyrics.com,https://www.azlyrics.com/c.html
11552,azlyrics.com,https://www.azlyrics.com/d.html
11554,uplynk.com,https://www.uplynk.com/solutions/acquire
11554,uplynk.com,https://www.uplynk.com/solutions/manage
11554,uplynk.com,https://www.uplynk.com/solutions/monetize
11554,uplynk.com,https://www.uplynk.com/solutions/deliver
11566,intechopen.com,https://www.intechopen.com/books
11566,intechopen.com,https://www.intechopen.com/series
11566,intechopen.com,https://www.intechopen.com/journals
11566,intechopen.com,https://www.intechopen.com/publish
11570,keymachine.de,https://www.keyweb.de/de/
11570,keymachine.de,https://www.keyweb.de/de/keyweb/serverstandort-deutschland
11570,keymachine.de,https://www.keyweb.de/de/keyweb/green-hosting
11570,keymachine.de,https://www.keyweb.de/de/keyweb/rechenzentrum
11576,latercera.com,https://www.latercera.com/canal/politica/
11576,latercera.com,https://www.latercera.com/canal/nacional/
11576,latercera.com,https://www.latercera.com/canal/pulso/
11576,latercera.com,https://www.latercera.com/canal/tecnologia/
11586,pawns.app,https://link.pawns.app/store?channel=sign+up+button&deep_link_value=https%3A%2F%2Fdashboard.pawns.app%2Fclaim-referral%3Futm_content%3Dsign%2Bup%2Bbutton%26utm_medium%3Dhome%26utm_source%3Dweb&utm_source=web&utm_medium=home&utm_content=sign+up+button
11586,pawns.app,https://link.pawns.app/store?channel=banner&deep_link_value=https%3A%2F%2Fdashboard.pawns.app%2Fclaim-referral%3Futm_content%3Dbanner%26utm_medium%3Dhome%26utm_source%3Dweb&utm_source=web&utm_medium=home&utm_content=banner
11586,pawns.app,https://pawns.app/paid-surveys/
11586,pawns.app,https://pawns.app/paid-games/
11598,time.is,https://time.is/log_in
11598,time.is,https://time.is/Jauharabad
11598,time.is,https://time.is/h/11f1d6
11598,time.is,https://time.is/Tokyo
11604,glotgrx.com,https://glotgrx.com/manual
11609,knock.app,https://knock.app/pricing
11609,knock.app,https://knock.app/login
11609,knock.app,https://dashboard.knock.app/signup
11609,knock.app,https://knock.app/agents
11625,truenas.com,https://www.truenas.com/v-series/
11625,truenas.com,https://www.truenas.com/m-series/
11625,truenas.com,https://www.truenas.com/f-series/
11625,truenas.com,https://www.truenas.com/r-series/
11627,psychiatry.org,https://www.psychiatry.org/psychiatrists/advocacy/advocacy-action-center
11627,psychiatry.org,https://www.psychiatry.org/about-apa
11627,psychiatry.org,https://www.psychiatry.org/about-apa/vision-mission
11627,psychiatry.org,https://www.psychiatry.org/about-apa/meet-our-organization
11635,druva.com,https://www.druva.com/use-cases/ai-resilience
11635,druva.com,https://www.druva.com/use-cases/ai-resilience/ai
11635,druva.com,https://www.druva.com/use-cases/ai-resilience/ai/claude-backup
11635,druva.com,https://www.druva.com/use-cases/ai-resilience/ai/microsoft-copilot
11638,merit.net,https://www.merit.edu/support
11638,merit.net,https://www.merit.edu/about/
11638,merit.net,https://www.merit.edu/about/history/
11638,merit.net,https://www.merit.edu/about/governance/
11642,blendlabs.com,https://blend.com/products/mortgage-suite/
11642,blendlabs.com,https://blend.com/products/mortgage-suite/originations/
11642,blendlabs.com,https://blend.com/products/mortgage-suite/verifications/
11642,blendlabs.com,https://blend.com/products/mortgage-suite/lender-tools/
11647,usenix.org,https://www.usenix.org/user/login
11647,usenix.org,https://www.usenix.org/about
11647,usenix.org,https://www.usenix.org/board
11647,usenix.org,https://www.usenix.org/board-meeting-minutes
11659,fronius.com,https://www.fronius.com/en/solar-energy
11659,fronius.com,https://www.fronius.com/en/welding
11659,fronius.com,https://www.fronius.com/en/about-us
11659,fronius.com,https://www.fronius.com/en/about-us/updates/news-and-press
11663,awwwards.com,https://www.awwwards.com/websites/
11663,awwwards.com,https://www.awwwards.com/websites/nominees/
11663,awwwards.com,https://www.awwwards.com/websites/sites_of_the_day/
11663,awwwards.com,https://www.awwwards.com/websites/sites_of_the_month/
11665,ustc.edu.cn,https://ustc.edu.cn/zxss.htm
11665,ustc.edu.cn,http://lswhw.ustc.edu.cn/index.php/index/lists/009
11665,ustc.edu.cn,https://ustc.edu.cn/xxgk/xxjj.htm
11665,ustc.edu.cn,https://ustc.edu.cn/xxgk/xrld.htm
11674,google.ga,https://mail.google.com/mail/&ogbl
11674,google.ga,https://www.google.com/imghp?hl=en&ogbl
11674,google.ga,https://accounts.google.com/ServiceLogin?hl=en&passive=true&continue=https://www.google.com/&ec=GAZAmgQ
11674,google.ga,https://www.google.com/advanced_search?hl=en-PK&authuser=0
11691,ns.nl,https://www.ns.nl/reisplanner
11691,ns.nl,https://www.ns.nl/reisinformatie/actuele-situatie-op-het-spoor
11691,ns.nl,https://www.ns.nl/reizen/ns-app
11691,ns.nl,https://www.ns.nl/reizen/in-de-trein/fiets-in-de-trein
11696,carrierzone.com,https://carrierzone.com/index.html
11696,carrierzone.com,https://carrierzone.com/policy.html
11696,carrierzone.com,https://carrierzone.com/abuse.html
11696,carrierzone.com,https://carrierzone.com/contact.html
11716,uiscom.ru,https://www.uiscom.ru/politika-konfidencialnosti/
11716,uiscom.ru,https://www.uiscom.ru/poluchit-konsultatsiyu/
11716,uiscom.ru,https://www.uiscom.ru/basket/
11716,uiscom.ru,https://www.uiscom.ru/podderzhka/
11727,survicate-cdn.com,https://panel.survicate.com/signup
11727,survicate-cdn.com,https://survicate.com/survey-software/
11727,survicate-cdn.com,https://survicate.com/insights-hub/
11727,survicate-cdn.com,https://survicate.com/feedback-analytics/
11729,gtmetrix.com,https://gtmetrix.com/features.html
11729,gtmetrix.com,https://gtmetrix.com/free-plan-features.html
11729,gtmetrix.com,https://gtmetrix.com/why-gtmetrix-pro.html
11729,gtmetrix.com,https://gtmetrix.com/blog/gtmetrix-mcp/
11746,guidestar.org,https://www.guidestar.org/search
11746,guidestar.org,https://www.guidestar.org/Account/Register?returnUrl=https%3A%2F%2Fwww.guidestar.org%2F
11746,guidestar.org,https://www.guidestar.org/Account/Login?returnUrl=https%3A%2F%2Fwww.guidestar.org%2F
11771,forecast7.com,https://forecast7.com/en/privacy/
11771,forecast7.com,https://forecast7.com/en/terms/
11771,forecast7.com,https://forecast7.com/en/contact/
11772,aqara.com,https://www.aqara.com/en/
11772,aqara.com,https://www.aqara.com/en/solutions/
11772,aqara.com,https://www.aqara.com/en/business/
11772,aqara.com,https://www.aqara.com/en/product/hub/
11774,aternity.com,https://pages.riverbed.com/how-360-digital-experience-prevents-disruption-wb.html
11774,aternity.com,https://partners.riverbed.com/landing-page
11774,aternity.com,https://support.riverbed.com/content/login/login_support.html
11774,aternity.com,https://www.riverbed.com/contact-us/
11802,booksy.com,https://biz.booksy.com/en-us/?utm_source=cust_web&utm_medium=button&utm_campaign=b2bb2csection
11802,booksy.com,https://booksy.com/en-us/s/hair-salon
11802,booksy.com,https://booksy.com/en-us/s/barber-shop
11802,booksy.com,https://booksy.com/en-us/s/nail-salon
11803,ageverif.com,https://webmasters.ageverif.com/sign-in
11803,ageverif.com,https://www.ageverif.com/faq
11803,ageverif.com,https://www.ageverif.com/compliance-and-policies-framework
11803,ageverif.com,https://www.ageverif.com/challenges-availability
11807,auction.co.kr,https://www.auction.co.kr/n/allkill
11807,auction.co.kr,https://www.auction.co.kr/n/allkill?goodsCode=D790850875
11807,auction.co.kr,https://www.auction.co.kr/n/allkill?goodsCode=F531243247
11807,auction.co.kr,https://www.auction.co.kr/n/allkill?goodsCode=F531310941
11808,siteorigin.com,https://siteorigin.com/plugins/
11808,siteorigin.com,https://siteorigin.com/page-builder/
11808,siteorigin.com,https://siteorigin.com/widgets-bundle/
11808,siteorigin.com,https://siteorigin.com/css/
11811,splashtop.eu,https://www.splashtop.com/about/20-years-of-trust
11811,splashtop.eu,https://www.splashtop.com/pricing
11811,splashtop.eu,https://www.splashtop.com/downloads
11811,splashtop.eu,https://redirect.splashtop.com/my/login
11820,cookiepro.com,https://www.onetrust.com/resources/gartner-magic-quadrant-for-ai-governance-platforms-2026-report/
11820,cookiepro.com,https://www.onetrust.com/index/
11820,cookiepro.com,https://www.onetrust.com/content/onetrust/us/en/solutions/ai-governance
11820,cookiepro.com,https://www.onetrust.com/content/onetrust/us/en/solutions/consent-and-preferences
11831,getsitecontrol.com,https://getsitecontrol.com/templates/
11831,getsitecontrol.com,https://getsitecontrol.com/email-templates/
11831,getsitecontrol.com,https://getsitecontrol.com/help/
11831,getsitecontrol.com,https://getsitecontrol.com/usecase/
11837,profinance.ru,https://www.profinance.ru/privacy/
11837,profinance.ru,https://www.profinance.ru/quote_show.php
11837,profinance.ru,https://www.profinance.ru/quotes/
11837,profinance.ru,https://www.profinance.ru/chart/
11845,carleton.ca,https://carleton.ca/about/
11845,carleton.ca,https://carleton.ca/about/governance/
11845,carleton.ca,https://carleton.ca/about/facts-figures/
11845,carleton.ca,https://carleton.ca/about/reports/
11846,fastercapital.com,https://fastercapital.com/blogs.html
11846,fastercapital.com,https://fastercapital.com/faq.html
11846,fastercapital.com,https://fastercapital.com/about.html
11846,fastercapital.com,https://fastercapital.com/testimonials.html
11848,nsc.ru,http://nsc.ru/cmn/
11848,nsc.ru,http://nsc.ru/cmn/general.html
11848,nsc.ru,http://nsc.ru/cmn/struct/
11848,nsc.ru,http://nsc.ru/sbras_nsu/
11851,kajabi.com,https://www.kajabi.com/learn/kajabi-live-q-a
11851,kajabi.com,https://www.kajabi.com/product/backstage
11851,kajabi.com,https://www.kajabi.com/product/online-courses
11851,kajabi.com,https://www.kajabi.com/product/communities
11869,suno.ai,https://suno.com/home
11869,suno.ai,https://suno.com/about
11869,suno.ai,https://suno.com/careers
11869,suno.ai,https://suno.com/blog?tag=all
11870,dvrlists.com,https://dvrlists.com/login.aspx
11870,dvrlists.com,https://dvrlists.com/reg.aspx
11870,dvrlists.com,https://dvrlists.com/passlook.aspx
11870,dvrlists.com,https://dvrlists.com/privacy.aspx
11882,cyberpanel.net,https://cyberpanel.net/cloud-vps
11882,cyberpanel.net,https://cyberpanel.net/managed-wordpress-hosting
11882,cyberpanel.net,https://cyberpanel.net/next-gen-cloud
11882,cyberpanel.net,https://cyberpanel.net/website-backup
11884,etrusted.com,https://business.trustedshops.de/produkte/trustbadge-ai-plus-guetesiegel
11884,etrusted.com,https://business.trustedshops.de/produkte/trstd-insights
11884,etrusted.com,https://business.trustedshops.de/produkte/bewertungen
11884,etrusted.com,https://business.trustedshops.de/produkte/reputation-manager
11889,sparkpostmail.com,https://bird.com/en-us
11889,sparkpostmail.com,https://bird.com/en-us/products
11889,sparkpostmail.com,https://bird.com/en-us/products/email
11889,sparkpostmail.com,https://bird.com/en-us/products/sms
11891,fontanka.ru,https://www.fontanka.ru/kupony/
11891,fontanka.ru,https://www.fontanka.ru/weather.html
11891,fontanka.ru,https://www.fontanka.ru/maps-traffic/
11891,fontanka.ru,https://www.fontanka.ru/exchange/
11893,csod.com,https://www.cornerstoneondemand.com/connect/
11893,csod.com,https://www.cornerstoneondemand.com/partners/
11893,csod.com,https://www.cornerstoneondemand.com/community-and-support/
11893,csod.com,https://community.cornerstoneondemand.com/private/login
11907,wp-rocket.me,https://wp-rocket.me/bloggers/
11907,wp-rocket.me,https://wp-rocket.me/ecommerce/
11907,wp-rocket.me,https://wp-rocket.me/freelancers-agencies/
11907,wp-rocket.me,https://wp-rocket.me/testimonials/
11910,ready.gov,https://www.ready.gov/es
11910,ready.gov,https://www.ready.gov/be-informed
11910,ready.gov,https://www.ready.gov/alerts
11910,ready.gov,https://www.ready.gov/avalanche
11919,global.fujitsu,https://global.fujitsu/en-global
11919,global.fujitsu,https://global.fujitsu/en-global/about
11919,global.fujitsu,https://global.fujitsu/en-global/about/our-business
11919,global.fujitsu,https://global.fujitsu/en-global/about/corporate/locations
11922,gatekeeperconsent.com,https://gatekeeperconsent.com/docs/prologue/introduction/
11923,zoznam.sk,https://www.zoznam.sk/katalog/
11923,zoznam.sk,https://sportky.zoznam.sk/c/469825/video-vykon-roka-a-splneny-zlaty-sen-emma-zapletalova-vybojovala-titul-majsterky-europy
11923,zoznam.sk,https://sportky.zoznam.sk/c/469763/neuer-prehovoril-o-kloppovi-aj-o-svojom-nastupcovi-legenda-bayernu-ma-jasno
11923,zoznam.sk,https://sportky.zoznam.sk/c/469829/zapletalova-po-vytuzenom-titule-majsterky-europy-bol-to-moj-cas-zaziarit
11932,koreatimes.co.kr,https://www.koreatimes.co.kr/mytimes
11932,koreatimes.co.kr,https://www.koreatimes.co.kr/latest
11932,koreatimes.co.kr,https://www.koreatimes.co.kr/topic/heat-wave
11932,koreatimes.co.kr,https://www.koreatimes.co.kr/topic/lee-jae-myung
11935,sjsu.edu,https://sjsu.edu/visit/index.php
11935,sjsu.edu,https://sjsu.edu/admissions/index.php
11935,sjsu.edu,https://sjsu.edu/giving/
11935,sjsu.edu,https://www.sjsu.edu/visit/index.php
11936,gamblingtherapy.org,https://gamblingtherapy.org/user/login
11936,gamblingtherapy.org,https://gamblingtherapy.org/es/
11936,gamblingtherapy.org,https://gamblingtherapy.org/pt-pt/
11936,gamblingtherapy.org,https://gamblingtherapy.org/pt-br/
11939,z.com,https://z.com/philosophy
11939,z.com,https://z.com/history
11939,z.com,https://z.com/responsibility
11939,z.com,https://z.com/global
11942,contentpass.net,https://www.contentpass.net/de/publications
11942,contentpass.net,https://www.contentpass.net/de/privacy
11942,contentpass.net,https://www.contentpass.net/de/imprint
11942,contentpass.net,https://www.contentpass.net/de/withdrawal
11948,orlandosentinel.com,https://mktops.orlandosentinel.com/subscriptions/land-wwsf-26/?market=os&source=index&g2i_or_o=Internet&g2i_or_p=nav&g2i_source=SB&g2i_medium=sub-nav&g2i_campaign=WWSF26
11948,orlandosentinel.com,https://digitaledition.orlandosentinel.com/shortcode/ORL218
11948,orlandosentinel.com,https://www.orlandosentinel.com/util-clean-cookies/?callbackURL=https://digitaledition.orlandosentinel.com/shortcode/ORL218
11948,orlandosentinel.com,https://www.orlandosentinel.com/news/
11965,rumahweb.com,https://www.rumahweb.com/hosting-murah/
11965,rumahweb.com,https://www.rumahweb.com/domain-murah/
11965,rumahweb.com,https://www.rumahweb.com/vps-murah/
11965,rumahweb.com,https://www.rumahweb.com/jasa-pembuatan-website/
11968,grabcad.com,https://grabcad.com/home
11968,grabcad.com,https://grabcad.com/print
11968,grabcad.com,https://grabcad.com/print/pro
11968,grabcad.com,https://grabcad.com/analyze
11970,cafebazaar.ir,https://developers.cafebazaar.ir/fa
11970,cafebazaar.ir,https://cafebazaar.ir/badge
11970,cafebazaar.ir,https://cafebazaar.ir/terms
11970,cafebazaar.ir,https://cafebazaar.ir/privacy
11971,mailbox.org,https://mailbox.org/de/
11971,mailbox.org,https://mailbox.org/de/warum-mailbox/
11971,mailbox.org,https://mailbox.org/de/preise/
11971,mailbox.org,https://login.mailbox.org/de/
11982,sinch.com,https://sinch.com/help-center/
11982,sinch.com,https://sinch.com/portals/
11982,sinch.com,https://sinch.com/de/
11982,sinch.com,https://sinch.com/pt/
11994,slickstream.com,https://www.slickstream.com/engagement-suite
11994,slickstream.com,https://www.slickstream.com/testimonials
11994,slickstream.com,https://www.slickstream.com/about
11994,slickstream.com,https://www.slickstream.com/support
12014,sitepoint.com,https://www.sitepoint.com/premium/pricing/?ref_source=sitepoint&ref_medium=topnav
12014,sitepoint.com,https://www.sitepoint.com/premium/library/
12014,sitepoint.com,https://www.sitepoint.com/community/
12014,sitepoint.com,https://www.sitepoint.com/save-on-saas/
12028,civitai.com,https://civitai.com/pricing?utm_campaign=support_pro
12028,civitai.com,https://civitai.com/login?returnUrl=/
12028,civitai.com,https://civitai.com/models
12028,civitai.com,https://civitai.com/images
12036,metanet.ch,https://www.metanet.ch/de/ueber-metanet/empfehlungsprogramm
12036,metanet.ch,https://www.metanet.ch/de/ueber-metanet
12036,metanet.ch,https://www.metanet.ch/de/blog
12036,metanet.ch,https://www.metanet.ch/de
12042,alarm.com,https://alarm.com/for-home/
12042,alarm.com,https://alarm.com/home-security/
12042,alarm.com,https://alarm.com/home-security-video/
12042,alarm.com,https://alarm.com/home-management/
12044,zeta-ai.io,https://zeta-ai.io/en?tab=recommend
12051,juniper.net,https://www.juniper.net/us/en/company/contact-us.html
12051,juniper.net,https://partners.juniper.net/partnercenter/index.page
12051,juniper.net,https://userregistration.juniper.net/entitlement/editAcctInfo.do
12051,juniper.net,https://supportportal.juniper.net/s/serial-number-entitlement
12052,iflscience.com,https://www.iflscience.com/subscribe
12052,iflscience.com,https://www.iflscience.com/my-account
12052,iflscience.com,https://www.iflscience.com/humans
12052,iflscience.com,https://www.iflscience.com/health-and-medicine
12075,tinypng.com,https://tinypng.com/pricing/web
12075,tinypng.com,https://tinypng.com/analyzer
12075,tinypng.com,https://tinypng.com/web/compress
12075,tinypng.com,https://tinypng.com/web/convert
12085,mypikpak.com,https://mypikpak.com/en-US/bt-intro
12085,mypikpak.com,https://mypikpak.com/drive/payment
12085,mypikpak.com,https://mypikpak.com/drive/all
12085,mypikpak.com,https://copyright.mypikpak.com/create-appeal
12090,calltouch.ru,https://www.calltouch.ru/promo_sms-target_august/
12090,calltouch.ru,https://www.calltouch.ru/media-format/
12090,calltouch.ru,https://www.calltouch.ru/programmatic_for_ads/
12090,calltouch.ru,https://www.calltouch.ru/programmatic/
12100,ncl.com,https://www.ncl.com/in/en/
12100,ncl.com,https://www.ncl.com/in/en/uk/en/about-us/privacy-policy/cookies
12100,ncl.com,https://www.ncl.com/in/en/login
12100,ncl.com,https://www.ncl.com/in/en/register
12142,printix.net,https://sign-in.printix.net/tenanthub
12142,printix.net,https://printix.net/contact-us
12142,printix.net,https://printix.net/azure-printing
12142,printix.net,https://printix.net/sap2printix
12143,a8.net,https://media-console.a8.net/signup-mail-send?action=default
12143,a8.net,https://media-console.a8.net/password-reminder/mail-send
12143,a8.net,https://www.a8.net/ec/?utm_source=a8net&utm_medium=referral
12143,a8.net,https://www.a8.net/en/
12147,exame.com,https://lps.exame.com/assine-exame?utm_source=growth&utm_medium=site-exame&utm_campaign=editorial_assinatura-revista&utm_content=botao_assinar-topo-direito
12147,exame.com,https://id.exame.com/login?origin=exame&redirectUrl=https%3A%2F%2Fexame.com%2F
12147,exame.com,https://exame.com/invest/
12147,exame.com,https://exame.com/negocios/
12151,dwd.de,https://www.dwd.de/DE/Home/home_node.html
12151,dwd.de,https://www.dwd.de/DE/Home/DE/presse/presseseite_node.html
12151,dwd.de,https://www.dwd.de/DE/Home/DE/service/kontakt/kontakt_node.html
12151,dwd.de,https://www.dwd.de/DE/Home/EN/Home/home_node.html
12153,cline.bot,https://cline.bot/ide
12153,cline.bot,https://cline.bot/cli
12153,cline.bot,https://cline.bot/sdk
12153,cline.bot,https://cline.bot/cline-pass
12165,ipip.net,https://www.ipip.net/product/ip.html
12165,ipip.net,https://www.ipip.net/ip.html
12165,ipip.net,https://www.ipip.net/customer.html
12165,ipip.net,https://www.ipip.net/about.html
12184,numbeo.com,https://www.numbeo.com/cost-of-living/
12184,numbeo.com,https://www.numbeo.com/cost-of-living/comparison.jsp
12184,numbeo.com,https://www.numbeo.com/cost-of-living/calculator.jsp
12184,numbeo.com,https://www.numbeo.com/cost-of-living/rankings_current.jsp
12206,airarabia.com,https://www.airarabia.com/en
12206,airarabia.com,https://www.airarabia.com/en/airrewards/login
12206,airarabia.com,https://www.airarabia.com/en/airrewards/discover-airrewards/login-airrewards
12206,airarabia.com,https://www.airarabia.com/de
12211,angelone.in,https://www.angelone.in/open-demat-account
12211,angelone.in,https://www.angelone.in/trade?_gl=1*3sf7bj*_ga*MTI5Mzg3NDgyNy4xNjQ5NjU2NDEx*_ga_CDX93S7LDP*MTY1ODgxMDk2MS4zMzguMS4xNjU4ODExMzkwLjQz
12211,angelone.in,https://www.angelone.in/stocks
12211,angelone.in,https://www.angelone.in/indices
12215,kumulos.com,https://www.optimove.com/the-positionless-marketing-book
12215,kumulos.com,https://www.optimove.com/search
12215,kumulos.com,https://www.optimove.com/pt
12215,kumulos.com,https://www.optimove.com/es
12217,mist.com,https://www.mist.com/support/
12217,mist.com,https://www.mist.com/cloud-architecture-microservices/
12217,mist.com,https://www.mist.com/compare-wlan-solutions/
12217,mist.com,https://www.mist.com/partners/
12233,w3techs.com,https://w3techs.com/technologies
12233,w3techs.com,https://w3techs.com/reports
12233,w3techs.com,https://w3techs.com/apidoc
12233,w3techs.com,https://w3techs.com/sites
12241,datareportal.com,https://datareportal.com/search
12241,datareportal.com,https://datareportal.com/library
12241,datareportal.com,https://datareportal.com/about
12241,datareportal.com,https://datareportal.com/contact
12256,membrana.media,https://en.membrana.media/legal/terms
12256,membrana.media,https://en.membrana.media/legal/supply-policy
12256,membrana.media,https://en.membrana.media/headline-video
12256,membrana.media,https://en.membrana.media/daily-highlights
12258,rttv.ru,https://rttv.ru/my.policy
12283,threadless.com,https://www.threadless.com/cart/
12283,threadless.com,https://www.threadless.com/login/
12283,threadless.com,https://www.threadless.com/artist/shops/?thref=topnav
12283,threadless.com,https://www.threadless.com/join/
12290,kongregate.com,https://www.kongregate.com/en?set_locale=true
12290,kongregate.com,https://www.kongregate.com/es?set_locale=true
12290,kongregate.com,https://www.kongregate.com/de?set_locale=true
12290,kongregate.com,https://www.kongregate.com/fr?set_locale=true
12295,jup.ag,https://jup.ag/rewards
12295,jup.ag,https://jup.ag/spot
12295,jup.ag,https://jup.ag/perps
12295,jup.ag,https://jup.ag/prediction
12299,zuora.com,https://www.zuora.com/products/milo/?utm_campaign=milo_digital_twin_13107&utm_content=banner
12299,zuora.com,https://www.zuora.com/resources/demo-on-demand/%20
12299,zuora.com,https://www.zuora.com/talk-to-sales/
12299,zuora.com,https://www.zuora.com/resource/2025-gartner-magic-quadrant-for-recurring-billing-applications/
12302,broadwayworld.com,https://www.broadwayworld.com/addyourshow.php
12302,broadwayworld.com,https://www.broadwayworld.com/myshows/join.php
12302,broadwayworld.com,https://www.broadwayworld.com/off-broadway/
12302,broadwayworld.com,https://www.broadwayworld.com/off-off-broadway/
12311,levi.com,https://www.levi.com/global
12311,levi.com,https://www.levi.com/TR/en/
12311,levi.com,https://www.levi.com/TR/tr_TR/
12311,levi.com,https://www.levi.com/AT/en/
12328,cope.es,https://www.cope.es/programas
12328,cope.es,https://www.cope.es/deportes
12328,cope.es,https://www.cope.es/emisoras
12328,cope.es,https://www.cope.es/religion
12331,yarnpkg.com,https://yarnpkg.com/getting-started
12331,yarnpkg.com,https://yarnpkg.com/features/caching
12331,yarnpkg.com,https://yarnpkg.com/cli
12331,yarnpkg.com,https://yarnpkg.com/configuration/manifest
12334,coolors.co,https://coolors.co/generate
12334,coolors.co,https://coolors.co/palettes
12334,coolors.co,https://coolors.co/image-picker
12334,coolors.co,https://coolors.co/contrast-checker
12336,combats.com,https://events.combats.com/229.html
12337,couchsurfing.com,https://www.couchsurfing.com/c/events/all
12337,couchsurfing.com,https://www.couchsurfing.com/c/locations/paris-ile-de-france-region-france
12337,couchsurfing.com,https://www.couchsurfing.com/c/locations/bogota-bogota-d-c-colombia
12337,couchsurfing.com,https://www.couchsurfing.com/c/locations/dubai-dubai-united-arab-emirates
12340,pytorch.org,https://pytorch.org/get-started/locally/
12340,pytorch.org,https://pytorch.org/tutorials/
12340,pytorch.org,https://pytorch.org/tutorials/beginner/basics/intro.html
12340,pytorch.org,https://docs.pytorch.org/tutorials/recipes_index.html
12345,mid.ru,https://mid.ru/ru/
12345,mid.ru,https://mid.ru/ru/press_service/social_accounts/
12345,mid.ru,https://mid.ru/ru/tekhnicheskie_svedeniya/ob_ispolzovanii_programmnykh_produktov_kompanii_meta/
12345,mid.ru,https://mid.ru/ru/rss.php
12348,iadvize.com,https://www.iadvize.com/en?hsLang=en
12348,iadvize.com,https://www.iadvize.com/en/demo?hsLang=en
12348,iadvize.com,https://www.iadvize.com/en/platform-overview?hsLang=en
12348,iadvize.com,https://www.iadvize.com/en/ai-shopping-assistant?hsLang=en
12349,vlaanderen.be,https://www.vlaanderen.be/bouwen-wonen-en-energie
12349,vlaanderen.be,https://www.vlaanderen.be/mobiliteit-en-openbare-werken
12349,vlaanderen.be,https://www.vlaanderen.be/gezin
12349,vlaanderen.be,https://www.vlaanderen.be/gezondheid-en-welzijn
12360,epik.com,https://www.epik.com/domains/
12360,epik.com,https://www.epik.com/whois/
12360,epik.com,https://www.epik.com/domains/prices/
12360,epik.com,https://www.epik.com/promos/
12361,msstate.edu,https://www.msstate.edu/about
12361,msstate.edu,https://www.msstate.edu/newsroom
12361,msstate.edu,https://www.msstate.edu/events
12361,msstate.edu,https://www.msstate.edu/our-people
12367,slideserve.com,https://www.slideserve.com/presentations
12367,slideserve.com,https://www.slideserve.com/articles
12367,slideserve.com,https://www.slideserve.com/topics
12367,slideserve.com,https://www.slideserve.com/updates
12377,sun-sentinel.com,https://mktops.sun-sentinel.com/subscriptions/land-wwsf-26/?market=ss&source=index&g2i_or_o=Internet&g2i_or_p=nav&g2i_source=SB&g2i_medium=sub-nav&g2i_campaign=WWSF26
12377,sun-sentinel.com,https://www.sun-sentinel.com/util-clean-cookies/?callbackURL=https://enewspaper.sun-sentinel.com/shortcode/SUN315
12377,sun-sentinel.com,https://www.sun-sentinel.com/newsletters
12377,sun-sentinel.com,https://www.sun-sentinel.com/local-news/
12382,globalsign.net,https://www.globalsign.com/en
12382,globalsign.net,https://www.globalsign.com/en/company/contact
12382,globalsign.net,https://gcc.globalsign.com/au/signon/gacp/usernamePasswordLogin.do
12382,globalsign.net,https://www.globalsign.com/en/atlas
12400,ksl.com,https://www.ksl.com/weather
12400,ksl.com,https://myaccount.ksl.com/login
12400,ksl.com,https://www.ksl.com/article/51608917/doctors-health-officials-urge-measles-vaccine-as-cases-linger-and-school-is-starting
12400,ksl.com,https://www.ksl.com/article/51608881/tyler-robinson-contends-state-has-not-proven-elements-needed-for-aggravated-murder
12406,noris.de,https://www.noris.de/it-services/
12406,noris.de,https://www.noris.de/it-services/managed-services-application/
12406,noris.de,https://www.noris.de/it-services/managed-services-application/souveraenes-servicenow/
12406,noris.de,https://www.noris.de/it-services/managed-services-application/sap-infrastruktur/
12408,red-bean.com,https://red-bean.com/people.html
12408,red-bean.com,https://red-bean.com/stuff.html
12408,red-bean.com,https://red-bean.com/about.html
12408,red-bean.com,https://red-bean.com/charter.html
12412,cardinalcommerce.com,https://www.visa.com/en-us
12412,cardinalcommerce.com,https://www.visa.com/en-us/solutions/visa-protect
12412,cardinalcommerce.com,https://www.visa.com/en-us/solutions/visa-protect/issuers
12412,cardinalcommerce.com,https://www.visa.com/en-us/solutions/visa-protect/merchants
12422,whois.co.kr,https://hosting.whois.co.kr/new/ssl.php
12422,whois.co.kr,https://member.whois.co.kr/member/?tpf=register_choice
12422,whois.co.kr,https://domain.whois.co.kr/edns/index.php
12422,whois.co.kr,https://domain.whois.co.kr/regist/dom.php
12423,superops.ai,https://superops.com/it
12423,superops.ai,https://superops.com/msp
12423,superops.ai,https://superops.com/pricing
12423,superops.ai,https://superops.com/about-us
12451,qmul.ac.uk,https://www.qmul.ac.uk/undergraduate/
12451,qmul.ac.uk,https://www.qmul.ac.uk/postgraduate/
12451,qmul.ac.uk,https://www.qmul.ac.uk/summer-school/
12451,qmul.ac.uk,https://www.qmul.ac.uk/degreeapprenticeships/
12457,ghe.com,https://github.com/login
12457,ghe.com,https://github.com/features/copilot
12457,ghe.com,https://github.com/features/ai/github-app
12457,ghe.com,https://github.com/mcp
12472,wonderpush.com,https://www.wonderpush.com/pricing/
12472,wonderpush.com,https://docs.wonderpush.com/docs/wonderpush-overview
12472,wonderpush.com,https://dashboard.wonderpush.com/account/login
12472,wonderpush.com,https://dashboard.wonderpush.com/account/signup
12479,mynewsdesk.com,https://www.mynewsdesk.com/en/
12479,mynewsdesk.com,https://www.mynewsdesk.com/en/media-monitoring/
12479,mynewsdesk.com,https://www.mynewsdesk.com/en/media-monitoring/brand-report/
12479,mynewsdesk.com,https://www.mynewsdesk.com/en/media-monitoring/coverage-report/
12507,grandstream.com,https://www.grandstream.com/products/networking-solutions
12507,grandstream.com,https://www.grandstream.com/products/networking-switches
12507,grandstream.com,https://www.grandstream.com/products/networking-solutions/fixed-wireless-bridges
12507,grandstream.com,https://www.grandstream.com/products/networking-solutions/indoor-wifi-access-points
12517,idexx.com,https://www.idexx.com/en/
12517,idexx.com,https://www.idexx.com/en/about-idexx/customer-support/
12517,idexx.com,https://www.idexx.com/en/about-idexx/investors/
12517,idexx.com,https://www.idexx.com/en/about-idexx/contact-idexx/
12532,jasper.ai,https://www.jasper.ai/brand
12532,jasper.ai,https://www.jasper.ai/platform
12532,jasper.ai,https://www.jasper.ai/solutions
12532,jasper.ai,https://www.jasper.ai/resources
12539,imgbb.com,https://imgbb.com/plugin
12539,imgbb.com,https://imgbb.com/tos
12539,imgbb.com,https://imgbb.com/privacy
12539,imgbb.com,https://imgbb.com/contact
12551,gatesfoundation.org,https://www.gatesfoundation.org/ideas/articles/core-mission-child-health-success
12551,gatesfoundation.org,https://www.gatesfoundation.org/ideas/articles/2026-gates-foundation-annual-letter
12551,gatesfoundation.org,https://www.gatesfoundation.org/about/our-role
12551,gatesfoundation.org,https://www.gatesfoundation.org/our-work
12558,engagelab.cc,https://www.engagelab.com/app-push
12558,engagelab.cc,https://www.engagelab.com/web-push
12558,engagelab.cc,https://www.engagelab.com/email
12558,engagelab.cc,https://www.engagelab.com/sms
12561,die.net,https://linux.die.net/man/
12561,die.net,https://www.die.net/earth/
12561,die.net,https://www.die.net/moon/
12561,die.net,https://www.die.net/musings/junk_mail/
12565,calpoly.edu,https://www.calpoly.edu/visit
12565,calpoly.edu,https://www.calpoly.edu/admissions
12565,calpoly.edu,https://www.calpoly.edu/about
12565,calpoly.edu,https://www.calpoly.edu/about/facts-and-figures
12570,sante.fr,https://www.sante.fr/qui-sommes-nous
12570,sante.fr,https://www.sante.fr/nos-missions
12570,sante.fr,https://www.sante.fr/les-partenaires-contributeurs-de-santefr
12570,sante.fr,https://www.sante.fr/nos-preventions
12572,candy.ai,https://candy.ai/feed/posts
12572,candy.ai,https://candy.ai/generate-image?origin=sidebar
12572,candy.ai,https://candy.ai/characters/new2
12572,candy.ai,https://candy.ai/characters
12584,measurementlab.net,https://www.measurementlab.net/about/
12584,measurementlab.net,https://www.measurementlab.net/who/
12584,measurementlab.net,https://www.measurementlab.net/policies/
12584,measurementlab.net,https://www.measurementlab.net/contact/
12588,outreach.io,https://www.outreach.ai/why-outreach
12588,outreach.io,https://www.outreach.ai/why-outreach/agentic-ecosystem
12588,outreach.io,https://www.outreach.ai/resources/outreach-insights-group
12588,outreach.io,https://www.outreach.ai/why-outreach/outreach-vs-the-competition
12592,camp-fire.jp,https://camp-fire.jp/term
12592,camp-fire.jp,https://camp-fire.jp/privacy
12592,camp-fire.jp,https://help.camp-fire.jp/hc/ja/海外支援に関する特約
12592,camp-fire.jp,https://camp-fire.jp/readyfor
12594,krebsonsecurity.com,https://krebsonsecurity.com/feed/
12594,krebsonsecurity.com,https://krebsonsecurity.com/about/
12594,krebsonsecurity.com,https://krebsonsecurity.com/cpm/
12594,krebsonsecurity.com,https://krebsonsecurity.com/2026/08/microsoft-plugs-nearly-400-security-holes/
12601,podtrac.com,https://analytics.podtrac.com/measurement-and-growth
12601,podtrac.com,https://analytics.podtrac.com/podcast-smart-links
12601,podtrac.com,https://analytics.podtrac.com/podcast-promo-attribution
12601,podtrac.com,https://analytics.podtrac.com/promo-trades
12621,wildapricot.org,https://wildapricot.org/Sys/ResetPasswordRequest
12632,isimple.ru,https://isimplelab.ru/isimplecorporate/
12632,isimple.ru,https://isimplelab.ru/isimpleretail/
12632,isimple.ru,https://isimplelab.ru/isimpleportal-corporate-3-0/
12632,isimple.ru,https://isimplelab.ru/isimplemessagegate/
12636,luxcdn.com,https://luxupnetwork.com/formats/
12636,luxcdn.com,https://luxupnetwork.com/start/
12636,luxcdn.com,https://luxupnetwork.com/reviews/
12636,luxcdn.com,https://luxupnetwork.com/cases/
12668,tidio.co,https://www.tidio.com/custom-ai-agents/?hs_track=notification_bar
12668,tidio.co,https://www.tidio.com/panel/login
12668,tidio.co,https://www.tidio.com/ai-agent/
12668,tidio.co,https://www.tidio.com/customers/cove/
12674,limetorrents.fun,https://www.limetorrents.fun/home
12674,limetorrents.fun,https://www.limetorrents.fun/browse-torrents/
12674,limetorrents.fun,https://www.limetorrents.fun/latest100
12674,limetorrents.fun,https://www.limetorrents.fun/top100
12680,cleanbrowsing.org,https://cleanbrowsing.org/solutions/schools/
12680,cleanbrowsing.org,https://cleanbrowsing.org/solutions/schools/cipa/
12680,cleanbrowsing.org,https://cleanbrowsing.org/solutions/web-filtering
12680,cleanbrowsing.org,https://cleanbrowsing.org/solutions/wifi-serviceproviders/
12694,elcompanies.com,https://www.elcompanies.com/en/
12694,elcompanies.com,https://www.elcompanies.com/es/
12694,elcompanies.com,https://www.elcompanies.com/fr/
12694,elcompanies.com,https://www.elcompanies.com/ja-jp/
12703,movavi.com,https://www.movavi.com/suite-unlimited-promo.html?asrc=unlim_menu25
12703,movavi.com,https://www.movavi.com/fr/
12703,movavi.com,https://www.movavi.com/it/
12703,movavi.com,https://www.movavi.com/es/
12705,acog.org,https://www.acog.org/legal/privacy-statement
12705,acog.org,https://www.acog.org/clinical
12705,acog.org,https://www.acog.org/clinical-information/maternal-immunization-schedule
12705,acog.org,https://www.acog.org/clinical-information/patient-education-materials
12739,ssg.com,https://event.ssg.com/eventDetail.ssg?nevntId=1000000020298
12739,ssg.com,https://www.ssg.com/myssg/myClip/main.ssg?attnDivCd=10&gnb=myclip
12739,ssg.com,https://www.ssg.com/myssg/main.ssg?gnb=myssg
12739,ssg.com,https://www.ssg.com/page/pc/SpecialPrice/Eobanjang.ssg
12743,plannedparenthood.org,https://www.plannedparenthood.org/es
12743,plannedparenthood.org,https://www.plannedparenthood.org/get-care
12743,plannedparenthood.org,https://www.plannedparenthood.org/health-center
12743,plannedparenthood.org,https://www.plannedparenthood.org/get-care/get-care-online
12744,ing.com,https://ing.com/about-us/ing-at-a-glance
12744,ing.com,https://ing.com/about-us/ing-in-your-area
12744,ing.com,https://ing.com/about-us/strategy
12744,ing.com,https://ing.com/about-us/customer-value
12756,universiteitleiden.nl,https://www.universiteitleiden.nl/zoeken
12756,universiteitleiden.nl,https://www.universiteitleiden.nl/en
12756,universiteitleiden.nl,https://www.universiteitleiden.nl/onderzoek
12756,universiteitleiden.nl,https://www.universiteitleiden.nl/onderwijs
12789,taggstar.com,https://taggstar.com/us/
12789,taggstar.com,https://taggstar.com/solutions/social-proof-messaging/
12789,taggstar.com,https://taggstar.com/solutions/social-proof-pro-plan/
12789,taggstar.com,https://taggstar.com/solutions/attribute-messaging/
12804,ice.gov,https://www.ice.gov/mission
12804,ice.gov,https://www.ice.gov/about-ice
12804,ice.gov,https://www.ice.gov/leadership
12804,ice.gov,https://www.ice.gov/history
12818,stamped.io,https://website.stamped.io/platform/
12818,stamped.io,https://website.stamped.io/platform/lifecycle/
12818,stamped.io,https://website.stamped.io/platform/loyalty/
12818,stamped.io,https://website.stamped.io/platform/reviews/
12819,carnet.hr,https://www.carnet.hr/o-carnet-u/
12819,carnet.hr,https://www.carnet.hr/vizija-misija-vrijednosti/
12819,carnet.hr,https://www.carnet.hr/o-carnet-u/organizacija/
12819,carnet.hr,https://www.carnet.hr/o-carnet-u/izvrsno-povjerenstvo/
12834,disneyadvertising.com,https://www.disneyadvertising.com/insights/
12834,disneyadvertising.com,https://www.disneyadvertising.com/insights/generation-stream/
12834,disneyadvertising.com,https://www.disneyadvertising.com/insights/thought-leadership/
12834,disneyadvertising.com,https://www.disneyadvertising.com/insights/celebrations/
12837,blogspot.jp,https://mail.google.com/mail/&ogbl
12837,blogspot.jp,https://www.google.com/imghp?hl=en&ogbl
12837,blogspot.jp,https://accounts.google.com/ServiceLogin?hl=en&passive=true&continue=https://www.google.com/&ec=GAZAmgQ
12837,blogspot.jp,https://www.google.com/advanced_search?hl=en-PK&authuser=0
12857,manyvids.com,https://www.manyvids.com/Create-Free-Account
12857,manyvids.com,https://www.manyvids.com/Login
12863,feedbackcompany.com,https://portal.feedbackcompany.com/login?_ga=2.105041664.2067146889.1641124950-141419081.1614885402&_gac=1.79998565.1639409220.CjwKCAiA-9uNBhBTEiwAN3IlNKN_QaVcc5hJdDthuaYAnNANJ6TRei2ssT2rDrGKUF0HqyjgJaOdfRoC9dIQAvD_BwE
12863,feedbackcompany.com,https://www.feedbackcompany.com/nl-nl/
12863,feedbackcompany.com,https://www.feedbackcompany.com/nl-be/
12863,feedbackcompany.com,https://www.feedbackcompany.com/de-de/
12871,cloudpayments.ru,https://cloudpayments.ru/integration
12871,cloudpayments.ru,https://cloudpayments.ru/help/
12871,cloudpayments.ru,https://cloudpayments.ru/blog/
12871,cloudpayments.ru,https://cloudpayments.ru/edtech/
12885,trivago.com,https://www.trivago.com/en-US/profile/favorites/
12885,trivago.com,https://www.trivago.com/en-US/odr/hotels-las-vegas-nevada?search=200-14667
12885,trivago.com,https://www.trivago.com/en-US/odr/hotels-new-york-new-york-state?search=200-14734
12885,trivago.com,https://www.trivago.com/en-US/odr/hotels-myrtle-beach-south-carolina?search=200-14875
12886,pdffiller.com,https://www.pdffiller.com/en/support
12886,pdffiller.com,https://www.pdffiller.com/en/login
12886,pdffiller.com,https://www.pdffiller.com/en/login/signup
12886,pdffiller.com,https://www.pdffiller.com/en/enterprise.htm?utm_source=header
12888,sgs.com,https://www.sgs.com/en/certified-clients-and-products
12888,sgs.com,https://www.sgs.com/en/office-directory
12888,sgs.com,https://www.sgs.com/en/news-and-resources
12888,sgs.com,https://www.sgs.com/en/contact-form
12897,penzu.com,https://penzu.com/pro
12897,penzu.com,https://penzu.com/support
12897,penzu.com,https://penzu.com/how-to-write-a-reflective-journal
12897,penzu.com,https://penzu.com/food-diary
12903,bris.ac.uk,https://www.bristol.ac.uk/study/
12903,bris.ac.uk,https://www.bristol.ac.uk/study/undergraduate/
12903,bris.ac.uk,https://www.bristol.ac.uk/study/undergraduate/search/
12903,bris.ac.uk,https://www.bristol.ac.uk/study/undergraduate/visits
12904,surbl.org,https://surbl.org/surbl-analysis
12904,surbl.org,https://surbl.org/faqs
12904,surbl.org,https://surbl.org/contact
12904,surbl.org,https://surbl.org/lists
12909,netpulse.com,https://us.egym.com/en-us/innovations
12909,netpulse.com,https://us.egym.com/en-us
12909,netpulse.com,https://us.egym.com/en-us/digital/brandedmemberapp
12909,netpulse.com,https://us.egym.com/int
12948,ctan.org,https://ctan.org/lion/
12948,ctan.org,https://ctan.org/login
12948,ctan.org,https://ctan.org/join
12948,ctan.org,https://ctan.org/user/settings
12950,geogebra.org,https://www.geogebra.org/math/number-sense
12950,geogebra.org,https://www.geogebra.org/math/algebra
12950,geogebra.org,https://www.geogebra.org/math/geometry
12950,geogebra.org,https://www.geogebra.org/math/measurement
12954,solidworks.com,https://www.solidworks.com/how-to-buy/solidworks-solutions
12954,solidworks.com,https://www.solidworks.com/how-to-buy/request-a-demo
12954,solidworks.com,https://www.solidworks.com/product/solidworks-design/ai-overview
12954,solidworks.com,https://www.solidworks.com/product/students/design-standard
12960,hrblock.com,https://www.hrblock.com/filing-options-and-products/
12960,hrblock.com,https://www.hrblock.com/financial-services/
12960,hrblock.com,https://www.hrblock.com/tax-offices/business-services/
12960,hrblock.com,https://www.hrblock.com/tax-center/
12963,i-mobile.co.jp,https://www.i-mobile.co.jp/index.html
12963,i-mobile.co.jp,https://www.i-mobile.co.jp/service.html
12963,i-mobile.co.jp,https://www.i-mobile.co.jp/notice.html
12963,i-mobile.co.jp,https://www.i-mobile.co.jp/ir/index.html
12966,dpd.com,https://www.dpd.com/en/
12966,dpd.com,https://www.dpd.com/at
12966,dpd.com,https://www.dpd.com/be
12966,dpd.com,https://www.dpd.com/cn
12970,postimages.org,https://postimages.org/web
12970,postimages.org,https://postimages.org/plugins
12970,postimages.org,https://postimages.org/app
12970,postimages.org,https://postimages.org/login
12977,plarium.com,https://plarium.com/en/games/
12977,plarium.com,https://plarium.com/en/game/raid-shadow-legends/
12977,plarium.com,https://plarium.com/en/game/mech-arena/
12977,plarium.com,https://plarium.com/en/games/category/download-games/
12982,kp.org,https://healthy.kaiserpermanente.org/secure/support
12982,kp.org,https://healthy.kaiserpermanente.org/help-paying-your-bill
12982,kp.org,https://healthy.kaiserpermanente.org/slso-signon
12982,kp.org,https://healthy.kaiserpermanente.org/register
12985,goadopt.io,https://goadopt.io/plans/
12985,goadopt.io,https://goadopt.io/blog/cookies-e-lgpd/
12985,goadopt.io,https://goadopt.io/blog/tudo-texas-tdpsa-e-cookies-o-que-voce-precisa-saber/
12991,outfit7.com,https://outfit7.com/our-work
12991,outfit7.com,https://outfit7.com/our-story
12991,outfit7.com,https://outfit7.com/careers
12991,outfit7.com,https://outfit7.com/blog
13013,renault.com,https://www.renaultgroup.com/finance/cours-de-laction/
13013,renault.com,https://www.renaultgroup.com/magazine/technologie/haute-technologie-automobile-et-grande-serie-limpossible-equation/
13013,renault.com,https://www.renaultgroup.com/magazine/technologie/le-design-to-cost-ou-lart-de-concevoir-juste/
13013,renault.com,https://www.renaultgroup.com/magazine/nouveaux-usages-et-services/twingo-e-tech-electric-reinvente-lecriture/
13015,lalibre.be,https://www.lalibre.be/jeux/
13015,lalibre.be,https://www.lalibre.be/ma-libre/
13015,lalibre.be,https://www.lalibre.be/international/europe/guerre-ukraine-russie/
13015,lalibre.be,https://www.lalibre.be/belgique/
13023,practo.com,https://www.practo.com/consult
13023,practo.com,https://www.practo.com/doctors
13023,practo.com,https://www.practo.com/tests
13023,practo.com,https://www.practo.com/care
13032,bcc-ads.com,https://bidscube.com/about-us/
13032,bcc-ads.com,https://bidscube.com/our-team/
13032,bcc-ads.com,https://bidscube.com/news/
13032,bcc-ads.com,https://bidscube.com/events/
13040,laut.fm,https://laut.fm/search?q=
13040,laut.fm,https://laut.fm/stations/all
13040,laut.fm,https://laut.fm/stations/location
13040,laut.fm,https://laut.fm/genres
13048,neostrada.nl,https://www.neostrada.nl/premium-service
13048,neostrada.nl,https://www.neostrada.nl/over-neostrada.html
13048,neostrada.nl,https://www.neostrada.nl/support.html
13048,neostrada.nl,https://www.neostrada.nl/inloggen.html
13051,weezevent.com,https://weezevent.com/fr/
13051,weezevent.com,https://weezevent.com/fr/weezticket/billetterie-inscription/
13051,weezevent.com,https://weezevent.com/fr/weezaccess/controle-acces/
13051,weezevent.com,https://weezevent.com/fr/weezpay/cashless/
13052,dtf.ru,https://dtf.ru/popular
13052,dtf.ru,https://dtf.ru/new
13052,dtf.ru,https://dtf.ru/my
13052,dtf.ru,https://dtf.ru/m
13058,moneris.com,https://www.moneris.com/en/contact
13058,moneris.com,https://www.moneris.com/en/about-moneris
13058,moneris.com,https://www.moneris.com/en/careers/careers-hub
13058,moneris.com,https://www.moneris.com/en/
13063,premiumtimesng.com,https://members.premiumtimesng.com/subscriptions
13063,premiumtimesng.com,https://www.premiumtimesng.com/endsars-dashboard-2
13063,premiumtimesng.com,https://www.premiumtimesng.com/about
13063,premiumtimesng.com,https://www.premiumtimesng.com/category/pt-jobs
13065,pantheon.io,https://pantheon.io/why-pantheon
13065,pantheon.io,https://pantheon.io/demo
13065,pantheon.io,https://pantheon.io/about
13065,pantheon.io,https://pantheon.io/about/customers
13088,christianbook.com,https://www.christianbook.com/apps/account?event=topaccount_b
13088,christianbook.com,https://www.christianbook.com/apps/account?event=accmenu_account
13088,christianbook.com,https://www.christianbook.com/Christian/Books/wishlist?event=accmenu_wishlist
13088,christianbook.com,https://www.christianbook.com/apps/order-status?event=accmenu_order
13094,appbaqend.com,https://appbaqend.com/signup
13094,appbaqend.com,https://appbaqend.com/signin
13094,appbaqend.com,https://appbaqend.com/remind
13100,syfy.com,https://www.syfy.com/index%2Ephp/shows
13100,syfy.com,https://www.syfy.com/index%2Ephp/movies
13100,syfy.com,https://www.syfy.com/index%2Ephp/syfy-wire
13100,syfy.com,https://www.syfy.com/index%2Ephp/
13101,motogp.com,https://tickets.motogp.com/en/?utm_source=motogp.com&utm_medium=web_menu&utm_campaign=TS_home
13101,motogp.com,https://motogppremier.motogp.com/hospitality?utm_source=motogp.com&utm_medium=partner_referral&utm_campaign=mgp_backlink_hosp_topnav
13101,motogp.com,https://motogppremier.motogp.com/motogp-premier?utm_source=motogp.com&utm_medium=partner_referral&utm_campaign=mgp_backlink_packages_topnav
13101,motogp.com,https://store.motogp.com/en/?_s=bm-fi-motogp-prtsite-MainMenu-300522-JM
13106,sublimetext.com,https://www.sublimetext.com/download
13106,sublimetext.com,https://www.sublimetext.com/support
13106,sublimetext.com,https://www.sublimetext.com/blog/
13106,sublimetext.com,https://www.sublimetext.com/download_thanks?target=win-x64
13108,aig.com,https://www.aig.com/home
13108,aig.com,https://www.aig.com/home/risk-solutions
13108,aig.com,https://www.aig.com/home/risk-solutions/why-aig
13108,aig.com,https://www.aig.com/home/risk-solutions/business
13114,zone.ee,https://www.zone.ee/et
13114,zone.ee,https://www.zone.ee/en/
13114,zone.ee,https://www.zone.ee/ru/
13114,zone.ee,https://www.zone.ee/et/
13124,g5e.com,https://www.g5.com/games
13124,g5e.com,https://myaccount.g5.com/g5Friends/signin
13124,g5e.com,https://www.g5.com/email
13124,g5e.com,https://www.g5.com/support
13125,utm.edu,https://www.utm.edu/admissions-and-aid/apply 
13125,utm.edu,https://www.utm.edu/visit-ut-martin/
13125,utm.edu,https://www.utm.edu/request-information/
13125,utm.edu,https://runway.utm.edu/events
13137,dvidshub.net,https://cms.dvidshub.net/direct
13137,dvidshub.net,https://cms.dvidshub.net/satellitetruck/add/simple/1
13137,dvidshub.net,https://www.dvidshub.net/member/registration
13137,dvidshub.net,https://www.dvidshub.net/login
13142,nybooks.com,https://www.nybooks.com/politics/
13142,nybooks.com,https://www.nybooks.com/literature/
13142,nybooks.com,https://www.nybooks.com/arts/
13142,nybooks.com,https://www.nybooks.com/ideas/
13144,openwave.ai,https://openwave.ai/email
13144,openwave.ai,https://openwave.ai/ai-smart-assistant
13144,openwave.ai,https://openwave.ai/messaging-marketplace
13144,openwave.ai,https://openwave.ai/technology
13149,yadro.com,https://yadro.com/ru/storage/
13149,yadro.com,https://yadro.com/ru/products/servers/
13149,yadro.com,https://yadro.com/ru/vegman/r220g3/
13149,yadro.com,https://yadro.com/ru/vegman/rx20g2/
13153,mtu.edu,https://www.mtu.edu/request/
13153,mtu.edu,https://www.mtu.edu/visit/
13153,mtu.edu,https://www.mtu.edu/apply/
13153,mtu.edu,https://www.mtu.edu/giving/
13158,sonypictures.com,https://www.sonypictures.com/explore
13158,sonypictures.com,https://www.sonypictures.com/movies
13158,sonypictures.com,https://www.sonypictures.com/tv
13158,sonypictures.com,https://www.sonypictures.com/games
13173,hosting.de,https://www.hosting.de/ueber-uns/karriere/
13173,hosting.de,https://www.hosting.de/blog/
13173,hosting.de,https://www.hosting.de/webhosting/
13173,hosting.de,https://www.hosting.de/webhosting/joomla-hosting/
13193,six-group.com,https://www.six-group.com/en/home.html
13193,six-group.com,https://www.six-group.com/de/home.html
13193,six-group.com,https://www.six-group.com/fr/home.html
13193,six-group.com,https://connexor.six-group.com/ibe
13195,birmingham.ac.uk,https://www.birmingham.ac.uk/dubai
13195,birmingham.ac.uk,https://www.birmingham.ac.uk/study/undergraduate/clearing
13195,birmingham.ac.uk,https://www.birmingham.ac.uk/welcome
13195,birmingham.ac.uk,https://www.birmingham.ac.uk/news/2026/university-of-birmingham-first-in-russell-group-in-latest-national-student-survey-results
13202,lunarclient.com,https://www.lunarclient.com/download
13202,lunarclient.com,https://www.lunarclient.com/news
13202,lunarclient.com,https://www.lunarclient.com/changelog
13202,lunarclient.com,https://www.lunarclient.com/features
13219,government.ru,http://government.ru/structure/
13219,government.ru,http://government.ru/rugovclassifier/
13219,government.ru,http://government.ru/rugovclassifier/section/2641/
13219,government.ru,http://government.ru/news/
13239,uni-bielefeld.de,https://www.uni-bielefeld.de/uni/profil/
13239,uni-bielefeld.de,https://www.uni-bielefeld.de/fakultaeten/
13239,uni-bielefeld.de,https://www.uni-bielefeld.de/uni/einrichtungen-organisation/
13239,uni-bielefeld.de,https://www.uni-bielefeld.de/uni/karriere/
13264,anthill.farm,https://my.anthill.farm/auth/registration
13264,anthill.farm,https://my.anthill.farm/auth
13264,anthill.farm,https://my.anthill.farm/static/firmwares/standalone/Antminer-L3plus-vnish-3.8.6.anthill.tar.gz
13264,anthill.farm,https://my.anthill.farm/static/firmwares/standalone/Antminer-S9-xilinx-vnish-3.8.6-anthill.tar.gz
13270,elle.fr,https://www.elle.fr/offrir-abonnement
13270,elle.fr,https://www.elle.fr/Newsletters
13270,elle.fr,https://www.elle.fr/Mode
13270,elle.fr,https://www.elle.fr/Mode/Les-news-mode
13272,theinformation.com,https://www.theinformation.com/articles/nvidia-trying-develop-worlds-best-open-source-ai-models?offer=ab-25&utm_content=article_push&utm_medium=organic&utm_campaign=AB_post&utm_term=AB_post
13272,theinformation.com,https://www.theinformation.com/deep-research
13272,theinformation.com,https://www.theinformation.com/search
13272,theinformation.com,https://www.theinformation.com/sessions/new
13276,philstar.com,https://www.philstar.com/headlines
13276,philstar.com,https://www.philstar.com/opinion
13276,philstar.com,https://www.philstar.com/nation
13276,philstar.com,https://www.philstar.com/world
13290,wtop.com,https://wtop.com/headlines/
13290,wtop.com,https://wtop.com/local/
13290,wtop.com,https://wtop.com/local/virginia/
13290,wtop.com,https://wtop.com/local/virginia/alexandria/
13293,um.es,https://www.um.es/web/biblioteca
13293,um.es,https://www.um.es/web/universidad/buscador
13293,um.es,https://www.um.es/web/directorio
13293,um.es,https://www.um.es/c/portal/login?p_l_id=2192615
13299,websense.com,https://support.forcepoint.com/s/login/
13299,websense.com,https://www.forcepoint.com/partners/forcepoint-global-partner-program
13299,websense.com,https://www.forcepoint.com/platform/technology-partners
13299,websense.com,https://www.forcepoint.com/partners/find-a-partner
13319,rockauto.com,https://www.rockauto.com/help/
13319,rockauto.com,https://www.rockauto.com/orderstatus/
13319,rockauto.com,https://www.rockauto.com/lang/en/promo.html
13319,rockauto.com,https://www.rockauto.com/help/?page=5
13320,audubon.org,https://www.audubon.org/magazine
13320,audubon.org,https://www.audubon.org/our-work/coasts-and-oceans
13320,audubon.org,https://www.audubon.org/our-work/rivers-lakes-wetlands
13320,audubon.org,https://www.audubon.org/our-work/prairies-and-forests
13338,euskadi.eus,https://www.euskadi.eus/hasiera/
13338,euskadi.eus,https://www.euskadi.eus/gaiak/
13338,euskadi.eus,https://www.euskadi.eus/eusko-jaurlaritza/hasiera/
13338,euskadi.eus,https://www.euskadi.eus/eusko-jaurlaritza/tramiteak-zerbitzuak/
13354,meizu.com,https://www.meizu.com/index.html
13354,meizu.com,https://lists.meizu.com/page/list?categoryid=76
13354,meizu.com,https://lists.meizu.com/page/list/?categoryid=398
13354,meizu.com,https://www.meizu.com/pandaer
13367,tsite.jp,https://tsite.jp/tm/pc/login/STKIp0001003.do
13367,tsite.jp,https://tsite.jp/tm/pc/login/STKIp0001001.do
13367,tsite.jp,https://t-point.tsite.jp/guide/
13367,tsite.jp,https://t-point.tsite.jp/get/about/
13380,cashstar.com,https://blackhawknetwork.com/solutions/gift-cards-egifts/buy-bulk-gift-cards/gift-cards
13380,cashstar.com,https://blackhawknetwork.com/solutions
13380,cashstar.com,https://blackhawknetwork.com/solutions/gift-cards-egifts
13380,cashstar.com,https://blackhawknetwork.com/solutions/rewards-incentives
13399,szn.cz,https://search.seznam.cz/obrazky/
13399,szn.cz,https://www.seznam.cz/jizdnirady/
13399,szn.cz,https://search.seznam.cz/videa/
13399,szn.cz,https://www.seznam.cz/jizdnirady/?utm_medium=ribbon-sluzeb&utm_source=www.seznam.cz
13405,utdallas.edu,https://www.utdallas.edu/current/
13405,utdallas.edu,https://www.utdallas.edu/faculty/
13405,utdallas.edu,https://www.utdallas.edu/alumni/
13405,utdallas.edu,https://www.utdallas.edu/visitors/
13411,eadaily.com,https://eadaily.com/ru/
13411,eadaily.com,https://eadaily.com/en/
13411,eadaily.com,https://eadaily.com/ru/news/russia/
13411,eadaily.com,https://eadaily.com/ru/news/belarus/
13422,glean.com,https://www.glean.com/events/glean-go-2026
13422,glean.com,https://www.glean.com/platform
13422,glean.com,https://www.glean.com/platform/connectors
13422,glean.com,https://www.glean.com/platform/api
13425,nic.kz,https://nic.kz/index.jsp
13425,nic.kz,https://nic.kz/lang?set=KZ
13425,nic.kz,https://nic.kz/lang?set=RU
13425,nic.kz,https://nic.kz/lang?set=EN
13435,bmo.com,https://www.bmo.com/en-ca/main/personal/?icid=tl-country-language-selector-EN
13435,bmo.com,https://www.bmo.com/fr-ca/principal/particuliers/?icid=tl-country-language-selector-EN
13435,bmo.com,https://www.bmo.com/en-us/main/personal/?icid=tl-country-language-selector-EN
13435,bmo.com,https://www.bmo.com/en-ca/main/personal/?icid=tl-country-language-selector-FR
13437,yoyo.org,https://yoyo.org/~levine/
13439,bezformata.com,https://bezformata.com/changeregion/
13439,bezformata.com,https://melitopol.bezformata.com/listnews/nelegalnih-sigaret/162538743/
13439,bezformata.com,https://elista.bezformata.com/listnews/vozgoranie/162581682/
13439,bezformata.com,https://anadir.bezformata.com/listnews/prozhitochnogo/162588881/
13461,fillr.com,https://www.fillr.com/terms.html
13461,fillr.com,https://www.fillr.com/privacy.html
13462,castandcrew.com,https://info.castandcrew.com/cast-crew-one-platform-to-solve-all-your-production-payroll-needs
13462,castandcrew.com,https://about.castandcrew.com/onboarding-and-timekeeping-platform
13462,castandcrew.com,https://info.castandcrew.com/q2-2026-product-recap
13462,castandcrew.com,https://blog.castandcrew.com/all-access-july31
13483,fotor.com,https://www.fotor.com/pricing/
13483,fotor.com,https://www.fotor.com/ai-image-enhancer/
13483,fotor.com,https://www.fotor.com/ai-photo-editor/
13483,fotor.com,https://www.fotor.com/features/unblur-image/
13495,elavon.com,https://www.elavon.com/index.html
13495,elavon.com,https://www.elavon.com/apply-now
13495,elavon.com,https://www.elavon.com/about-elavon.html
13495,elavon.com,https://www.elavon.com/support-center.html
13505,fussball.de,https://next.fussball.de/promateur?utm_medium=Organisch&utm_source=FUSSBALLDE&utm_campaign=PROMATEUR&utm_content=HeaderleisteWeb
13505,fussball.de,https://www.fussball.de/partner
13505,fussball.de,https://next.fussball.de/faq
13505,fussball.de,https://www.fussball.de/newsletter
13508,bt4g.com,https://bt4gprx.com/new
13508,bt4g.com,https://bt4gprx.com/week
13508,bt4g.com,https://bt4gprx.com/dmca
13521,airliquide.com,https://www.airliquide.com/energy-transition
13521,airliquide.com,https://www.airliquide.com/2025-integrated-annual-report
13521,airliquide.com,https://www.airliquide.com/group/stories
13521,airliquide.com,https://www.airliquide.com/group/air-liquide-brief
13530,usal.es,https://usal.es/ven-a-la-usal
13530,usal.es,https://usal.es/grados
13530,usal.es,https://usal.es/masteres
13530,usal.es,http://doctorado.usal.es/es/doctorados
13542,versatel.de,https://www.1und1.net/unternehmen
13542,versatel.de,https://www.1und1.net/service-portale
13542,versatel.de,https://www.1und1.net/blog
13542,versatel.de,https://www.1und1.net/kunden-werben
13544,mrbetlogin.com,https://mrbetlogin.com/mr-bet-betting-review/
13544,mrbetlogin.com,https://mrbetlogin.com/mr-bet-app/
13544,mrbetlogin.com,https://mrbetlogin.com/mr-bet-10-euro/
13544,mrbetlogin.com,https://mrbetlogin.com/mr-bet-nz/
13555,dnswl.org,https://www.dnswl.org/selfservice/
13555,dnswl.org,https://www.dnswl.org/addressbook/
13564,gloria.tv,https://gloria.tv/chronologic/
13564,gloria.tv,https://gloria.tv/signup/
13564,gloria.tv,https://gloria.tv/languages/
13564,gloria.tv,https://gloria.tv/docs/
13595,haraj.com.sa,https://haraj.com.sa/tags/حراج السيارات
13595,haraj.com.sa,https://haraj.com.sa/tags/حراج الأجهزة
13595,haraj.com.sa,https://haraj.com.sa/tags/حراج العقار
13595,haraj.com.sa,https://haraj.com.sa/tags/اثاث
13596,smore.com,https://www.smore.com/smore-pricing-back-to-school-2026/
13596,smore.com,https://www.smore.com/solutions-individuals/
13596,smore.com,https://www.smore.com/solutions-schools/
13596,smore.com,https://www.smore.com/solutions-districts/
13602,topwar.ru,https://topwar.ru/news/
13602,topwar.ru,https://topwar.ru/armament/
13602,topwar.ru,https://topwar.ru/history/
13602,topwar.ru,https://topwar.ru/opinions/
13615,cogentco.com,https://cogentco.com/en/
13615,cogentco.com,https://cogentco.com/en/cogent-blog
13615,cogentco.com,https://cogentco.com/customer-service
13615,cogentco.com,https://cogentco.com/sitemap
13627,marketplace.org,https://www.marketplace.org/shows
13627,marketplace.org,https://www.marketplace.org/make-a-smart-investment
13627,marketplace.org,https://www.marketplace.org/newsletters
13627,marketplace.org,https://www.marketplace.org/search
13628,vrchat.com,https://hello.vrchat.com/cart
13628,vrchat.com,https://hello.vrchat.com/careers
13628,vrchat.com,https://hello.vrchat.com/blog
13628,vrchat.com,https://hello.vrchat.com/press
13629,hashnode.dev,https://hashnode.com/pro
13629,hashnode.dev,https://hashnode.com/search
13629,hashnode.dev,https://hashnode.com/login
13629,hashnode.dev,https://hashnode.com/blog?utm_source=hashnode&utm_medium=sidebar
13635,g123.jp,https://g123.jp/games/all?lang=ja&platform=g123&utm_source=g123&utm_medium=index&utm_campaign=all_list
13635,g123.jp,https://g123.jp/news?lang=ja&platform=g123&utm_source=g123&utm_medium=index&utm_campaign=news_list
13635,g123.jp,https://h5.g123.jp/game/doraemon?lang=ja&platform=g123&utm_source=g123&utm_medium=index&utm_campaign=top_banner
13635,g123.jp,https://g123.jp/games/all?lang=ja&platform=g123&utm_source=g123&utm_medium=index&utm_campaign=top_banner
13646,vz.ru,https://vz.ru/hournews/
13646,vz.ru,https://vz.ru/redir/?source=vz_hour_news&id=1442421&vzurl=/news/2026/8/13/1442421.html
13646,vz.ru,https://vz.ru/news/
13646,vz.ru,https://vz.ru/exclusive/
13648,weblate.org,https://weblate.org/en/
13648,weblate.org,https://weblate.org/en/user/
13648,weblate.org,https://weblate.org/en/features/
13648,weblate.org,https://weblate.org/en/download/
13650,jp.sharp,https://jp.sharp/support/
13650,jp.sharp,https://jp.sharp/business/
13650,jp.sharp,https://jp.sharp/wearable/
13650,jp.sharp,https://jp.sharp/k-tai/products/aquos-r11/
13654,academic.ru,https://partners.academic.ru/partner_proposal.php
13654,academic.ru,https://dic.academic.ru/contents.nsf/enc_medicine/
13654,academic.ru,https://dic.academic.ru/contents.nsf/medic2/
13654,academic.ru,https://dic.academic.ru/contents.nsf/medic/
13655,townhall.com,https://townhall.com/search/q
13655,townhall.com,https://townhall.com/news
13655,townhall.com,https://townhall.com/columnists
13655,townhall.com,https://townhall.com/watch
13674,therarbg.to,https://therarbg.to/get-posts/category:Movies:time:10D/
13674,therarbg.to,https://therarbg.to/get-posts/category:TV:time:10D/
13674,therarbg.to,https://therarbg.to/get-posts/category:Games:time:10D/
13674,therarbg.to,https://therarbg.to/get-posts/category:Music:time:10D/
13680,foxweather.com,https://www.foxweather.com/search
13680,foxweather.com,https://www.foxweather.com/app
13680,foxweather.com,https://www.foxweather.com/live
13680,foxweather.com,https://www.foxweather.com/weather-news
13683,faroutmagazine.co.uk,https://faroutmagazine.co.uk/music/
13683,faroutmagazine.co.uk,https://faroutmagazine.co.uk/film/
13683,faroutmagazine.co.uk,https://faroutmagazine.co.uk/travel/
13683,faroutmagazine.co.uk,https://faroutmagazine.co.uk/art/
13689,businesstoday.in,https://www.businesstoday.in/markets
13689,businesstoday.in,https://www.businesstoday.in/markets/stocks
13689,businesstoday.in,https://www.businesstoday.in/markets/ipo-corner
13689,businesstoday.in,https://www.businesstoday.in/indices
13701,torontosun.com,https://torontosun.com/contact/
13701,torontosun.com,https://torontosun.com/subscribe/
13701,torontosun.com,https://torontosun.com/faq/
13701,torontosun.com,https://torontosun.com/my-account/
13703,ati.su,https://ati.su/landings/udeal/?utm_source=header&utm_campaign=new_header
13703,ati.su,https://academy.ati.su/carriers-league/?utm_source=main_hero
13703,ati.su,https://ati.su/analytics/index/?utm_source=index_maincount
13703,ati.su,https://ati.su/rating/?utm_source=mainpage&utm_content=counters
13704,openart.ai,https://openart.ai/suite/pricing
13704,openart.ai,https://openart.ai/home
13704,openart.ai,https://openart.ai/suite/director?quickStart=short-film
13704,openart.ai,https://openart.ai/suite/director?quickStart=music-video
13714,insta360.com,https://store.insta360.com/consumer?i_source=website&i_medium=menu_button&i_campaign=consumer
13714,insta360.com,https://store.insta360.com/product/insta360plus
13714,insta360.com,https://www.insta360.com/enterprise
13714,insta360.com,https://www.insta360.com/download
13718,mywhc.ca,https://whc.ca/canadian-web-hosting
13718,mywhc.ca,https://whc.ca/canadian-virtual-private-servers
13718,mywhc.ca,https://whc.ca/reseller-web-hosting
13718,mywhc.ca,https://whc.ca/dedicated-servers
13746,buyma.com,https://www.buyma.com/register/
13746,buyma.com,https://www.buyma.com/buyer/
13746,buyma.com,https://www.buyma.com/my/
13746,buyma.com,https://www.buyma.com/login/
13755,betboom.ru,https://betboom.ru/sport
13755,betboom.ru,https://betboom.ru/esport
13755,betboom.ru,https://betboom.ru/express
13755,betboom.ru,https://betboom.ru/actions
13781,rackspacecloud.com,https://rackspacecloud.com/pricing
13784,actionnetwork.org,http://actionnetwork.org/get-started-boost
13784,actionnetwork.org,https://actionnetwork.org/users/sign_in
13784,actionnetwork.org,https://actionnetwork.org/fundraise/
13784,actionnetwork.org,https://actionnetwork.org/mobilize-activists/
13788,vesync.com,https://www.vesync.com/cart
13788,vesync.com,https://www.vesync.com/app
13788,vesync.com,https://www.vesync.com/prospectus
13788,vesync.com,https://www.vesync.com/announcements
13799,openculture.com,https://www.openculture.com/freeonlinecourses
13799,openculture.com,https://www.openculture.com/freeaudiobooks
13799,openculture.com,https://www.openculture.com/freemoviesonline
13799,openculture.com,https://www.openculture.com/great-podcasts
13810,tribuneindia.com,https://www.tribuneindia.com/rate3
13810,tribuneindia.com,https://www.tribuneindia.com/aboutus
13810,tribuneindia.com,https://www.tribuneindia.com/code-of-ethics
13810,tribuneindia.com,https://www.tribuneindia.com/careers/
13818,monica.im,https://monica.im/id
13818,monica.im,https://monica.im/cs
13818,monica.im,https://monica.im/de
13818,monica.im,https://monica.im/en
13868,nationalinterest.org,https://nationalinterest.org/about-the-national-interest
13868,nationalinterest.org,https://nationalinterest.org/submissions
13868,nationalinterest.org,https://nationalinterest.org/advertise-national-interest
13868,nationalinterest.org,https://nationalinterest.org/support-us
13875,chevrolet.com,https://www.chevrolet.com/worldwide-websites
13875,chevrolet.com,https://www.chevrolet.com/certified-service
13875,chevrolet.com,https://www.chevrolet.com/performance-parts
13875,chevrolet.com,https://www.chevrolet.com/rewards?eVar25=myrwrdschevy_site_navbar_1023
13881,sense.com,https://sense.com/homes/
13881,sense.com,https://sense.com/utilities/
13881,sense.com,https://sense.com/partners/
13881,sense.com,https://sense.com/about-us/
13894,slt.lk,https://slt.lk/home
13900,rootlake.io,https://rootlake.io/data
13900,rootlake.io,https://rootlake.io/faq
13900,rootlake.io,https://rootlake.io/privacy
13900,rootlake.io,https://rootlake.io/terms
13907,tennessean.com,https://subscribe.tennessean.com/rr/nanobar?gps-source=CPTILELEFT&itm_campaign=2026ENTAUGBAU&itm_medium=ONSITE&success-url=https%3A%2F%2Fwww.tennessean.com%2F
13907,tennessean.com,https://subscribe.tennessean.com/rr/masthead?gps-source=CPMASTHEAD&itm_campaign=2026ENTAUGBAU&itm_medium=ONSITE&success-url=https%3A%2F%2Fwww.tennessean.com%2F
13907,tennessean.com,https://www.tennessean.com/news/
13907,tennessean.com,https://www.tennessean.com/sports/
13914,freedns.si,https://www.freedns.si/index/index/lang/sl
13914,freedns.si,https://www.freedns.si/index/index/lang/en
13914,freedns.si,https://www.freedns.si/user/forgot-password
13914,freedns.si,https://www.freedns.si/static/terms-of-use
13940,nic.lv,https://www.nic.lv/lv/sikdatnu-politika
13940,nic.lv,https://www.nic.lv/lv/
13940,nic.lv,https://www.nic.lv/en/
13940,nic.lv,https://www.nic.lv/client/new_user/
13962,sitezoogle.com,https://sitezoogle.com/contact
13982,syncromsp.com,https://syncrosecure.com/blog/introducing-syncro-mcp-server/
13982,syncromsp.com,https://syncrosecure.com/syncro-demo-signup/
13982,syncromsp.com,https://syncrosecure.com/platform/
13982,syncromsp.com,https://syncrosecure.com/platform/endpoint-management/
13983,berliner-zeitung.de,https://www.berliner-zeitung.de/checkout/login?isForLogin=true
13983,berliner-zeitung.de,https://www.berliner-zeitung.de/category/open-source
13983,berliner-zeitung.de,https://www.berliner-zeitung.de/category/b-plus
13983,berliner-zeitung.de,https://www.berliner-zeitung.de/category/news
13993,virtuaserver.com.br,https://virtuaserver.com.br/DEDICADO_empresa.php
13993,virtuaserver.com.br,https://virtuaserver.com.br/DEDICADO_planos.php
13993,virtuaserver.com.br,https://virtuaserver.com.br/servidor-dedicado-gerenciado-sob-demanda
13993,virtuaserver.com.br,https://virtuaserver.com.br/DEDICADO_exemplos.php
13999,samba.org,https://www.samba.org/samba/
13999,samba.org,https://www.samba.org/samba/what_is_samba.html
13999,samba.org,https://www.samba.org/samba/download/
13999,samba.org,https://www.samba.org/samba/docs/
14017,f1.com.tw,http://www.f1.com.tw/hosts/
14017,f1.com.tw,http://www.f1.com.tw/hosts/index-6.phtml
14017,f1.com.tw,http://www.f1.com.tw/hosts/index-5.phtml
14017,f1.com.tw,http://www.f1.com.tw/dns/
14019,webland.ch,https://www.webland.ch/de-ch/Logins
14019,webland.ch,https://www.webland.ch/de-ch/Support
14019,webland.ch,https://www.webland.ch/de-ch/
14019,webland.ch,https://www.webland.ch/en-us/Home
14028,zoom.earth,https://zoom.earth/app/
14028,zoom.earth,https://zoom.earth/legal/radar/
14028,zoom.earth,https://zoom.earth/legal/fires/
14028,zoom.earth,https://zoom.earth/contact/
14029,lafeltrinelli.it,https://www.lafeltrinelli.it/cartaeffe/cartaeffe-pagina
14029,lafeltrinelli.it,https://www.lafeltrinelli.it/gift-card
14029,lafeltrinelli.it,https://www.lafeltrinelli.it/negozi
14029,lafeltrinelli.it,https://www.lafeltrinelli.it/punti-di-ritiro/punti-ritiro-pagina
14030,anime-planet.com,https://www.anime-planet.com/anime/
14030,anime-planet.com,https://www.anime-planet.com/anime/seasons/summer-2026
14030,anime-planet.com,https://www.anime-planet.com/anime/recommendations/
14030,anime-planet.com,https://www.anime-planet.com/anime/all
14031,wtfismyip.com,https://wtfismyip.com/headers
14031,wtfismyip.com,https://wtfismyip.com/xml
14031,wtfismyip.com,https://wtfismyip.com/yaml
14031,wtfismyip.com,https://wtfismyip.com/json
14035,bringatrailer.com,https://bringatrailer.com/auctions/
14035,bringatrailer.com,https://bringatrailer.com/premium/
14035,bringatrailer.com,https://bringatrailer.com/no-reserve/
14035,bringatrailer.com,https://bringatrailer.com/auctions/results/
14042,huaban.com,https://huaban.com/discovery
14042,huaban.com,https://huaban.com/create
14042,huaban.com,https://huaban.com/materials
14042,huaban.com,https://huaban.com/extensions
14044,gls-group.com,https://gls-group.com/GROUP/en/privacy-policy/
14044,gls-group.com,https://gls-group.com/GROUP/en/data-protection/
14044,gls-group.com,https://gls-group.com/GROUP/en/corporate-information/
14044,gls-group.com,https://gls-group.com/GROUP/en/disclaimer/
14052,rippling.com,https://www.rippling.com/pricing
14052,rippling.com,https://app.rippling.com/sign-in
14052,rippling.com,https://www.rippling.com/request-demo
14052,rippling.com,https://app.rippling.com/legal/privacy
14056,adventori.com,https://fr.cool.co/dynamic-creative-optimization/
14056,adventori.com,https://fr.cool.co/self-service-platform/
14056,adventori.com,https://fr.cool.co/solutions-cookieless/
14056,adventori.com,https://fr.cool.co/ctv/
14059,toggl.com,https://toggl.com/blog/
14059,toggl.com,https://toggl.com/about/
14059,toggl.com,https://toggl.com/jobs/
14059,toggl.com,https://toggl.com/track/enterprise/
14060,peers.tv,https://peers.tv/records/?from=mainmenu
14060,peers.tv,https://peers.tv/hot/?from=highlights
14060,peers.tv,https://peers.tv/top/day/?from=mainmenu
14060,peers.tv,https://peers.tv/subscribes/?from=mainmenu
14070,bscscan.com,https://bscscan.com/chart/bnbprice
14070,bscscan.com,https://bscscan.com/gastracker
14070,bscscan.com,https://bscscan.com/settings
14070,bscscan.com,https://bscscan.com/login
14072,lehigh.edu,https://www.lehigh.edu/home
14072,lehigh.edu,https://www2.lehigh.edu/about
14072,lehigh.edu,https://www2.lehigh.edu/about/university-statistics
14072,lehigh.edu,https://www2.lehigh.edu/about/university-leadership
14120,livelib.ru,https://www.livelib.ru/books
14120,livelib.ru,https://www.livelib.ru/books/novelties
14120,livelib.ru,https://www.livelib.ru/rec/master
14120,livelib.ru,https://www.livelib.ru/books/free
14127,uxcam.com,https://uxcam.com/ai/
14127,uxcam.com,https://uxcam.com/leading-mobile-analytics/
14127,uxcam.com,https://uxcam.com/web-analytics/
14127,uxcam.com,https://uxcam.com/security-and-privacy/
14136,cloudways.com,https://unified.cloudways.com/signup?fmp_cta=true
14136,cloudways.com,https://www.cloudways.com/en/promo-code.php 
14136,cloudways.com,https://www.cloudways.com/en/ 
14136,cloudways.com,https://www.cloudways.com/en/web-hosting-affiliate-program.php
14144,barcelona.cat,https://www.barcelona.cat/ca/
14144,barcelona.cat,https://www.barcelona.cat/ca
14144,barcelona.cat,https://www.barcelona.cat/es
14144,barcelona.cat,https://www.barcelona.cat/en
14145,campaignmonitor.com,https://www.campaignmonitor.com/features/overview
14145,campaignmonitor.com,https://www.campaignmonitor.com/whats-new/
14145,campaignmonitor.com,https://www.campaignmonitor.com/integrations/
14145,campaignmonitor.com,https://www.campaignmonitor.com/features/deliverability/
14166,questdiagnostics.com,https://www.questdiagnostics.com/patients/get-tested
14166,questdiagnostics.com,https://appointment.questdiagnostics.com/patient/confirmation
14166,questdiagnostics.com,https://www.questdiagnostics.com/locations/search
14166,questdiagnostics.com,https://www.questdiagnostics.com/patients/get-tested/conditions
14167,project-syndicate.org,https://www.project-syndicate.org/newsletters
14167,project-syndicate.org,https://www.project-syndicate.org/order/subscription?trigger=header&url=%2Ferror%2F429&redirect=%2Ferror%2F429
14167,project-syndicate.org,https://www.project-syndicate.org/account/login
14167,project-syndicate.org,https://www.project-syndicate.org/archive
14187,tiny.cloud,https://www.tiny.cloud/tinymce/
14187,tiny.cloud,https://www.tiny.cloud/tinymce/features/
14187,tiny.cloud,https://www.tiny.cloud/pricing/
14187,tiny.cloud,https://www.tiny.cloud/docs/tinymce/latest/
14200,afp.ai,https://www.afp.ai/cart
14200,afp.ai,https://www.afp.ai/agencies
14200,afp.ai,https://www.afp.ai/about
14200,afp.ai,https://cases.afp.ai/en/sony-pictures
14209,villagevoice.com,https://www.villagevoice.com/city/
14209,villagevoice.com,https://www.villagevoice.com/culture/
14209,villagevoice.com,https://www.villagevoice.com/the-republicans-re-raining-on-americas-most-patriotic-celebration-again/
14209,villagevoice.com,https://www.villagevoice.com/author/r-c-baker/
14213,sindonews.com,https://www.sindonews.com/indeks
14213,sindonews.com,https://mpi.sindonews.com/okezone
14213,sindonews.com,https://mpi.sindonews.com/inews
14213,sindonews.com,https://mpi.sindonews.com/idxchannel
14215,politiken.dk,https://politiken.dk/edition/
14215,politiken.dk,https://politiken.dk/shop/?promo_name=cro&promo_id=ds&promo_creative=digitaladgang_shop&promo_position=marketingknap
14215,politiken.dk,https://politiken.dk/medielogin/login
14215,politiken.dk,https://politiken.dk/nyheder/
14249,kuula.co,https://kuula.co/register/
14249,kuula.co,https://kuula.co/page/pro
14249,kuula.co,https://kuula.co/page/business
14249,kuula.co,https://kuula.co/post/n1/collection/7PNXK
14260,xtemos.com,https://xtemos.com/forums/forum/woodmart-premium-template/
14260,xtemos.com,https://xtemos.com/documentation/woodmart/
14260,xtemos.com,https://xtemos.com/buy-woodmart.php
14260,xtemos.com,https://xtemos.com/wordpress-themes/
14271,ezlo.com,https://ezlo.com/products/ezlo-aware
14271,ezlo.com,https://ezlo.com/products/ezlo-insight
14271,ezlo.com,https://www.ezlo.com/products/ezlo-beacon
14271,ezlo.com,https://www.ezlo.com/collections
14288,bitping.com,https://bitping.com/pricing
14288,bitping.com,https://bitping.com/earn
14288,bitping.com,https://bitping.com/help
14288,bitping.com,https://bitping.com/blog
14294,grammy.com,https://www.grammy.com/recognize/
14294,grammy.com,https://www.grammy.com/awards/68th-annual-grammy-awards-2025/
14294,grammy.com,https://www.grammy.com/awards/
14294,grammy.com,https://www.grammy.com/awards/categories/
14307,tagesanzeiger.ch,https://abo-digital.tagesanzeiger.ch/checkout/classic
14307,tagesanzeiger.ch,https://abo-digital.tagesanzeiger.ch/identity-service/auth/authorize?source_client=web&response_type=token&redirect_uri=https%3A%2F%2Fwww.tagesanzeiger.ch%2F&source=loginbutton
14307,tagesanzeiger.ch,https://www.tagesanzeiger.ch/zuerich
14307,tagesanzeiger.ch,https://www.tagesanzeiger.ch/schweiz
14319,apkcombo.com,https://apkcombo.com/topic/jigsawquiz/
14319,apkcombo.com,https://apkcombo.com/how-to-install/?utm_source=nav
14319,apkcombo.com,https://apkcombo.com/downloader/
14319,apkcombo.com,https://apkcombo.com/category/
14330,tournamentsoftware.com,https://www.tournamentsoftware.com/support/privacy
14330,tournamentsoftware.com,https://www.tournamentsoftware.com/cookiewall/ViewAdProviders
14338,facepunch.com,https://facepunch.com/cart
14338,facepunch.com,https://facepunch.com/team
14338,facepunch.com,https://facepunch.com/careers
14338,facepunch.com,https://facepunch.com/publishing
14347,cambridgeenglish.org,https://www.cambridgeenglish.org/footer/local-websites/index.aspx
14347,cambridgeenglish.org,https://www.cambridgeenglish.org/educators-organisations/
14347,cambridgeenglish.org,https://www.cambridgeenglish.org/educators-organisations/accept-verify-exams/index.aspx
14347,cambridgeenglish.org,https://www.cambridgeenglish.org/educators-organisations/schools/index.aspx
14354,huntflow.ru,https://huntflow.ru/features/reports
14354,huntflow.ru,https://huntflow.ru/calc
14354,huntflow.ru,https://huntflow.ru/industry/it
14354,huntflow.ru,https://huntflow.ru/features/agency
14358,metrix.ir,https://metrix.ir/en/
14358,metrix.ir,https://metrix.ir/docs/
14358,metrix.ir,https://metrix.ir/user-guide/
14358,metrix.ir,https://metrix.ir/faq/
14372,wiz.biz,https://wiz.biz/bitcoin/seed
14372,wiz.biz,https://wiz.biz/bitcoin/nodes
14372,wiz.biz,https://wiz.biz/testnet/nodes
14372,wiz.biz,https://wiz.biz/signet/nodes
14373,tengrinews.kz,https://tengrinews.kz/mixnews/
14373,tengrinews.kz,https://tengrinews.kz/tengri-health/
14373,tengrinews.kz,https://tengrinews.kz/tengri-home/
14373,tengrinews.kz,https://tengrinews.kz/tengriauto/
14396,wien.gv.at,https://www.wien.gv.at/nojs
14396,wien.gv.at,https://www.wien.gv.at/en/
14396,wien.gv.at,https://www.wien.gv.at/stadtplan/
14396,wien.gv.at,https://www.wien.gv.at/amtswege/
14422,gettyimages.in,https://www.gettyimages.in/plans-and-pricing
14422,gettyimages.in,https://www.gettyimages.in/ai
14422,gettyimages.in,https://www.gettyimages.in/purchase/cart
14422,gettyimages.in,https://www.gettyimages.in/sign-in
14423,eugdpr.org,https://iswlegal.com/gdpr
14423,eugdpr.org,https://iswlegal.com/gdpr/key-changes
14423,eugdpr.org,https://iswlegal.com/gdpr/faqs
14423,eugdpr.org,https://iswlegal.com/gdpr/articles
14430,mun.ca,https://www.mun.ca/people_departments/a-z-listing/
14430,mun.ca,https://www.mun.ca/main/become-a-student/
14430,mun.ca,https://www.mun.ca/university-calendar/
14430,mun.ca,https://www.mun.ca/campus_map/
14463,schemaapp.com,https://www.schemaapp.com/solutions/
14463,schemaapp.com,https://www.schemaapp.com/solutions/schema-app-highlighter/
14463,schemaapp.com,https://www.schemaapp.com/solutions/schema-app-editor/
14463,schemaapp.com,https://www.schemaapp.com/solutions/schema-performance-analytics/
14473,jll.com,https://www.jll.com/en-us/contact
14473,jll.com,https://www.jll.com/en-us/about-jll
14473,jll.com,https://www.jll.com/en-us/client-stories?sort_by_relevance=date&contentType=Client+story
14473,jll.com,https://www.jll.com/en-us/careers
14489,fairmont.com,https://www.fairmont.com/en.html
14489,fairmont.com,https://www.fairmont.com/fr.html
14489,fairmont.com,https://www.fairmont.com/ar.html
14489,fairmont.com,https://www.fairmont.com/es.html
14493,mcn.ru,https://shop.mcn.ru/ 
14493,mcn.ru,https://services.mcn.ru/public/services/app/pay
14493,mcn.ru,https://www.mcn.ru/resheniya/nomera-dlya-krupnogo-biznesa/
14493,mcn.ru,https://www.mcn.ru/resheniya/chistye-telefonnye-nomera/
14498,aerzteblatt.de,https://www.aerzteblatt.de/cme/aerzteverlag-cme
14498,aerzteblatt.de,https://www.aerzteblatt.de/cme
14498,aerzteblatt.de,https://www.aerzteblatt.de/search
14498,aerzteblatt.de,https://www.aerzteblatt.de/archiv
14503,quip.com,https://quip.com/about/product
14503,quip.com,https://quip.com/security
14503,quip.com,https://quip.com/templates
14503,quip.com,https://quip.com/about/pricing
14508,rigla.ru,https://www.rigla.ru/partners/rental_of_retail_space
14508,rigla.ru,https://www.rigla.ru/buy/recipe
14508,rigla.ru,https://www.rigla.ru/bonus_program/activation
14508,rigla.ru,https://www.rigla.ru/pharmacies
14511,ezgif.com,https://ezgif.com/maker
14511,ezgif.com,https://ezgif.com/resize-video
14511,ezgif.com,https://ezgif.com/video-sound
14511,ezgif.com,https://ezgif.com/resize
14516,globalprivacycontrol.org,https://globalprivacycontrol.org/implementation
14516,globalprivacycontrol.org,https://globalprivacycontrol.org/press
14516,globalprivacycontrol.org,https://globalprivacycontrol.org/orgs
14516,globalprivacycontrol.org,https://globalprivacycontrol.org/press-release/20210128
14531,anywhereworks.com,https://anywhereworks.com/mission
14531,anywhereworks.com,https://anywhereworks.com/pledge-people-not-bots
14531,anywhereworks.com,https://anywhereworks.com/tools
14531,anywhereworks.com,https://anywhereworks.com/contact
14542,findarticles.com,https://www.findarticles.com/news/
14542,findarticles.com,https://www.findarticles.com/news/technology/
14542,findarticles.com,https://www.findarticles.com/news/business/
14542,findarticles.com,https://www.findarticles.com/news/entertainment/
14546,opm.gov,https://www.opm.gov/about-us/
14546,opm.gov,https://www.opm.gov/about-us/who-we-are/
14546,opm.gov,https://www.opm.gov/about-us/our-work/
14546,opm.gov,https://www.opm.gov/about-us/mission-history/
14551,snapwidget.com,https://snapwidget.com/widgets
14551,snapwidget.com,https://snapwidget.com/pricing
14551,snapwidget.com,https://snapwidget.com/tutorials
14551,snapwidget.com,https://snapwidget.com/blog
14566,trudvsem.ru,https://trudvsem.ru/vacancy/search
14566,trudvsem.ru,https://trudvsem.ru/cv/search
14566,trudvsem.ru,https://trudvsem.ru/educational-programs
14566,trudvsem.ru,https://trudvsem.ru/czn
14571,mediapart.fr,https://www.mediapart.fr/search
14571,mediapart.fr,https://www.mediapart.fr/en/english
14571,mediapart.fr,https://www.mediapart.fr/es/espanol
14571,mediapart.fr,https://aide.mediapart.fr/hc/fr
14575,cryptopro.ru,https://cryptopro.ru/en
14575,cryptopro.ru,https://cryptopro.ru/about
14575,cryptopro.ru,https://cryptopro.ru/news
14575,cryptopro.ru,https://cryptopro.ru/certificates
14602,osce.org,https://www.osce.org/our-work
14602,osce.org,https://www.osce.org/fields-of-work
14602,osce.org,https://www.osce.org/field-of-work/arms-control
14602,osce.org,https://www.osce.org/field-of-work/border-management
14612,mopo.de,https://media.mopo.de/ads
14612,mopo.de,https://www.mopo.de/plus
14612,mopo.de,https://www.mopo.de/hamburg
14612,mopo.de,https://www.mopo.de/im-norden
14659,law360.com,https://www.law360.com/account/login?return_url=%2F
14659,law360.com,https://www.law360.com/advanced_search
14659,law360.com,https://www.law360.com/access-to-justice
14659,law360.com,https://www.law360.com/aerospace
14664,uva.es,https://directorio.uva.es/inicio
14664,uva.es,https://digital.uva.es/tematica/correo-electronico/
14664,uva.es,https://www.uva.es/1.uva/
14664,uva.es,https://www.uva.es/2.estudios/
14666,snapp.site,https://snapp.site/taxi-ride/
14666,snapp.site,https://snapp.site/pro/
14666,snapp.site,https://snapp.site/about/
14666,snapp.site,https://snapp.site/contact/
14677,online.fr,https://console.scaleway.com/kafka/fr-par/clusters?utm_source=website&utm_medium=direct&utm_campaign=202606-prd-ww-all-clusters_for_apache_kafka&utm_content=motd-website
14677,online.fr,https://www.scaleway.com/fr/
14677,online.fr,https://www.scaleway.com/en/docs/
14677,online.fr,https://www.scaleway.com/fr/blog/
14680,ms.gov,https://www.ms.gov/government/services
14680,ms.gov,https://www.ms.gov/government/elected-officials
14680,ms.gov,https://www.ms.gov/agency-directory
14680,ms.gov,https://www.ms.gov/government/government-branches
14689,cloudtrax.com,https://ct4.cloudtrax.com/signup
14689,cloudtrax.com,https://ct4.cloudtrax.com/login
14689,cloudtrax.com,https://ct4.cloudtrax.com/login/recover
14689,cloudtrax.com,https://help.cloudtrax.com/hc/en-us/articles/202465650-Part-1-CloudTrax-Guide-Overview
14692,readspeaker.com,https://www.readspeaker.com/support/
14692,readspeaker.com,https://www.readspeaker.com/login/
14692,readspeaker.com,https://www.readspeaker.com/solutions/
14692,readspeaker.com,https://www.readspeaker.com/solutions/text-to-speech-online/readspeaker-webreader/
14693,k8s.io,https://kubernetes.io/docs/home/
14693,k8s.io,https://kubernetes.io/blog/
14693,k8s.io,https://kubernetes.io/training/
14693,k8s.io,https://kubernetes.io/careers/
14698,dzwww.com,https://sd.dzwww.com/sdnews/202108/t20210806_8890349.htm
14698,dzwww.com,https://hb.dzwww.com/app/
14698,dzwww.com,https://www.dzwww.com/sjb/
14698,dzwww.com,http://paper.dzwww.com/dzrb/
14704,spektrum.de,https://www.spektrum.de/suche/
14704,spektrum.de,https://www.spektrum.de/login?url=https://www.spektrum.de/
14704,spektrum.de,https://www.spektrum.de/index/spektrum-alle-premiuminhalte-auf-einen-blick/2286077
14704,spektrum.de,https://www.spektrum.de/shop/spektrum-die-woche/archiv/
14709,ckeditor.com,https://ckeditor.com/ckeditor-5/
14709,ckeditor.com,https://ckeditor.com/ckeditor-5/features/
14709,ckeditor.com,https://ckeditor.com/ckeditor-5/demo/
14709,ckeditor.com,https://ckeditor.com/ckeditor-5/builder/
14717,uillinois.edu,https://uillinois.edu/about
14717,uillinois.edu,https://uillinois.edu/data
14717,uillinois.edu,https://uillinois.edu/directory
14717,uillinois.edu,https://uillinois.edu/system_offices
14726,codashop.com,https://www.codashop.com/international
14726,codashop.com,https://www.codashop.com/ar-eg/
14726,codashop.com,https://www.codashop.com/en-ke/
14726,codashop.com,https://www.codashop.com/ar-ma/
14756,shinyapps.io,https://www.shinyapps.io/auth/oauth/login
14756,shinyapps.io,https://www.shinyapps.io/auth/oauth/signup
14756,shinyapps.io,https://www.shinyapps.io/auth/oauth/signup?redirect=account%2Fbilling%2Fplan%2Fstarter%2Fchange
14756,shinyapps.io,https://www.shinyapps.io/auth/oauth/signup?redirect=account%2Fbilling%2Fplan%2Fbasic%2Fchange
14758,wjx.cn,https://www.wjx.cn/app/survey.aspx
14758,wjx.cn,https://www.wjx.cn/app/exam.aspx
14758,wjx.cn,https://www.wjx.cn/app/360staff.aspx
14758,wjx.cn,https://www.wjx.cn/app/form.aspx
14761,uni-halle.de,https://www.uni-halle.de/studium/
14761,uni-halle.de,https://www.uni-halle.de/forschung/
14761,uni-halle.de,https://www.uni-halle.de/weiterbildung/
14761,uni-halle.de,https://www.uni-halle.de/karriere/
14765,unblog.fr,http://unblog.fr/annuaire
14765,unblog.fr,http://unblog.fr/category/tutoriels
14765,unblog.fr,http://unblog.fr/wp-login.php
14765,unblog.fr,http://unblog.fr/annuaire/groupe-loisirs
14769,1blu.de,https://www.1blu.de/kontakt/
14769,1blu.de,https://ksb.1blu.de/termination/start/
14769,1blu.de,https://www.1blu.de/webhosting/
14769,1blu.de,https://www.1blu.de/webhosting/homepagepakete/
14784,goodsync.com,https://www.goodsync.com/features
14784,goodsync.com,https://www.goodsync.com/personal
14784,goodsync.com,https://www.goodsync.com/business
14784,goodsync.com,https://www.goodsync.com/platforms
14804,citex.info,https://expireddomains.com/domain/citex.info/backlink?hash=540fc8
14804,citex.info,https://expireddomains.com/domain/citex.info
14804,citex.info,https://new.expireddomains.com/login
14806,gastronom.ru,https://www.gastronom.ru/recipe
14806,gastronom.ru,https://www.gastronom.ru/product
14806,gastronom.ru,https://www.gastronom.ru/health
14806,gastronom.ru,https://www.gastronom.ru/restaurant
14821,pcgamesn.com,https://www.pcgamesn.com/news
14821,pcgamesn.com,https://www.pcgamesn.com/guides
14821,pcgamesn.com,https://www.pcgamesn.com/features
14821,pcgamesn.com,https://www.pcgamesn.com/reviews
14825,cityam.com,https://www.cityam.com/news/
14825,cityam.com,https://www.cityam.com/category/business/
14825,cityam.com,https://www.cityam.com/category/economics/
14825,cityam.com,https://www.cityam.com/category/politics/
14826,tripadvisor.ca,https://www.tripadvisor.ca/RegistrationController?flow=sign_up_and_save&returnTo=%2F&fullscreen=true&flowOrigin=login&hideNavigation=true&isLithium=true
14826,tripadvisor.ca,https://www.tripadvisor.ca/Attractions
14826,tripadvisor.ca,https://www.tripadvisor.ca/Hotels
14826,tripadvisor.ca,https://www.tripadvisor.ca/Restaurants
14831,canny.io,https://canny.io/features/mcp
14831,canny.io,https://canny.io/case-studies
14831,canny.io,https://canny.io/pricing
14831,canny.io,https://canny.io/login
14834,uoa.gr,https://www.uoa.gr/prosopiko
14834,uoa.gr,https://www.uoa.gr/foitites
14834,uoa.gr,https://www.uoa.gr/epikoinonia_kai_prosbasi
14834,uoa.gr,https://www.uoa.gr/to_panepistimio
14841,noz.de,https://www.noz.de/anzeigen
14841,noz.de,https://meine.noz.de/angebote/nozplus-probemonat99?itm_source=website&itm_medium=button&itm_campaign=plusabo&abt=24072204
14841,noz.de,https://mein.noz.de/epaper
14841,noz.de,https://www.noz.de/lokales
14844,barracudacentral.org,https://barracudacentral.org/rbl/removal-request
14844,barracudacentral.org,https://barracudacentral.org/lookups
14844,barracudacentral.org,https://barracudacentral.org/contact/feedback
14844,barracudacentral.org,https://barracudacentral.org/report
14850,wallpapercave.com,https://wallpapercave.com/signup
14850,wallpapercave.com,https://wallpapercave.com/signin
14850,wallpapercave.com,https://wallpapercave.com/upload
14850,wallpapercave.com,https://wallpapercave.com/categories
14857,groovinads.com,https://www.groovinads.com/dco/
14857,groovinads.com,https://www.groovinads.com/dsp/
14857,groovinads.com,https://www.groovinads.com/retailmedia/
14857,groovinads.com,https://www.groovinads.com/videoads/
14859,archive.md,https://archive.md/rss
14859,archive.md,https://archive.md/alldomains
14859,archive.md,https://archive.md/faq
14859,archive.md,https://archive.md/2020.04.21/https://rt.live/
14860,progress.com,https://investors.progress.com/news-releases/news-release-details/progress-software-acquire-domos-ai-and-data-platform-business
14860,progress.com,https://www.progress.com/artificial-intelligence
14860,progress.com,https://www.progress.com/ai-thought-leadership
14860,progress.com,https://www.progress.com/data-platform
14863,grnet.gr,https://grnet.gr/company/
14863,grnet.gr,https://grnet.gr/grnet-management/
14863,grnet.gr,https://grnet.gr/organisational_structure/
14863,grnet.gr,https://grnet.gr/international-partnerships/
14866,nitrocdn.com,https://nitropack.io/affiliates/
14866,nitrocdn.com,https://nitropack.io/pricing/
14866,nitrocdn.com,https://nitropack.io/features/
14866,nitrocdn.com,https://nitropack.io/features/nitropack-dashboard/
14869,nyse.com,https://www.nyse.com/index
14869,nyse.com,https://www.nyse.com/listings
14869,nyse.com,https://e.nyse.com/mac-desk-midday-market-update
14869,nyse.com,https://www.nyse.com/mac-desk/quarterly-earnings-preview
14873,uline.com,https://www.uline.com/Product/ViewCart
14873,uline.com,https://www.uline.com/Product/ViewCart/ExitPunchout
14873,uline.com,https://www.uline.com/Product/ViewCart?savedcartlist=Y
14873,uline.com,https://www.uline.com/MyAccount/MyUline
14876,sucuri.net,https://sucuri.net/website-security-platform/help-now/
14876,sucuri.net,https://dashboard.sucuri.net/login/
14876,sucuri.net,https://dashboard.sucuri.net/login
14876,sucuri.net,https://sucuri.net/website-security-platform/signup/
14877,doteasy.com,https://clients.doteasy.com/login
14877,doteasy.com,https://doteasy.com/domains
14877,doteasy.com,https://doteasy.com/transfer-domains
14877,doteasy.com,https://doteasy.com/web-hosting
14895,pocketfm.com,https://pocketfm.com/cookie-policy
14895,pocketfm.com,https://pocketfm.com/privacy-policy
14895,pocketfm.com,https://pocketfm.com/my-store
14895,pocketfm.com,https://pocketfm.com/login
14904,english-heritage.org.uk,https://www.english-heritage.org.uk/commerce/basket/
14904,english-heritage.org.uk,https://www.english-heritage.org.uk/visit/
14904,english-heritage.org.uk,https://www.english-heritage.org.uk/visit/places/stonehenge/
14904,english-heritage.org.uk,https://www.english-heritage.org.uk/visit/places/1066-battle-of-hastings-abbey-and-battlefield/
14906,solana.com,https://solana.com/breakpoint
14906,solana.com,https://solana.com/events
14906,solana.com,https://solana.com/news
14906,solana.com,https://solana.com/solutions/tokenization
14918,nanosystems.it,https://www.nanosystems.com/fr/
14918,nanosystems.it,https://www.nanosystems.com/de/
14918,nanosystems.it,https://www.nanosystems.com/it/
14918,nanosystems.it,https://www.nanosystems.com/pt-br/
14922,metu.edu.tr,https://www.metu.edu.tr/students
14922,metu.edu.tr,https://www.metu.edu.tr/staff
14922,metu.edu.tr,https://www.metu.edu.tr/researchers
14922,metu.edu.tr,https://www.metu.edu.tr/visitors
14946,toolforge.org,https://wikitech.wikimedia.org/wiki/Main_Page
14946,toolforge.org,https://wikitech.wikimedia.org/wiki/Server_Admin_Log
14946,toolforge.org,https://wikitech.wikimedia.org/wiki/Release_Engineering/SAL
14946,toolforge.org,https://wikitech.wikimedia.org/wiki/Incident_status
14989,711proxy.com,https://www.711proxy.com/pricing/regular/residential-proxies-gb
14989,711proxy.com,https://www.711proxy.com/pricing/regular/static-residential-proxies
14989,711proxy.com,https://www.711proxy.com/pricing/regular/unlimited-rotating-proxies
14989,711proxy.com,https://www.711proxy.com/pricing/regular/residential-proxies-ip
15001,programmatica.com,http://programmatica.com/about
15001,programmatica.com,https://programmatica.com/agents
15001,programmatica.com,http://programmatica.com/publishers
15001,programmatica.com,https://programmatica.com/telegram
15015,glovoapp.com,https://glovoapp.com/en
15015,glovoapp.com,https://glovoapp.com/es/es
15015,glovoapp.com,https://glovoapp.com/it/it
15015,glovoapp.com,https://glovoapp.com/uk/ua
15033,taxcom.ru,https://taxcom.ru/otchetnost/
15033,taxcom.ru,https://taxcom.ru/otchetnost/nalogovyj-monitoring/
15033,taxcom.ru,https://taxcom.ru/centr/
15033,taxcom.ru,https://taxcom.ru/centr/taxcom-mchd-doverennost/
15036,elifesciences.org,https://elifesciences.org/browse
15036,elifesciences.org,https://elifesciences.org/magazine
15036,elifesciences.org,https://elifesciences.org/community
15036,elifesciences.org,https://elifesciences.org/about
15043,dcloud.net.cn,https://dcloud.net.cn/index.html
15043,dcloud.net.cn,https://ask.dcloud.net.cn/explore/
15043,dcloud.net.cn,https://dcloud.net.cn/hbuilderx.html
15062,nanosystems.com,https://www.nanosystems.com/fr/
15062,nanosystems.com,https://www.nanosystems.com/de/
15062,nanosystems.com,https://www.nanosystems.com/it/
15062,nanosystems.com,https://www.nanosystems.com/pt-br/
15069,sfsu.edu,https://future.sfsu.edu/admissions
15069,sfsu.edu,https://www.sfsu.edu/atoz
15069,sfsu.edu,https://www.sfsu.edu/calendar/
15069,sfsu.edu,https://www.sfsu.edu/login
15073,novofon.com,https://novofon.com/virtualnaya-ats/
15073,novofon.com,https://novofon.com/virtualnyi-nomer-telefona/
15073,novofon.com,https://novofon.com/numbers/international/
15073,novofon.com,https://novofon.com/telefoniya-dlja-biznesa/
15078,opengroup.org,https://www.opengroup.org/sso/user/login
15078,opengroup.org,https://www.opengroup.org/create-account
15078,opengroup.org,https://www.opengroup.org/about-us
15078,opengroup.org,https://www.opengroup.org/about-us/who-we-are
15080,tapas.io,https://tapas.io/menu/1/subtab/1
15080,tapas.io,https://tapas.io/menu/2/subtab/7
15080,tapas.io,https://tapas.io/menu/3/subtab/16
15080,tapas.io,https://tapas.io/menu/4/subtab/30
15087,ducks.party,https://ducks.party/public.asc
15087,ducks.party,https://ducks.party/ct
15087,ducks.party,https://ducks.party/subdomains
15087,ducks.party,https://ducks.party/s3
15091,coinglass.com,https://www.coinglass.com/CryptoApi
15091,coinglass.com,https://www.coinglass.com/download
15091,coinglass.com,https://www.coinglass.com/stocks
15091,coinglass.com,https://www.coinglass.com/exchanges
15107,ruten.com.tw,https://www.ruten.com.tw/system/notice.php
15107,ruten.com.tw,https://www.ruten.com.tw/help
15107,ruten.com.tw,https://www.ruten.com.tw/blog/
15107,ruten.com.tw,https://member.ruten.com.tw/user/editprofile.php
15110,x-arxx.com,https://x-arxx.com/category/%d8%b3%d9%83%d8%b3-%d9%85%d8%b5%d8%b1%d9%8a/
15110,x-arxx.com,https://x-arxx.com/category/%d8%b3%d9%83%d8%b3-%d8%b9%d8%b1%d8%a7%d9%82%d9%8a/
15110,x-arxx.com,https://x-arxx.com/category/%d8%b3%d9%83%d8%b3-%d9%85%d8%ba%d8%b1%d8%a8%d9%8a/
15110,x-arxx.com,https://x-arxx.com/category/%d8%b3%d9%83%d8%b3-%d8%b4%d9%8a%d9%85%d9%8a%d9%84/
15116,huffingtonpost.ca,https://www.huffpost.com/news/
15116,huffingtonpost.ca,https://www.huffpost.com/news/us-news
15116,huffingtonpost.ca,https://www.huffpost.com/news/world-news
15116,huffingtonpost.ca,https://www.huffpost.com/impact/business
15127,slashfilm.com,https://www.slashfilm.com/category/news/
15127,slashfilm.com,https://www.slashfilm.com/category/movie-news/
15127,slashfilm.com,https://www.slashfilm.com/category/tv-news/
15127,slashfilm.com,https://www.slashfilm.com/category/movies/
15137,buscari.com,https://buscari.com/doc/Privacy_Policy
15137,buscari.com,https://buscari.com/doc/User_Agreement
15137,buscari.com,https://buscari.com/contact-us
15140,filmyfly.faith,https://filmyfly.green/page-download/7092/Idhayam-Murali-2026-Hindi-Tamil-Dual-Audio-UnCut-South-Movie-HD-ESub.html
15140,filmyfly.faith,https://filmyfly.green/page-download/7091/Main-Vaapas-Aaunga-2026-Bollywood-Hindi-Movie-HD-ESub.html
15140,filmyfly.faith,https://filmyfly.green/page-download/6717/Peddi-2026-Hindi-Telugu-Dual-Audio-UnCut-South-Movie-HD-ESub.html
15140,filmyfly.faith,https://filmyfly.green/page-download/7136/Jumper-2026-Bollywood-Hindi-Movie-HD-ESub.html
15144,ufpr.br,https://ufpr.br/acessibilidade
15144,ufpr.br,https://ufpr.br/mapa-do-site
15144,ufpr.br,https://ufpr.br/cursos-em-curitiba/
15144,ufpr.br,https://ufpr.br/cursos-em-jandaia-do-sul/
15146,thetrevorproject.org,https://www.thetrevorproject.org/search
15146,thetrevorproject.org,https://give.thetrevorproject.org/campaign/828909/donate?c_src=UCGOF270810102&c_src2=dt-20260801-13-FY27-AUG-NoMatch-webheaderfooter-donate-button&utm_medium=fundraising&utm_source=websitebutton3&utm_campaign=generaleffort
15146,thetrevorproject.org,https://www.thetrevorproject.org/get-help/
15146,thetrevorproject.org,https://www.thetrevorproject.org/visit-trevorspace/
15149,london.gov.uk,https://www.london.gov.uk/programmes-strategies/planning/london-plan/next-london-plan/draft-london-plan-consultation
15149,london.gov.uk,https://www.london.gov.uk/search?query=Homelessness
15149,london.gov.uk,https://www.london.gov.uk/search?query=Cost of living
15149,london.gov.uk,https://www.london.gov.uk/search?query=London living rent
15150,tes.com,https://www.tes.com/for-schools/blog
15150,tes.com,https://www.tes.com/schools-awards/international
15150,tes.com,https://www.tes.com/contact
15150,tes.com,https://www.tes.com/login
15155,ens.fr,https://www.ens.psl.eu/en
15155,ens.fr,https://www.ens.psl.eu/communiques-de-presse
15155,ens.fr,https://www.ens.psl.eu/l-ens-psl-recrute
15155,ens.fr,https://www.ens.psl.eu/recrutement/recrutement-par-concours
15163,charitynavigator.org,https://www.charitynavigator.org/profile
15163,charitynavigator.org,https://www.charitynavigator.org/profile/favorites
15163,charitynavigator.org,https://www.charitynavigator.org/profile/donation-history
15163,charitynavigator.org,https://www.charitynavigator.org/profile/donation-subscriptions
15176,web4u.cz,https://www.web4u.cz/cs/klientska-sekce/
15176,web4u.cz,https://www.web4u.cz/cs/domeny
15176,web4u.cz,https://www.web4u.cz/cs/webhosting
15176,web4u.cz,https://www.web4u.cz/cs/serverhosting
15189,oxforddictionaries.com,https://languages.oup.com/products/
15189,oxforddictionaries.com,https://languages.oup.com/products/word-lists/
15189,oxforddictionaries.com,https://languages.oup.com/products/pronunciations-data/
15189,oxforddictionaries.com,https://languages.oup.com/products/dictionary-language-datasets/
15190,mcpedl.com,https://mcpedl.com/addons/
15190,mcpedl.com,https://mcpedl.com/addons/maps/
15190,mcpedl.com,https://mcpedl.com/addons/texture-packs/
15190,mcpedl.com,https://mcpedl.com/addons/texture-packs/pvp/
15192,explodingtopics.com,https://explodingtopics.com/newsletter
15192,explodingtopics.com,https://explodingtopics.com/pricing
15192,explodingtopics.com,https://explodingtopics.com/topic/remineralizing-gum
15192,explodingtopics.com,https://explodingtopics.com/topic/glp-1-supplement
15221,free-daily-spins.com,https://free-daily-spins.com/slots
15221,free-daily-spins.com,https://free-daily-spins.com/slots/lord-of-the-ocean
15221,free-daily-spins.com,https://free-daily-spins.com/slots/fruit-cocktail
15221,free-daily-spins.com,https://free-daily-spins.com/slots/davinci-diamonds
15229,lanazione.it,https://www.lanazione.it/abbonati
15229,lanazione.it,https://www.lanazione.it/massa-carrara/cronaca/malore-francesco-gabbani-xpgkfrcw
15229,lanazione.it,https://www.lanazione.it/viareggio/cronaca/quel-cancello-blocca-laccesso-alla-spiaggia-libera-il-sindaco-si-arrabbia-scatta-lordinanza-va-tolto-entro-5-giorni-mnvx0i61
15229,lanazione.it,https://www.lanazione.it/empoli/cronaca/pendolari-del-mare-in-treno-per-raggiungere-la-costa-benzina-troppo-cara-cosi-si-risparmia-ed-e-piu-comodo-v57d4rdr
15252,stripes.com,https://stripes.com/subscribe
15252,stripes.com,https://www.stripes.com/theaters/
15252,stripes.com,https://www.stripes.com/branches/
15252,stripes.com,https://www.stripes.com/veterans/
15256,39.net,https://passport.39.net/account/login?returnurl=https://www.39.net
15256,39.net,https://my.39.net/register?ref=https%3A%2F%2Fwww.39.net
15256,39.net,https://jbk.39.net/yiyuanzaixian/
15256,39.net,https://yyk.39.net/hospital/
15257,pngwing.com,https://www.pngwing.com/en/search?q=holiday
15257,pngwing.com,https://www.pngwing.com/en/search?q=beard
15257,pngwing.com,https://www.pngwing.com/en/search?q=hat
15257,pngwing.com,https://www.pngwing.com/en/search?q=family
15275,blackbaud.com,https://www.blackbaud.com/training-support/support/howto
15275,blackbaud.com,https://www.blackbaud.com/blackbaud-university
15275,blackbaud.com,https://kb.blackbaud.com/knowledgebase
15275,blackbaud.com,https://docs.blackbaud.com/bbid-docs
15280,cheezburger.com,https://icanhas.cheezburger.com/cats
15280,cheezburger.com,https://icanhas.cheezburger.com/cat-meme-of-the-decade
15280,cheezburger.com,https://icanhas.cheezburger.com/lolcats
15280,cheezburger.com,https://failblog.cheezburger.com/tag/employee
15290,tomorrowland.com,https://www.tomorrowland.com/article/tomorrowland-belgium-2026-aftermovie
15290,tomorrowland.com,https://www.tomorrowland.com/article/tomorrowland-belgium-2026-relive
15290,tomorrowland.com,https://www.tomorrowland.com/article/tomorrowland-belgium-2026-the-end
15290,tomorrowland.com,https://www.tomorrowland.com/article/tomorrowland-belgium-2026-mainstage-reveal
15295,workdayspend.com,https://www.workday.com/en-us/artificial-intelligence.html
15295,workdayspend.com,https://www.workday.com/en-us/artificial-intelligence/workday-sana.html
15295,workdayspend.com,https://www.workday.com/en-us/artificial-intelligence/agent-system-of-record.html
15295,workdayspend.com,https://www.workday.com/en-us/artificial-intelligence/ai-agents.html
15306,caradisiac.com,https://www.caradisiac.com/actualite/toute-l-actu-auto/
15306,caradisiac.com,https://www.caradisiac.com/photo/
15306,caradisiac.com,https://www.caradisiac.com/video/
15306,caradisiac.com,https://www.caradisiac.com/actualite--moto/
15307,ksu.edu,https://www.k-state.edu/time-leave
15307,ksu.edu,https://www.k-state.edu/sign-in/
15307,ksu.edu,https://www.k-state.edu/directories/
15307,ksu.edu,https://www.k-state.edu/regenerative-agriculture/
15309,netzwelt.de,https://www.netzwelt.de/vpn/vpn-kostenlos-11-besten-gratis-vpn-anbieter.html
15309,netzwelt.de,https://www.netzwelt.de/roborock/
15309,netzwelt.de,https://www.netzwelt.de/ebay-refurbished/
15309,netzwelt.de,https://www.netzwelt.de/ecovacs/
15335,smartcallback.ru,https://smartcallback.ru/about-technology/how-it-works/
15335,smartcallback.ru,https://smartcallback.ru/about-technology/capabilities-and-benefits-of-our-callback/
15335,smartcallback.ru,https://smartcallback.ru/about-technology/cases/
15335,smartcallback.ru,https://smartcallback.ru/documentation-api/
15337,filmyzilla52.com,https://www.filmyzilla56.com/category/405/2026-latest-bollywood-movies/default/1.html
15337,filmyzilla52.com,https://www.filmyzilla56.com/movie/22086/Johnny-jumper-(2026)-hindi-movie.html
15337,filmyzilla52.com,https://www.filmyzilla56.com/movie/21727/Aakhri-sawal-(2026)-hindi-movie.html
15337,filmyzilla52.com,https://www.filmyzilla56.com/movie/22068/Aryabhatt-ka-zero-(2026)-hindi-movie.html
15341,belwue.de,https://www.belwue.de/ueberuns.html
15341,belwue.de,https://www.belwue.de/ueberuns/koordination.html
15341,belwue.de,https://www.belwue.de/ueberuns/geschichte.html
15341,belwue.de,https://www.belwue.de/ueberuns/teilnehmer.html
15352,mtggoldfish.com,https://www.mtggoldfish.com/spoilers/Reality+Fracture
15352,mtggoldfish.com,https://www.mtggoldfish.com/spoilers/The+Hobbit
15352,mtggoldfish.com,https://www.mtggoldfish.com/spoilers/Star+Trek
15352,mtggoldfish.com,https://www.mtggoldfish.com/prices/select
15360,aamc.org,https://students-residents.aamc.org/applying-medical-school/applying-medical-school-process/applying-medical-school-amcas/
15360,aamc.org,https://students-residents.aamc.org/taking-mcat-exam/taking-mcat-exam
15360,aamc.org,https://students-residents.aamc.org/applying-medical-school/applying-medical-school-process/medical-school-admission-requirements/
15360,aamc.org,https://students-residents.aamc.org/aamc-preview/aamc-preview-professional-readiness-exam
15366,internic.net,https://www.internic.net/faqs/authoritative-dns.html
15374,htx.com,https://www.htx.com/en-us/feed/news/
15374,htx.com,https://www.htx.com/en-us/exchange/
15374,htx.com,https://www.htx.com/en-us/financial/earn/?type=limit
15374,htx.com,https://www.htx.com/en-us/download/?source=webHome
15375,alpinelinux.org,https://alpinelinux.org/about/
15375,alpinelinux.org,https://alpinelinux.org/downloads/
15375,alpinelinux.org,https://alpinelinux.org/releases/
15375,alpinelinux.org,https://alpinelinux.org/community/
15380,ingka.com,https://www.ingka.com/this-is-ingka-group/
15380,ingka.com,https://www.ingka.com/this-is-ingka-group/who-we-are/
15380,ingka.com,https://www.ingka.com/what-we-do/
15380,ingka.com,https://www.ingka.com/this-is-ingka-group/how-we-are-organised/
15405,seattle.gov,https://seattle.gov/searchresults
15405,seattle.gov,https://seattle.gov/pay-or-apply
15405,seattle.gov,https://artbeat.seattle.gov/2026/07/28/future-arts-way-other-earth-transforms-downtown-seattle-into-a-2-5-mile-augmented-reality-art-experience/
15405,seattle.gov,https://seattle.gov/wildfire-smoke-safety
15406,eatbu.com,https://website.dish.co/imprint
15406,eatbu.com,https://support.dish.co/l/en/article/spke9vkrj4-faqs-dish-website
15406,eatbu.com,https://www.dish.co/terms-of-use/
15406,eatbu.com,https://www.dish.co/privacy-policy/
15421,desmoinesregister.com,https://subscribe.desmoinesregister.com/rr/nanobar?gps-source=CPTILELEFT&itm_campaign=2026ENTAUGBAU&itm_medium=ONSITE&success-url=https%3A%2F%2Fwww.desmoinesregister.com%2F
15421,desmoinesregister.com,https://subscribe.desmoinesregister.com/rr/masthead?gps-source=CPMASTHEAD&itm_campaign=2026ENTAUGBAU&itm_medium=ONSITE&success-url=https%3A%2F%2Fwww.desmoinesregister.com%2F
15421,desmoinesregister.com,https://www.desmoinesregister.com/news/
15421,desmoinesregister.com,https://www.desmoinesregister.com/sports/
15426,sussex.ac.uk,https://www.sussex.ac.uk/about/website/privacy-and-cookies
15426,sussex.ac.uk,https://www.sussex.ac.uk/about/website/accessibility
15426,sussex.ac.uk,https://www.sussex.ac.uk/study/
15426,sussex.ac.uk,https://www.sussex.ac.uk/about/
15435,emag.bg,https://www.emag.bg/user/myaccount
15435,emag.bg,https://www.emag.bg/gaming/d?ref=hdr_menu_department_4
15435,emag.bg,https://www.emag.bg/moda/d?ref=hdr_menu_department_7
15435,emag.bg,https://www.emag.bg/user/login
15442,liverpoolfc.com,https://www.liverpoolfc.com/news/free-inside-training-video-araujo-mac-allister-jacquet-and-jones-take-part-intense-session
15442,liverpoolfc.com,https://www.liverpoolfc.com/news/training-photos-araujo-and-mac-allister-involved-liverpools-work-wednesday
15442,liverpoolfc.com,https://www.liverpoolfc.com/news/explained-massive-2017-phone-call-between-steven-gerrard-and-virgil-van-dijk
15442,liverpoolfc.com,https://www.liverpoolfc.com/news?categoryId=176
15458,nic.cl,https://clientes.nic.cl/registrar/agregarUsuario.do
15458,nic.cl,https://nic.cl/dominios/index.html
15458,nic.cl,https://nic.cl/dominios/tarifas.html
15458,nic.cl,https://nic.cl/dominios/pago.html
15479,ableton.com,https://www.ableton.com/en/
15479,ableton.com,https://www.ableton.com/en/live/
15479,ableton.com,https://www.ableton.com/en/push/
15479,ableton.com,https://www.ableton.com/en/move/
15481,mynt.xyz,https://mynt.com.ph/about-us
15481,mynt.xyz,https://mynt.com.ph/corporate-governance
15481,mynt.xyz,https://mynt.com.ph/investor-relations/overview
15481,mynt.xyz,https://mynt.com.ph/newsroom
15482,osuosl.org,https://osuosl.org/about/
15482,osuosl.org,https://osuosl.org/about/people/
15482,osuosl.org,https://osuosl.org/about/sponsors/
15482,osuosl.org,https://osuosl.org/about/logos/
15492,uri.edu,https://www.uri.edu/gateway/future-students
15492,uri.edu,https://www.uri.edu/gateway/students
15492,uri.edu,https://www.uri.edu/gateway/faculty
15492,uri.edu,https://www.uri.edu/gateway/staff
15498,opencode.ai,https://opencode.ai/docs
15498,opencode.ai,https://opencode.ai/data
15498,opencode.ai,https://opencode.ai/zen
15498,opencode.ai,https://opencode.ai/go
15504,moysklad.ru,https://www.moysklad.ru/vozmozhnosti/
15504,moysklad.ru,https://www.moysklad.ru/subscription/
15504,moysklad.ru,https://support.moysklad.ru/hc/ru
15504,moysklad.ru,https://www.moysklad.ru/programmy-dlja-biznesa/programma-dlya-markirovki-tovarov/
15528,spbu.ru,https://spbu.ru/openuniversity
15528,spbu.ru,https://spbu.ru/sveden
15528,spbu.ru,https://spbu.ru/openuniversity/politika-otkrytosti
15528,spbu.ru,https://spbu.ru/openuniversity/documents
15531,topgear.com,https://www.topgear.com/usa
15531,topgear.com,https://www.topgear.com/car-reviews
15531,topgear.com,https://www.topgear.com/car-news
15531,topgear.com,https://www.topgear.com/car-news/usa
15547,models.dev,https://models.dev/models
15547,models.dev,https://models.dev/providers
15547,models.dev,https://models.dev/labs
15547,models.dev,https://models.dev/models/deepseek/deepseek-v4-pro-0813
15548,pdfcoffee.com,https://pdfcoffee.com/login
15548,pdfcoffee.com,https://pdfcoffee.com/register
15548,pdfcoffee.com,https://pdfcoffee.com/category/career-money
15548,pdfcoffee.com,https://pdfcoffee.com/category/personal-growth
15550,pusherapp.com,https://pusher.com/channels/
15550,pusherapp.com,https://pusher.com/beams/
15550,pusherapp.com,https://pusher.com/docs
15550,pusherapp.com,https://pusher.com/tutorials/
15552,comscore.com,https://www.comscore.com/Products/Advertising
15552,comscore.com,https://www.comscore.com/Products/Digital
15552,comscore.com,https://www.comscore.com/Products/Marketing-Impact
15552,comscore.com,https://www.comscore.com/Products/Movies
15554,moviesda34.com,https://moviesdatamil.net/tamil-latest-updates/
15554,moviesda34.com,https://moviesdatamil.net/tamil-hd-movies-download/
15554,moviesda34.com,https://moviesdatamil.net/tamilrockers-movies-download/
15554,moviesda34.com,https://moviesdatamil.net/tamil-2021-movies/
15559,clearme.com,https://concierge.clearme.com/flight-search?utm_source=CLEAR&utm_medium=web&utm_campaign=concierge_alert_bar
15559,clearme.com,https://www.clearme.com/clear-plus
15559,clearme.com,https://www.clearme.com/tsa-precheck
15559,clearme.com,https://www.clearme.com/clear-concierge
15580,moviezwap.land,https://www.moviezwap.taxi/category/Telugu-(2026)-Movies.html
15580,moviezwap.land,https://www.moviezwap.taxi/category/Tamil-(2026)-Movies.html
15580,moviezwap.land,https://www.moviezwap.taxi/category/Telugu-Dubbed-Hollywood-Movies-Complete-Set.html
15580,moviezwap.land,https://www.moviezwap.taxi/category/Telugu-Dubbed-Movies-[Hollywood].html
15600,digitalturbine.com,https://digitalturbine.com/all-resources
15600,digitalturbine.com,https://digitalturbine.com/blog
15600,digitalturbine.com,https://digitalturbine.com/case-studies
15600,digitalturbine.com,https://digitalturbine.com/2026-drafts/insights
15603,mp4moviez.soccer,https://www.mp4moviez.golf/337/anime-series-hindi-dubbed.html
15603,mp4moviez.soccer,https://www.mp4moviez.golf/361/latest-hollywood-movies-(2026).html
15603,mp4moviez.soccer,https://www.mp4moviez.golf/c58827/behenchor-bts-(2026)-raw-tape-s01e02-hindi-moodx-web-series.html
15603,mp4moviez.soccer,https://www.mp4moviez.golf/c58826/(18＋)-sneaky-sex-(2024)-unrated-korean-movie.html
15608,filmyzilla46.com,https://www.filmyzilla56.com/category/405/2026-latest-bollywood-movies/default/1.html
15608,filmyzilla46.com,https://www.filmyzilla56.com/movie/22086/Johnny-jumper-(2026)-hindi-movie.html
15608,filmyzilla46.com,https://www.filmyzilla56.com/movie/21727/Aakhri-sawal-(2026)-hindi-movie.html
15608,filmyzilla46.com,https://www.filmyzilla56.com/movie/22068/Aryabhatt-ka-zero-(2026)-hindi-movie.html
15609,plazavea.com.pe,https://www.plazavea.com.pe/politica-cookies
15609,plazavea.com.pe,https://www.plazavea.com.pe/condiciones-de-las-ofertas-y-promociones
15609,plazavea.com.pe,https://www.plazavea.com.pe/jokr
15609,plazavea.com.pe,https://www.plazavea.com.pe/my-orders
15614,ecopsy.com,https://www.ecopsy.com/en
15618,gazetaprawna.pl,https://edgp.gazetaprawna.pl/biezace-wydanie? mark=15_1000000010000&utm_source=gazetaprawna.pl&utm_medium=header_widget_biezace_wydanie &utm_campaign=dgp_biezace_wydanie
15618,gazetaprawna.pl,https://edgp.gazetaprawna.pl/subskrypcja?mark=2_1000000010000&utm_source=gazetaprawna.pl&utm_medium=subskrybuj&utm_campaign=dgp-czytaj-gdzie-i-kiedy-chcesz 
15618,gazetaprawna.pl,https://edgp.gazetaprawna.pl/subskrypcja?mark=24_0000000010000&utm_source=edgp.gazetaprawna.pl&utm_medium=chmurka&utm_campaign=dgp-czytaj-gdzie-i-kiedy-chcesz
15618,gazetaprawna.pl,https://edgp.gazetaprawna.pl/subskrypcja/pakiet-premium?mark=2_1000000010000&utm_source=gazetaprawna.pl&utm_medium=subskrybuj&utm_campaign=dgp-czytaj-gdzie-i-kiedy-chcesz 
15632,worldmarket.com,https://www.worldmarket.com/rewards-landing-page.html
15632,worldmarket.com,https://www.worldmarket.com/rewards-landing-page.html?ab=rewards_banner::::wmr-become-a-member-15-off:
15632,worldmarket.com,https://www.worldmarket.com/world-market-credit-card.html?ab=rewards_banner::::world-market-credit-card:
15632,worldmarket.com,https://www.worldmarket.com/on/demandware.store/Sites-World_Market-Site/en_US/Stores-ClearStore
15638,pushnami.com,https://pushnami.com/advertisers/
15638,pushnami.com,https://pushnami.com/pivot-paths-built-to-perform/
15638,pushnami.com,https://pushnami.com/publishers/
15638,pushnami.com,https://pushnami.com/affiliates/
15646,4gamer.net,https://www.4gamer.net/rss/rss.shtml
15646,4gamer.net,https://www.4gamer.net/words/004/W00464/
15646,4gamer.net,https://www.4gamer.net/secure/mail/form.php
15646,4gamer.net,https://www.4gamer.net/indextop/news_history.html
15660,unwto.org,https://www.untourism.int/how-we-are
15660,unwto.org,https://www.untourism.int/who-we-are
15660,unwto.org,https://www.untourism.int/about-us
15660,unwto.org,https://www.untourism.int/un-tourism-ambassadors
15664,lawson.co.jp,https://www.lawson.co.jp/id/
15664,lawson.co.jp,https://www.lawson.co.jp/company/gr/
15664,lawson.co.jp,https://www.lawson.co.jp/lab/app/
15664,lawson.co.jp,https://www.lawson.co.jp/lab/tsuushin/art/1360089_4659.html
15665,triblive.com,https://triblive.com/community/
15665,triblive.com,https://mediakit.triblive.com/advertising-services/
15665,triblive.com,https://triblive.com/search/
15665,triblive.com,https://triblive.com/local
15666,5movierulz.limited,https://www.5movierulz.watch/movies?sort=featured
15666,5movierulz.limited,https://www.5movierulz.watch/category/hollywood-featured
15666,5movierulz.limited,https://www.5movierulz.watch/category/bollywood-featured
15666,5movierulz.limited,https://www.5movierulz.watch/category/telugu-featured
15667,ces.tech,https://www.ces.tech/attend/attendee-overview/
15667,ces.tech,https://www.ces.tech/attend/cta-member-benefits-at-ces/
15667,ces.tech,https://www.ces.tech/events/
15667,ces.tech,https://www.ces.tech/attend/conference-program/
15672,lib.ru,https://lib.ru/PROZA/
15672,lib.ru,https://lib.ru/INPROZ/
15672,lib.ru,https://lib.ru/POEZIQ/
15672,lib.ru,https://lib.ru/RUFANT/
15690,theblaze.com,https://www.theblaze.com/news/
15690,theblaze.com,https://www.theblaze.com/columns/
15690,theblaze.com,https://www.theblaze.com/columns/opinion/
15690,theblaze.com,https://www.theblaze.com/columns/analysis/
15693,elledecor.com,https://www.elledecor.com/search/
15693,elledecor.com,https://shop.elledecor.com/elle-decor-unlimited-all-access-membership-19.html?cds_tracking_code=edc_panelnav
15693,elledecor.com,https://www.elledecor.com/design-decorate/
15693,elledecor.com,https://www.elledecor.com/celebrity-style/
15697,mobileslotsite.co.uk,https://mobileslotsite.co.uk/real-money-casino/
15697,mobileslotsite.co.uk,https://mobileslotsite.co.uk/new-online-casinos/
15697,mobileslotsite.co.uk,https://mobileslotsite.co.uk/best-payout-casinos/
15697,mobileslotsite.co.uk,https://mobileslotsite.co.uk/best-mobile-casino/
15700,counterpunch.org,https://www.counterpunch.org/category/counterpunch-plus/
15700,counterpunch.org,https://www.counterpunch.org/shop/
15700,counterpunch.org,https://www.counterpunch.org/articles/
15700,counterpunch.org,https://www.counterpunch.org/subscribe
15706,bobvila.com,https://www.bobvila.com/category/interior/
15706,bobvila.com,https://www.bobvila.com/category/architecture/
15706,bobvila.com,https://www.bobvila.com/category/attics/
15706,bobvila.com,https://www.bobvila.com/category/basements/
15709,locum.ru,https://locum.ru/registration
15709,locum.ru,https://locum.ru/articles/about
15709,locum.ru,https://locum.ru/articles/license
15709,locum.ru,https://locum.ru/public/hosting
15710,rexify.com.ng,https://rexify.com.ng/user/login
15710,rexify.com.ng,https://rexify.com.ng/user/register
15710,rexify.com.ng,https://rexify.com.ng/about
15711,nownews.com,https://www.nownews.com/search
15711,nownews.com,https://www.nownews.com/gamapass/login/
15711,nownews.com,https://www.nownews.com/gamapass/register/
15711,nownews.com,https://www.nownews.com/focus/
15720,elwatannews.com,https://www.elwatannews.com/user/login
15720,elwatannews.com,https://www.elwatannews.com/ads
15720,elwatannews.com,https://www.elwatannews.com/section/115
15720,elwatannews.com,https://www.elwatannews.com/section/39
15721,humaneworld.org,https://www.humaneworld.org/en/about-us
15721,humaneworld.org,https://www.humaneworld.org/en/animal-care-resources
15721,humaneworld.org,https://www.humaneworld.org/germany/de
15721,humaneworld.org,https://www.humaneworld.org/italy/it
15725,shangri-la.com,https://www.shangri-la.com/en
15725,shangri-la.com,https://www.shangri-la.com/en/find-a-hotel/
15725,shangri-la.com,https://www.shangri-la.com/en/offers/
15725,shangri-la.com,https://www.shangri-la.com/en/corporate/weddings-celebrations/
15745,xhonline.blog,https://xhtv.today/signup?source=menuSignup
15745,xhonline.blog,https://xhtv.today/best/weekly
15745,xhonline.blog,https://xhtv.today/shorts
15745,xhonline.blog,https://xhtv.today/my/watch-history
15756,draugas.lt,https://www.draugas.lt/projektai.cfm
15756,draugas.lt,https://zaidimai.draugas.lt/valandos-zaidimai/zaidimas.cfm?zaidimas=16857&pavadinimas=pasjanso-meistras&utm_source=www.draugas.lt&utm_medium=banner&utm_campaign=Titulinis
15756,draugas.lt,https://zaidimai.draugas.lt/valandos-zaidimai/zaidimas.cfm?zaidimas=17056&pavadinimas=burbulu-dvasia&utm_source=www.draugas.lt&utm_medium=banner&utm_campaign=Titulinis
15756,draugas.lt,https://zaidimai.draugas.lt/valandos-zaidimai/zaidimas.cfm?zaidimas=16896&pavadinimas=ziurkenu-burbulai&utm_source=www.draugas.lt&utm_medium=banner&utm_campaign=Titulinis
15757,all.biz,https://profile.all.biz/passport/login
15757,all.biz,https://welcome.all.biz/one_step
15757,all.biz,https://all.biz/building-materials-bgm280
15757,all.biz,https://all.biz/food-beverage-bgm140
15766,pub.dev,https://pub.dev/help/search
15766,pub.dev,https://pub.dev/help/scoring
15766,pub.dev,https://pub.dev/packages/json_serializable
15766,pub.dev,https://pub.dev/publishers/google.dev
15767,torrentfreak.com,https://torrentfreak.com/category/piracy/
15767,torrentfreak.com,https://torrentfreak.com/category/research/
15767,torrentfreak.com,https://torrentfreak.com/category/law-politics/
15767,torrentfreak.com,https://torrentfreak.com/category/lawsuits/
15768,pragmaticplay.com,https://www.pragmaticplay.com/en/
15768,pragmaticplay.com,https://www.pragmaticplay.com/bg/
15768,pragmaticplay.com,https://www.pragmaticplay.com/id/
15768,pragmaticplay.com,https://www.pragmaticplay.com/zh/
15775,bravesites.com,https://bravenet.com/index.php
15775,bravesites.com,https://bravenet.com/webhosting
15775,bravesites.com,https://bravenet.com/sitebuilder
15775,bravesites.com,https://bravenet.com/mailinglists
15790,abebooks.de,https://www.abebooks.de/servlet/LoginDirector
15790,abebooks.de,https://www.abebooks.de/servlet/MembersMenuPL
15790,abebooks.de,https://www.abebooks.de/checkout/basket
15790,abebooks.de,https://kundenservice.abebooks.de/s/?language=de
15799,rhombus.com,https://www.rhombus.com/live-demo/
15799,rhombus.com,https://www.rhombus.com/instant-demo/
15799,rhombus.com,https://www.rhombus.com/custom-quote/
15801,uea.ac.uk,https://www.uea.ac.uk/study/clearing
15801,uea.ac.uk,https://www.uea.ac.uk/study/enquiries/live-chat
15801,uea.ac.uk,https://www.uea.ac.uk/about/news/article/almost-four-out-of-every-five-uea-graduates-are-in-graduate-level-employment-or-further-study
15801,uea.ac.uk,https://www.uea.ac.uk/study/postgraduate/masters-with-placement
15808,alistapart.com,https://alistapart.com/articles/
15808,alistapart.com,https://alistapart.com/events/
15808,alistapart.com,https://alistapart.com/topics/
15808,alistapart.com,https://alistapart.com/about/contribute/
15812,tienphong.vn,https://tienphong.vn/nhat-bao/
15812,tienphong.vn,https://tienphong.vn/toa-soan.tpo
15812,tienphong.vn,https://tienphong.vn/quang-cao.tpo
15812,tienphong.vn,https://tienphong.vn/xa-hoi/
15813,grokipedia.com,https://grokipedia.com/activity
15818,thehartford.com,https://www.thehartford.com/insights-center
15818,thehartford.com,https://www.thehartford.com/find-an-agent
15818,thehartford.com,https://www.thehartford.com/car-homeowners-insurance-agency-locator
15818,thehartford.com,https://www.thehartford.com/small-business-agency-locator
15819,telemundo.com,https://www.telemundo.com/noticias/pete-hegseth-participa-en-conferencia-regional-sobre-combate-al-crimen-organizado-en-panama-tmvo5796716
15819,telemundo.com,https://www.telemundo.com/shows
15819,telemundo.com,https://www.telemundo.com/noticias
15819,telemundo.com,https://www.telemundo.com/noticias/inmigracion
15827,ozbargain.com.au,https://www.ozbargain.com.au/deals
15827,ozbargain.com.au,https://www.ozbargain.com.au/live
15827,ozbargain.com.au,https://www.ozbargain.com.au/forum
15827,ozbargain.com.au,https://www.ozbargain.com.au/competition
15830,starline.ru,https://www.starline.ru/retail-stores/
15830,starline.ru,https://www.starline.ru/wholesale-stores
15830,starline.ru,https://www.starline.ru/about_starline/
15830,starline.ru,https://www.starline.ru/proizvodstvo_starline/
15843,lyst.com,https://www.lyst.com/account/register/?next=%2F
15843,lyst.com,https://www.lyst.com/account/wishlist/
15843,lyst.com,https://www.lyst.com/shop/clothing/
15843,lyst.com,https://www.lyst.com/shop/shoes/
15855,tu-dortmund.de,https://www.tu-dortmund.de/veranstaltungsdetail/holo-voices-begegnen-fragen-weitersagen-60289/
15855,tu-dortmund.de,https://www.tu-dortmund.de/veranstaltungsdetail/rundgang-kunst-der-tu-dortmund-2026-63972/
15855,tu-dortmund.de,https://www.tu-dortmund.de/veranstaltungsdetail/studienwechsel-und-hoeheres-fachsemester-so-gelingt-der-neustart-65311/
15855,tu-dortmund.de,https://www.tu-dortmund.de/veranstaltungsdetail/schreibwoche-august-2026-2-66179/
15857,blocksite.co,https://user.blocksite.co/app/purchase?utm_source=Chrome+Store+LP&utm_campaign=GetPremiumButtonHeader
15857,blocksite.co,https://blocksite.co/focused
15857,blocksite.co,https://blocksite.co/productivity
15857,blocksite.co,https://blocksite.co/time-management
15867,globalsecurity.org,https://www.globalsecurity.org/index.html
15867,globalsecurity.org,https://www.globalsecurity.org/military/index.html
15867,globalsecurity.org,https://www.globalsecurity.org/military/intro/index.html
15867,globalsecurity.org,https://www.globalsecurity.org/military/world/index.html
15873,freddiemac.com,https://myhome.freddiemac.com/resources/loanlookup
15873,freddiemac.com,https://myhome.freddiemac.com/renting/lookup
15873,freddiemac.com,https://www.freddiemac.com/about
15873,freddiemac.com,https://www.freddiemac.com/about/business
15874,fotomac.com.tr,https://www.fotomac.com.tr/canli-skor
15874,fotomac.com.tr,https://www.fotomac.com.tr/video-haber
15874,fotomac.com.tr,https://www.fotomac.com.tr/video-haber/besiktas
15874,fotomac.com.tr,https://www.fotomac.com.tr/video-haber/fenerbahce
15876,doximity.com,https://auth.doximity.com/sso?redirect_to=https://doximity-marketing.doximity.com/
15876,doximity.com,https://auth.doximity.com/sso_apple?redirect_to=https://doximity-marketing.doximity.com/
15876,doximity.com,https://auth.doximity.com/sso_google?redirect_to=https://doximity-marketing.doximity.com/
15876,doximity.com,https://auth.doximity.com/sso_microsoft?redirect_to=https://doximity-marketing.doximity.com/
15887,t3n.de,https://t3n.de/technology-review/
15887,t3n.de,https://shop.t3n.de/products/t3n-85
15887,t3n.de,https://t3n.de/abos/
15887,t3n.de,https://t3n.de/info/t3n-newsletter/
15892,genome.gov,https://www.genome.gov/about-genomics
15892,genome.gov,https://www.genome.gov/About-Genomics/Introduction-to-Genomics
15892,genome.gov,https://www.genome.gov/About-Genomics/Educational-Resources
15892,genome.gov,https://www.genome.gov/about-genomics/policy-issues
15897,carrier.com,https://www.carrier.com/us/en/region-language/
15897,carrier.com,https://www.carrier.com/us/en/
15897,carrier.com,https://www.carrier.com/us/en/residential/
15897,carrier.com,https://www.carrier.com/us/en/residential/air-conditioners/
15901,olhardigital.com.br,https://olhardigital.com.br/assinantes/profile.php
15901,olhardigital.com.br,https://olhardigital.com.br/assinantes/
15901,olhardigital.com.br,https://olhardigital.com.br/assinar
15901,olhardigital.com.br,https://olhardigital.com.br/exclusivos/
15920,drugabuse.gov,https://www.nih.gov/web-modernization
15920,drugabuse.gov,https://nida.nih.gov/es
15920,drugabuse.gov,https://nida.nih.gov/research-topics
15920,drugabuse.gov,https://nida.nih.gov/research-topics/addiction-science
15921,jsdelivr.com,https://www.jsdelivr.com/about
15921,jsdelivr.com,https://www.jsdelivr.com/network
15921,jsdelivr.com,https://www.jsdelivr.com/statistics
15921,jsdelivr.com,https://www.jsdelivr.com/sponsors
15933,wnba.com,https://www.wnba.com/schedule
15933,wnba.com,https://www.wnba.com/watch
15933,wnba.com,https://www.wnba.com/standings
15933,wnba.com,https://www.wnba.com/stats/inside-the-game
15940,amu.edu.pl,https://amu.edu.pl/konfiguracja-globalna/enable-javascript
15940,amu.edu.pl,https://amu.edu.pl/mapa-strony
15940,amu.edu.pl,https://amu.edu.pl/dostepnosc
15940,amu.edu.pl,https://amu.edu.pl/uniwersytet/o-uam/hr-excellence-in-research
15952,basis.net,https://basis.com/2025-frost-and-sullivan-award
15952,basis.net,https://basis.com/technology/platform
15952,basis.net,https://basis.com/technology/communication-portal
15952,basis.net,https://basis.com/technology/all-channel-activation
15957,groq.com,https://groq.com/newsroom/groq-raises-usd650m-to-scale-its-ai-inference-cloud-business
15957,groq.com,https://groq.com/legal
15957,groq.com,https://groq.com/platform
15957,groq.com,https://groq.com/company
15960,deadspin.com,https://deadspin.com/baseball/
15960,deadspin.com,https://deadspin.com/baseball/mlb/
15960,deadspin.com,https://deadspin.com/baseball/ncaa/
15960,deadspin.com,https://deadspin.com/football/
15978,tresensa.com,https://liftoff.ai/resources/?type=casestudy
15978,tresensa.com,https://liftoff.ai/marketer/
15978,tresensa.com,https://liftoff.ai/agency/
15978,tresensa.com,https://liftoff.ai/dsp/
15979,rotary.org,https://www.rotary.org/en/get-involved
15979,rotary.org,https://www.rotary.org/en
15979,rotary.org,https://my.rotary.org/en/donate
15979,rotary.org,https://www.rotary.org/en/search
15980,wpconsent.com,https://wpconsent.com/features/
15980,wpconsent.com,https://wpconsent.com/automatic-script-blocking/
15980,wpconsent.com,https://wpconsent.com/customizable-cookie-banner/
15980,wpconsent.com,https://wpconsent.com/easy-cookie-configuration/
15992,sporx.com,https://www.sporx.com/futbol/
15992,sporx.com,https://www.sporx.com/basketbol/
15992,sporx.com,https://www.sporx.com/tv/
15992,sporx.com,https://www.sporx.com/canliskorlar/
16002,education.com,https://www.education.com/resources/
16002,education.com,https://www.education.com/pricing/
16002,education.com,https://www.education.com/resources/lesson-plans/
16002,education.com,https://www.education.com/resources/worksheets/
16038,flodesk.com,https://app.flodesk.com/sign-up?fd-source=home
16039,vodafone.co.uk,https://www.vodafone.co.uk/mobile
16039,vodafone.co.uk,https://www.vodafone.co.uk/mobile/pay-monthly-contracts
16039,vodafone.co.uk,https://www.vodafone.co.uk/mobile/pay-as-you-go
16039,vodafone.co.uk,https://www.vodafone.co.uk/refurbished
16044,digitalpacific.com.au,https://www.digitalpacific.com.au/about/
16044,digitalpacific.com.au,https://www.digitalpacific.com.au/blog/
16044,digitalpacific.com.au,https://billing.digitalpacific.com.au/clientarea.php
16044,digitalpacific.com.au,https://billing.digitalpacific.com.au/cart.php?a=checkout
16047,s.id,https://home.s.id/gl/en
16047,s.id,https://home.s.id/gl/en/subscription
16047,s.id,https://dash.s.id/dashboard
16047,s.id,https://dash.s.id/auth/register
16060,gov.uz,https://gov.uz/oz
16060,gov.uz,https://my.gov.uz/spheres
16060,gov.uz,https://gov.uz/oz/usefullinks
16060,gov.uz,https://gov.uz/oz/news/news
16069,hometalk.com,https://www.hometalk.com/diy
16069,hometalk.com,https://www.hometalk.com/content/shop
16069,hometalk.com,https://www.hometalk.com/diy/how-to
16069,hometalk.com,https://www.hometalk.com/diy/clean
16075,niche.com,https://www.niche.com/k12/search/best-schools/?geoip=true
16075,niche.com,https://www.niche.com/colleges/search/best-colleges/
16075,niche.com,https://www.niche.com/graduate-schools/search/best-graduate-schools/
16075,niche.com,https://www.niche.com/colleges/scholarships/
16089,stanby.com,https://jp.stanby.com/mypage/keep-list
16089,stanby.com,https://jp.stanby.com/mypage/history
16089,stanby.com,https://jp.stanby.com/contents/occupations
16089,stanby.com,https://jp.stanby.com/r_77f37e6ff3e3a07788f1c08925a9a3f3
16091,wiscnet.net,https://www.wiscnet.net/cart
16091,wiscnet.net,https://www.wiscnet.net/membership
16091,wiscnet.net,https://www.wiscnet.net/support
16091,wiscnet.net,https://www.wiscnet.net/services-pricing
16098,tourvisor.ru,https://tourvisor.ru/b2b
16098,tourvisor.ru,https://tourvisor.ru/help
16098,tourvisor.ru,https://tourvisor.ru/search.php
16098,tourvisor.ru,https://tourvisor.ru/poisk-otelej
16105,a16z.com,https://a16z.com/portfolio/
16105,a16z.com,https://a16z.com/team/
16105,a16z.com,https://a16z.com/ai/
16105,a16z.com,https://a16z.com/american-dynamism/
16109,unaids.org,https://www.unaids.org/en
16109,unaids.org,https://www.unaids.org/site-search
16109,unaids.org,https://www.unaids.org/en/Homepage
16109,unaids.org,https://www.unaids.org/fr/Homepage
16126,avada.io,https://avada.io/about-us/
16126,avada.io,https://avada.io/avada-ai-seo-image-optimizer/
16126,avada.io,https://avada.io/seo-ai-product-description/
16126,avada.io,https://avada.io/seo-ai-post-builder/
16130,cepal.org,https://www.cepal.org/en/
16130,cepal.org,https://www.cepal.org/pt-br/
16130,cepal.org,https://www.cepal.org/es
16130,cepal.org,https://www.cepal.org/es/acerca
16140,noticiasaominuto.com,https://www.noticiasaominuto.com/meteorologia
16140,noticiasaominuto.com,https://www.noticiasaominuto.com/pais/2911424/noticias-ao-minuto-eleito-escolha-do-consumidor-2026
16140,noticiasaominuto.com,https://www.noticiasaominuto.com/politica
16140,noticiasaominuto.com,https://www.noticiasaominuto.com/economia
16141,gameinstaller.ru,https://gameinstaller.ru/kak-skachat
16141,gameinstaller.ru,https://gameinstaller.ru/obratnaya-svyaz
16141,gameinstaller.ru,https://gameinstaller.ru/categories/similar
16141,gameinstaller.ru,https://gameinstaller.ru/rpg
16149,ilmatieteenlaitos.fi,https://www.ilmatieteenlaitos.fi/varoitukset
16149,ilmatieteenlaitos.fi,https://www.ilmatieteenlaitos.fi/sade-ja-pilvialueet
16149,ilmatieteenlaitos.fi,https://www.ilmatieteenlaitos.fi/uvi-ennuste
16149,ilmatieteenlaitos.fi,https://www.ilmatieteenlaitos.fi/helletilastot
16151,malaysiakini.com,https://www.malaysiakini.com/my
16151,malaysiakini.com,https://www.malaysiakini.com/zh
16151,malaysiakini.com,https://www.malaysiakini.com/en/search-tag
16151,malaysiakini.com,https://www.malaysiakini.com/en/search
16152,messagebird.com,https://bird.com/en-us
16152,messagebird.com,https://bird.com/en-us/products
16152,messagebird.com,https://bird.com/en-us/products/email
16152,messagebird.com,https://bird.com/en-us/products/sms
16169,realpage.com,https://www.realpage.com/support/
16169,realpage.com,https://www.realpage.com/blog/
16169,realpage.com,https://www.realpage.com/careers/
16169,realpage.com,https://www.realpage.com/services/
16175,carecredit.com,https://www.carecredit.com/howcarecreditworks/prospective/
16175,carecredit.com,https://www.carecredit.com/howcarecreditworks/existing/
16175,carecredit.com,https://www.carecredit.com/vetmed/
16175,carecredit.com,https://www.carecredit.com/cosmetic/
16179,toshiba.com,https://toshiba.com/tai
16179,toshiba.com,http://toshiba.com/tai/
16179,toshiba.com,https://toshiba.com/tai/toshiba-in-the-americas/
16179,toshiba.com,https://toshiba.com/tai/
16180,mopinion.com,https://app.mopinion.com/account/sign-up?track=nav
16180,mopinion.com,https://mopinion.com/demo/
16180,mopinion.com,https://mopinion.com/mopinion-connects-2026/
16180,mopinion.com,https://mopinion.com/feature/smart-recaps/
16184,spokesman.com,https://www.spokesman.com/weather/
16184,spokesman.com,https://www.spokesman.com/sitemap/
16184,spokesman.com,https://www.spokesman.com/search/
16184,spokesman.com,https://www.spokesman.com/news/
16215,wykop.pl,https://wykop.pl/wykopalisko
16215,wykop.pl,https://wykop.pl/hity/tygodnia
16215,wykop.pl,https://wykop.pl/mikroblog
16215,wykop.pl,https://wykop.pl/logowanie
16224,yoox.com,https://www.yoox.com/us
16224,yoox.com,https://www.yoox.com/us/women
16224,yoox.com,https://www.yoox.com/us/men
16224,yoox.com,https://www.yoox.com/us/kids
16241,21vek.by,https://www.21vek.by/special_offers/appsale.html
16241,21vek.by,https://www.21vek.by/special_offers/partly_pay.html
16241,21vek.by,https://www.21vek.by/b2b/
16241,21vek.by,https://www.21vek.by/aside/
16253,iserv.eu,https://iserv.de/akademie
16253,iserv.eu,https://iserv.de/vorteile
16253,iserv.eu,https://iserv.de/funktionen-vergleichen
16253,iserv.eu,https://iserv.de/referenzen
16268,tapology.com,https://www.tapology.com/sign_in?main=true
16268,tapology.com,https://www.tapology.com/signup?registration_source=header
16268,tapology.com,https://www.tapology.com/faq
16268,tapology.com,https://www.tapology.com/fightcenter
16271,realgeeks.com,https://www.realgeeks.com/idx-real-estate-websites/
16271,realgeeks.com,https://www.realgeeks.com/property-home-valuation-tool/
16271,realgeeks.com,https://www.realgeeks.com/moveto-app
16271,realgeeks.com,https://www.realgeeks.com/marketplace
16272,mephi.ru,https://mephi.ru/abitur
16272,mephi.ru,https://admission.mephi.ru/about
16272,mephi.ru,https://mephi.ru/about/history
16272,mephi.ru,https://mephi.ru/about/cae
16280,image-line.com,https://www.image-line.com/fl-studio/features
16280,image-line.com,https://www.image-line.com/fl-studio/pricing
16280,image-line.com,https://www.image-line.com/fl-studio/download
16280,image-line.com,https://www.image-line.com/learn
16281,betterstack.com,https://betterstack.com/ai-sre
16281,betterstack.com,https://betterstack.com/incident-management
16281,betterstack.com,https://betterstack.com/status-page
16281,betterstack.com,https://betterstack.com/tracing
16288,wowma.jp,https://wowma.jp/login?referer=%2F&spe_id=mm_login
16288,wowma.jp,https://wowma.jp/login?referer=/bep/m/mblmyp03?spe_id=mm_favorite
16288,wowma.jp,https://wowma.jp/bep/m/histitem1?spe_id=mm_histitem
16288,wowma.jp,https://wowma.jp/login?referer=/orders?spe_id=mm_buyhistitem
16290,bodegaaurrera.com.mx,https://www.bodegaaurrera.com.mx/content/eventos/descubre-mas/490004_710051
16290,bodegaaurrera.com.mx,https://www.bodegaaurrera.com.mx/all-departments
16290,bodegaaurrera.com.mx,https://www.bodegaaurrera.com.mx/inicio
16290,bodegaaurrera.com.mx,https://www.bodegaaurrera.com.mx/tu-cuenta/pedidos
16297,rupool.pro,https://rupool.pro/mining-pools/btc/
16297,rupool.pro,https://rupool.pro/mining-pools/ltc/
16297,rupool.pro,https://rupool.pro/mining-pools/doge/
16297,rupool.pro,https://rupool.pro/mining-pools/watcher-link/
16307,home.cern,https://home.cern/wp-login.php?redirect_to=https%3A%2F%2Fhome.cern%2F
16307,home.cern,https://home.cern/about/
16307,home.cern,https://home.cern/about/who-we-are/
16307,home.cern,https://home.cern/about/who-we-are/our-mission/
16309,mochahost.com,https://mochahost.com/web-hosting
16309,mochahost.com,https://mochahost.com/cpanel-hosting
16309,mochahost.com,https://mochahost.com/java-tomcat-hosting
16309,mochahost.com,https://mochahost.com/reseller-hosting
16334,campuspress.com,https://campuspress.com/school-k12/
16334,campuspress.com,https://campuspress.com/higher-ed/
16334,campuspress.com,https://campuspress.com/hosting/
16334,campuspress.com,https://campuspress.com/security/
16336,advancedmd.com,https://www.advancedmd.com/chat/
16336,advancedmd.com,https://www.advancedmd.com/support/
16336,advancedmd.com,https://www.advancedmd.com/medical-office-software/
16336,advancedmd.com,https://www.advancedmd.com/revenue-cycle-management/
16338,epoq.de,https://www.epoq.de/produkte/intelligente-suche/ai-optimizer/
16338,epoq.de,https://www.epoq.de/kontakt/
16338,epoq.de,https://www.epoq.de/produkte/
16338,epoq.de,https://www.epoq.de/referenzen/
16344,wv.gov,https://www.wv.gov/agencies
16344,wv.gov,https://www.wv.gov/services
16344,wv.gov,https://www.wv.gov/state-phone-directory
16344,wv.gov,https://www.wv.gov/business
16348,cracked.com,https://trivia.cracked.com/humor-trivia.html
16348,cracked.com,https://www.cracked.com/humor-movies-tv.html
16348,cracked.com,https://www.cracked.com/humor-science-history.html
16348,cracked.com,https://www.cracked.com/newsletters
16349,dennikn.sk,https://obchod.dennikn.sk/darcekove-predplatne/?referer=https://dennikn.sk/
16349,dennikn.sk,https://dennikn.sk/slovosled/?ref=menu
16349,dennikn.sk,https://dennikn.sk/najnovsie/?ref=menu
16349,dennikn.sk,https://dennikn.sk/audio/?ref=menu
16352,ctrltech.ai,https://ctrltech.ai/privacy
16360,olemiss.edu,https://olemiss.edu/academics/index.php
16360,olemiss.edu,https://olemiss.edu/programs/index.php
16360,olemiss.edu,https://olemiss.edu/academics/colleges-and-schools/index.php
16360,olemiss.edu,https://olemiss.edu/academics/competitive-programs/index.php
16363,semver.org,https://semver.org/lang/ar/
16363,semver.org,https://semver.org/lang/bg/
16363,semver.org,https://semver.org/lang/bn/
16363,semver.org,https://semver.org/lang/ca/
16367,ucs.org,https://www.ucs.org/about
16367,ucs.org,https://www.ucs.org/about/accomplishments
16367,ucs.org,https://www.ucs.org/about/funding-financials
16367,ucs.org,https://www.ucs.org/about/mission-values
16370,hamariweb.com,https://hamariweb.com/islam/islamic-date-today.aspx
16370,hamariweb.com,http://hamariweb.com/en/
16370,hamariweb.com,http://hamariweb.com/news/
16370,hamariweb.com,http://hamariweb.com/finance/
16378,dek-d.com,https://www.dek-d.com/board/
16378,dek-d.com,https://novel.dek-d.com/list/top/
16378,dek-d.com,https://novel.dek-d.com/recommend/group/
16378,dek-d.com,https://novel.dek-d.com/onboarding/
16382,bundesgesundheitsministerium.de,https://www.bundesgesundheitsministerium.de/service/gesetze-und-verordnungen
16382,bundesgesundheitsministerium.de,https://www.bundesgesundheitsministerium.de/service/begriffe-von-a-z/a
16382,bundesgesundheitsministerium.de,https://www.bundesgesundheitsministerium.de/ministerium/deutsche-gebaerdensprache
16382,bundesgesundheitsministerium.de,https://www.bundesgesundheitsministerium.de/ministerium/leichte-sprache
16383,fr.im,https://fr.im/ua
16383,fr.im,https://fr.im/privacy
16394,fruits.co,https://www.fruits.co/explore/for-seller
16394,fruits.co,https://www.fruits.co/explore/for-buyer
16394,fruits.co,https://fruits.co/login
16394,fruits.co,https://www.fruits.co/auth/login
16417,wickes.co.uk,https://www.wickes.co.uk/Products/Garden+Outdoor-Landscaping/Garden-Offers/c/1002098
16417,wickes.co.uk,https://www.wickes.co.uk/login
16417,wickes.co.uk,https://www.wickes.co.uk/track-my-order
16417,wickes.co.uk,https://www.wickes.co.uk/project-list
16437,aaos.org,https://www.aaos.org/membership/become-an-aaos-member/
16437,aaos.org,https://ams.aaos.org/Online-Store
16437,aaos.org,https://www.aaos.org/about/donate/
16437,aaos.org,https://www.aaos.org/api/account/SignIn
16449,mediapost.com,https://www.mediapost.com/news/
16449,mediapost.com,https://www.mediapost.com/opinions/
16449,mediapost.com,https://www.mediapost.com/publications/mediapost-weekend/
16449,mediapost.com,https://www.mediapost.com/publications/mediadailynews/
16451,avm.de,https://fritz.com/collections/fritz-box
16451,avm.de,https://fritz.com/collections/glasfaser-router
16451,avm.de,https://fritz.com/collections/dsl-router
16451,avm.de,https://fritz.com/collections/kabel-router
16455,buap.mx,https://des.buap.mx/content/oferta-educativa-0
16455,buap.mx,https://buap.mx/content/institutos
16455,buap.mx,https://viep.buap.mx/ciep/
16455,buap.mx,https://buap.mx/content/direcciones-administrativas
16461,hespress.com,https://www.hespress.com/politique
16461,hespress.com,https://www.hespress.com/regions
16461,hespress.com,https://www.hespress.com/societe
16461,hespress.com,https://www.hespress.com/economie
16464,zvab.com,https://www.zvab.com/servlet/LoginDirector
16464,zvab.com,https://www.zvab.com/servlet/MembersMenuPL
16464,zvab.com,https://www.zvab.com/checkout/basket
16464,zvab.com,https://kundenservice.zvab.com/s/?language=de
16468,paradox.ai,https://www.paradox.ai/products/conversational-ats
16468,paradox.ai,https://www.paradox.ai/products/candidate-experience-agent
16468,paradox.ai,https://www.paradox.ai/products/conversational-career-sites
16468,paradox.ai,https://www.paradox.ai/products/conversational-apply
16472,belregion.ru,https://belregion.ru/links/
16472,belregion.ru,https://belregion.ru/rss/
16472,belregion.ru,https://belregion.ru/region/
16472,belregion.ru,https://belregion.ru/region/index.php
16480,printfriendly.com,https://www.printfriendly.com/pdf-tools/pdf-converter
16480,printfriendly.com,https://www.printfriendly.com/pdf-tools/compress-pdf
16480,printfriendly.com,https://www.printfriendly.com/pdf-tools/ocr-pdf
16480,printfriendly.com,https://www.printfriendly.com/pdf-tools/merge-pdf
16485,activemind.de,https://www.activemind.de/themen/
16485,activemind.de,https://www.activemind.de/magazin/
16485,activemind.de,https://www.activemind.de/downloads/
16485,activemind.de,https://www.activemind.de/generatoren/
16489,ucsusa.org,https://www.ucs.org/about
16489,ucsusa.org,https://www.ucs.org/about/accomplishments
16489,ucsusa.org,https://www.ucs.org/about/funding-financials
16489,ucsusa.org,https://www.ucs.org/about/mission-values
16523,50megs.com,http://50megs.com/cgi-bin/show_me?wrap=1&page=hosting_compare&refcd=WSUOWS010823NB02
16523,50megs.com,http://50megs.com/fs_img/search/about_us.htm/?refcd=WSUOWS010823NB02
16523,50megs.com,http://signup.50megs.com/cgi-bin/path/signup/?refcd=WSUOWS010823NB02
16523,50megs.com,http://www.50megs.com/fs_img/search/contact.htm/?refcd=WSUOWS010823NB02
16536,ticketnew.com,https://ticketnew.com/movies
16536,ticketnew.com,https://ticketnew.com/movies/order-history
16536,ticketnew.com,https://ticketnew.com/search
16540,dmarket.com,https://dmarket.com/ingame-items/item-list/csgo-skins
16540,dmarket.com,https://dmarket.com/top-txns
16540,dmarket.com,https://dmarket.com/blog/dmarket-api-for-automated-trading/
16540,dmarket.com,https://dmarket.com/blog/
16545,captivate.fm,https://www.captivate.fm/features
16545,captivate.fm,https://www.captivate.fm/captivate-creator-suite
16545,captivate.fm,https://www.captivate.fm/my-goals/make-money
16545,captivate.fm,https://www.captivate.fm/my-goals/build-my-brand
16548,imagetwist.com,https://imagetwist.com/faq.html
16548,imagetwist.com,https://imagetwist.com/contact.html
16548,imagetwist.com,https://imagetwist.com/login.html
16548,imagetwist.com,https://imagetwist.com/banners.html
16550,pixelcut.ai,https://www.pixelcut.ai/pricing
16550,pixelcut.ai,https://www.pixelcut.ai/download
16550,pixelcut.ai,https://www.pixelcut.ai/agent
16550,pixelcut.ai,https://www.pixelcut.ai/product-showcase
16555,binghamton.edu,https://www.binghamton.edu/home
16555,binghamton.edu,https://www.binghamton.edu/about/
16555,binghamton.edu,https://www.binghamton.edu/academics/
16555,binghamton.edu,https://www.binghamton.edu/admissions/
16572,jmu.edu,https://www.jmu.edu/index.shtml
16572,jmu.edu,https://www.jmu.edu/family/index.shtml
16572,jmu.edu,https://www.jmu.edu/alumni
16572,jmu.edu,https://www.jmu.edu/gateway/students.shtml
16581,fiserv.com,https://www.fiserv.com/en.html
16581,fiserv.com,https://www.fiserv.com/en/who-we-serve/enterprise.html
16581,fiserv.com,https://www.fiserv.com/en/who-we-serve/small-business.html
16581,fiserv.com,https://www.fiserv.com/en/forum.html
16582,taipeitimes.com,https://www.taipeitimes.com/News/front
16582,taipeitimes.com,https://www.taipeitimes.com/News/taiwan
16582,taipeitimes.com,https://www.taipeitimes.com/News/biz
16582,taipeitimes.com,https://www.taipeitimes.com/News/editorials
16585,confex.com,https://confex.com/index.html
16585,confex.com,https://confex.com/about/index.html
16585,confex.com,https://confex.com/products/index.html
16585,confex.com,https://confex.com/services/index.html
16591,saucelabs.com,https://info.saucelabs.com/260819-meet-aura.html
16591,saucelabs.com,https://saucelabs.com/why-sauce
16591,saucelabs.com,https://saucelabs.com/use-case/intent-based-test-generation
16591,saucelabs.com,https://saucelabs.com/use-case/resilient-test-infrastructure
16595,eur.nl,https://www.eur.nl/en
16595,eur.nl,https://www.eur.nl/onderwijs/masteropleidingen/master-open-dag
16595,eur.nl,https://www.eur.nl/onderwijs/master/overzicht
16595,eur.nl,https://www.eur.nl/onderwijs/studeren-rotterdam
16610,umkc.edu,https://futureroo.umkc.edu/apply/
16610,umkc.edu,https://www.umkc.edu/admissions/get-info.html
16610,umkc.edu,https://www.umkc.edu/students/index.html
16610,umkc.edu,https://www.umkc.edu/faculty/index.html
16614,vozpopuli.com,https://www.vozpopuli.com/deportes/marcos-llorente-estalla-y-recuerda-la-crisis-en-ceuta-le-estais-dando-un-bombo-descomunal-al-eclipse-con-todas-las-cosas-que-estan-pasando.html
16614,vozpopuli.com,https://www.vozpopuli.com/dolcevita/el-sorprendente-cambio-de-look-de-paz-vega-el-corte-de-pelo-mixie-que-marcara-tendencias-este-otono.html
16614,vozpopuli.com,https://www.vozpopuli.com/bienestar/ejercicio/la-rutina-de-ejercicios-de-russell-crowe-para-mantenerse-en-forma-a-los-62-anos-la-constancia-es-tu-mejor-amigo.html
16614,vozpopuli.com,https://www.vozpopuli.com/bienestar/carles-barnes-oftalmologo-advierte-de-las-consecuencias-tras-el-eclipse-si-ves-borroso-o-distorsionado-puedes-haber-sufrido-una-quemadura-grave-en-los-ojos.html
16625,blubrry.com,https://blubrry.com/signin.php
16625,blubrry.com,https://blubrry.com/services/podcast-hosting/
16625,blubrry.com,https://blubrry.com/services/powerpress-plugin/
16625,blubrry.com,https://blubrry.com/services/free-wordpress-site/
16629,musta.ch,https://www.airbnb.com/homes
16629,musta.ch,https://www.airbnb.com/experiences
16629,musta.ch,https://www.airbnb.com/services
16629,musta.ch,https://www.airbnb.com/help
16639,nic.run,https://identity.digital/registrar
16639,nic.run,https://identity.digital/registry
16639,nic.run,https://identity.digital/reseller
16639,nic.run,https://identity.digital/company
16641,godotengine.org,https://godotengine.org/features/
16641,godotengine.org,https://godotengine.org/consoles/
16641,godotengine.org,https://godotengine.org/priorities/
16641,godotengine.org,https://godotengine.org/showcase/
16646,litespeedtech.com,https://litespeedtech.com/solutions
16646,litespeedtech.com,https://litespeedtech.com/products
16646,litespeedtech.com,https://litespeedtech.com/support
16646,litespeedtech.com,https://litespeedtech.com/partners
16654,oebb.at,https://www.oebb.at/de/
16654,oebb.at,https://www.oebb.at/de/tickets-kundenkarten
16654,oebb.at,https://www.oebb.at/de/tickets-kundenkarten/weg-zum-ticket
16654,oebb.at,https://www.oebb.at/de/tickets-kundenkarten/weg-zum-ticket/app-angebot
16660,smartocto.com,https://smartocto.com/solutions/
16660,smartocto.com,https://smartocto.com/user-needs/
16660,smartocto.com,https://smartocto.com/search/
16660,smartocto.com,https://smartocto.com/company/demo/
16661,etonline.com,https://www.etonline.com/live
16661,etonline.com,https://www.etonline.com/video
16661,etonline.com,https://www.etonline.com/showfinder
16661,etonline.com,https://www.etonline.com/media/videos/xAFJrjnFoAY
16688,rancher.io,https://www.rancher.com/why-rancher
16688,rancher.io,https://www.rancher.com/use-cases
16688,rancher.io,https://www.rancher.com/why-rancher/rancher-difference
16688,rancher.io,https://www.rancher.com/products/rancher-platform
16693,amgen.com,https://www.amgen.com/about
16693,amgen.com,https://www.amgen.com/about/amgen-history
16693,amgen.com,https://www.amgen.com/about/mission-and-values
16693,amgen.com,https://www.amgen.com/about/leadership
16707,hts.ru,https://www.hts.ru/ru/support/signup/
16707,hts.ru,https://www.hts.ru/ru/support/forget/
16707,hts.ru,https://www.hts.ru/ru/service/cart/
16707,hts.ru,https://www.hts.ru/ru/service/tariffs/
16728,mint.com,https://mint.intuit.com/how-mint-works
16728,mint.com,https://mint.intuit.com/how-mint-works/credit
16728,mint.com,https://mint.intuit.com/how-mint-works/security
16728,mint.com,https://mint.intuit.com/credit-cards/
16729,northjersey.com,https://subscribe.northjersey.com/rr/nanobar?gps-source=CPTILELEFT&itm_campaign=2026ENTAUGBAU&itm_medium=ONSITE&success-url=https%3A%2F%2Fwww.northjersey.com%2F
16729,northjersey.com,https://subscribe.northjersey.com/rr/masthead?gps-source=CPMASTHEAD&itm_campaign=2026ENTAUGBAU&itm_medium=ONSITE&success-url=https%3A%2F%2Fwww.northjersey.com%2F
16729,northjersey.com,https://www.northjersey.com/news/
16729,northjersey.com,https://www.northjersey.com/local/bergen/
16730,hsbc.com.hk,https://www.hsbc.com.hk/help/cybersecurity-and-fraud/phishing/
16730,hsbc.com.hk,https://www.hsbc.com.hk/legal/
16730,hsbc.com.hk,https://www.business.hsbc.com.hk/en-gb
16730,hsbc.com.hk,https://www.hsbc.com.hk/zh-hk/
16741,ameriprise.com,https://www.ameriprise.com/financial-planning/why-choose-ameriprise/ameriprise-financial-reviews-and-ratings
16741,ameriprise.com,https://www.ameriprise.com/financial-news-research/insights/?internalcampaign=HP-Prospect-promo-readmoreinsights
16741,ameriprise.com,https://www.ameriprise.com/privacy-security-fraud/online-security-guarantee
16744,strip2.in,https://vps402.strip2.co/info/privacy/?Link_id=1501770
16744,strip2.in,https://vps402.strip2.co/accept_cookie/?CK=690038&Link_id=1501770
16744,strip2.in,https://vps402.strip2.co/videocat/categories/
16744,strip2.in,https://vps402.strip2.co/photocat/
16746,bestname.com.ua,https://www.bestname.ua/ua/checkdm.php
16746,bestname.com.ua,https://www.bestname.ua/ua/price.php
16746,bestname.com.ua,https://www.bestname.ua/ua/reselling.php
16746,bestname.com.ua,https://www.bestname.ua/ua/oplata.php
16747,vintera.tv,https://vintera.tv/payment
16747,vintera.tv,https://vintera.tv/reklama
16747,vintera.tv,https://vintera.tv/news
16747,vintera.tv,https://vintera.tv/contacts
16757,google.ac,https://www.google.ac/imghp?hl=en&ogbl
16757,google.ac,https://www.google.ac/advanced_search?hl=en-PK&authuser=0
16757,google.ac,https://www.google.ac/setprefs?sig=0_SGRihg8aaFlJkR0_OnrSJPkemLo%3D&hl=ur&source=homepage&sa=X&ved=0ahUKEwi0-MfznJ2WAxUMU6QEHSbjHLMQ2ZgBCAU
16757,google.ac,https://www.google.ac/setprefs?sig=0_SGRihg8aaFlJkR0_OnrSJPkemLo%3D&hl=ps&source=homepage&sa=X&ved=0ahUKEwi0-MfznJ2WAxUMU6QEHSbjHLMQ2ZgBCAY
16760,gov.on.ca,https://www.ontario.ca/user
16760,gov.on.ca,https://www.ontario.ca/page/government-ontario
16760,gov.on.ca,https://www.ontario.ca/fr/node/540561
16760,gov.on.ca,https://www.ontario.ca/page/benefits-and-taxes
16766,unionesarda.it,https://www.unionesarda.it/sardegna-comuni-al-voto
16766,unionesarda.it,https://www.unionesarda.it/multimedia
16766,unionesarda.it,https://www.unionesarda.it/foto
16766,unionesarda.it,https://www.unionesarda.it/news-sardegna
16781,patheos.com,https://www.patheos.com/special-offers
16781,patheos.com,https://www.patheos.com/buddhist
16781,patheos.com,https://www.patheos.com/catholic
16781,patheos.com,https://www.patheos.com/contemplative
16802,ispringlearn.ru,https://www.ispring.ru/cart/view
16802,ispringlearn.ru,https://www.ispring.ru/ispring-learn
16802,ispringlearn.ru,https://www.ispring.ru/ispring-suite
16802,ispringlearn.ru,https://www.ispring.ru/ispring-learn/retail
16807,deltaork.com,https://deltaork.com/detail/Lucy All Season Fashioninsta
16807,deltaork.com,https://deltaork.com/detail/Funny Mouse Coloring Time
16807,deltaork.com,https://deltaork.com/detail/Squid Game Merger
16807,deltaork.com,https://deltaork.com/detail/Last War Survival
16818,docsend.com,https://www.docsend.com/pricing
16818,docsend.com,https://www.docsend.com/customers
16818,docsend.com,https://www.docsend.com/letschat
16818,docsend.com,https://docsend.com/login
16827,unicredit.ru,https://www.unicreditbank.ru/ru/moscow/personal.html
16827,unicredit.ru,https://www.unicreditbank.ru/ru/moscow/sme.html
16827,unicredit.ru,https://www.unicreditbank.ru/ru/moscow/corporate-banking.html
16827,unicredit.ru,https://www.unicreditbank.ru/ru/moscow/financial-institutions.html
16841,barclaycardus.com,https://www.barclaycardus.com/servicing/supportedBrowsers
16841,barclaycardus.com,https://cards.barclaycardus.com/banking/cards/
16841,barclaycardus.com,https://cards.barclaycardus.com/banking/savings-and-certificates-of-deposit/
16841,barclaycardus.com,https://cards.barclaycardus.com/banking/personal-loans/
16847,livepocket.jp,https://promoter.livepocket.jp/login
16847,livepocket.jp,https://livepocket.jp/sign_up
16847,livepocket.jp,https://livepocket.jp/login
16847,livepocket.jp,https://livepocket.jp/event/search
16852,de.tl,https://www.homepage-baukasten.de/login.php
16852,de.tl,https://www.homepage-baukasten.de/forum/
16852,de.tl,https://www.homepage-baukasten.de/howto/
16852,de.tl,https://www.homepage-baukasten.de/Premium/PackageSelection/
16864,anonyig.com,https://anonyig.com/en/iganony/
16864,anonyig.com,https://anonyig.com/en/instagram-viewer/
16864,anonyig.com,https://anonyig.com/en/instagram-profile-viewer/
16864,anonyig.com,https://anonyig.com/en/instagram-highlights-viewer/
16871,calibre-ebook.com,https://calibre-ebook.com/about
16871,calibre-ebook.com,https://calibre-ebook.com/demo
16871,calibre-ebook.com,https://calibre-ebook.com/download
16871,calibre-ebook.com,https://calibre-ebook.com/help
16872,docdroid.net,https://www.docdroid.com/pricing
16872,docdroid.net,https://www.docdroid.com/login
16872,docdroid.net,https://www.docdroid.com/register
16872,docdroid.net,https://www.docdroid.com/contact
16876,fanniemae.com,https://www.fanniemae.com/about-us
16876,fanniemae.com,https://www.fanniemae.com/about-us/who-we-are
16876,fanniemae.com,https://www.fanniemae.com/about-us/who-we-are/awards-and-recognition
16876,fanniemae.com,https://www.fanniemae.com/about-us/who-we-are/employee-code-conduct
16877,aimatch.com,https://www.sas.com/en_us/home.html
16877,aimatch.com,https://www.sas.com/en_us/partners.geo.html
16877,aimatch.com,https://www.sas.com/en/events/sas-innovate.html
16877,aimatch.com,https://www.sas.com/en_us/software/viya.html
16891,italia.it,https://www.italia.it/it
16891,italia.it,https://www.italia.it/en
16891,italia.it,https://www.italia.it/en/italy/italian-cities
16891,italia.it,https://www.italia.it/en/lazio/rome
16895,skypicker.com,https://www.kiwi.com/en/pages/content/privacy
16895,skypicker.com,https://www.kiwi.com/en/pages/cookies_settings
16895,skypicker.com,https://www.kiwi.com/en/
16895,skypicker.com,https://www.kiwi.com/stories/
16899,ilfoglio.it,https://www.ilfoglio.it/tag/medio-oriente_1407
16899,ilfoglio.it,https://www.ilfoglio.it/tag/ucraina_51241
16899,ilfoglio.it,https://www.ilfoglio.it/tag/mondiali-2026_48349
16899,ilfoglio.it,https://www.ilfoglio.it/editoriali
16903,wwnorton.com,https://wwnorton.com/reader
16903,wwnorton.com,https://wwnorton.com/student
16903,wwnorton.com,https://wwnorton.com/educator
16903,wwnorton.com,https://wwnorton.com/who-we-are
16908,arcticspg.ru,https://arcticspg.ru/proekt/preimushchestva-proekta/
16908,arcticspg.ru,https://arcticspg.ru/proekt/
16908,arcticspg.ru,https://arcticspg.ru/proekt/mestorozhdenie/
16908,arcticspg.ru,https://arcticspg.ru/ustoychivoe-razvitie/raskrytie-informatsii/
16911,ufc.br,https://www.ufc.br/acessibilidade
16911,ufc.br,https://www.ufc.br/alunos
16911,ufc.br,https://www.ufc.br/servidoress
16911,ufc.br,https://www.ufc.br/ufc-digital
16919,verbraucherzentrale.de,https://www.verbraucherzentrale.de/beratung
16919,verbraucherzentrale.de,https://www.verbraucherzentrale.de/beschwerde
16919,verbraucherzentrale.de,https://www.verbraucherzentrale.de/bildung
16919,verbraucherzentrale.de,https://www.verbraucherzentrale.de/verbandsklagen
16922,trthaber.com,https://www.trthaber.com/haber/gundem/
16922,trthaber.com,https://www.trthaber.com/haber/turkiye/
16922,trthaber.com,https://www.trthaber.com/haber/dunya/
16922,trthaber.com,https://www.trthaber.com/haber/turk-dunyasi/
16932,getgreenshot.org,https://getgreenshot.org/2013/05/30/why-a-free-web-needs-advertising/
16932,getgreenshot.org,https://getgreenshot.org/blog/
16932,getgreenshot.org,https://getgreenshot.org/downloads/
16932,getgreenshot.org,https://getgreenshot.org/faq/
16940,mymodernmet.com,https://mymodernmet.com/popular-posts
16940,mymodernmet.com,https://mymodernmet.com/category/art/
16940,mymodernmet.com,https://mymodernmet.com/category/design/
16940,mymodernmet.com,https://mymodernmet.com/category/photography/
16944,dmi.dk,https://www.dmi.dk/varsler
16944,dmi.dk,https://www.dmi.dk/varsler-gronland
16944,dmi.dk,https://www.dmi.dk/pollen
16944,dmi.dk,https://www.dmi.dk/uv-indeks
16955,casinonsvenska.eu,https://casinonsvenska.eu/top-10/
16955,casinonsvenska.eu,https://casinonsvenska.eu/guts-casino/
16955,casinonsvenska.eu,https://casinonsvenska.eu/mr-green/
16955,casinonsvenska.eu,https://casinonsvenska.eu/betway-casino/
16963,etsi.org,https://www.etsi.org/technologies/
16963,etsi.org,https://www.etsi.org/standards/
16963,etsi.org,https://www.etsi.org/expertise/
16963,etsi.org,https://www.etsi.org/events/
16968,giz.de,https://www.giz.de/de
16968,giz.de,https://www.giz.de/en
16968,giz.de,https://www.giz.de/de/expertise
16968,giz.de,https://www.giz.de/de/expertise/demokratie-rechtsstaat
16970,gocase.com.br,https://reseller.gocase.com.br/pt-BR/welcome
16970,gocase.com.br,https://www.gocase.com.br/find-order
16970,gocase.com.br,https://www.gocase.com.br/central-de-ajuda
16970,gocase.com.br,https://www.gocase.com.br/cart
16986,hcl.com,https://hcl.com/about/
16986,hcl.com,https://hcl.com/leadership/
16986,hcl.com,https://hcl.com/humanpotentialmultiplied/
16986,hcl.com,https://hcl.com/hcl-story/
17004,thedodo.com,https://www.thedodo.com/newsletters
17004,thedodo.com,https://www.thedodo.com/pets
17004,thedodo.com,https://www.thedodo.com/topics/adoption
17004,thedodo.com,https://www.thedodo.com/dog-stories
17008,engie.fr,https://entreprises-collectivites.engie.fr/entreprises/
17008,engie.fr,https://entreprises-collectivites.engie.fr/services-publics/
17008,engie.fr,https://www.engie.fr/legal-mentions.html
17008,engie.fr,https://www.engie.fr/personal-data.html
17023,jku.at,https://www.jku.at/suche/
17023,jku.at,https://www.jku.at/studium/studienangebot/
17023,jku.at,https://www.jku.at/studium/studienangebot/medizin/
17023,jku.at,https://www.jku.at/studium/studienangebot/naturwissenschaften/
17042,sqills.com,https://www.sqills.com/s3-passenger
17042,sqills.com,https://www.sqills.com/cases
17042,sqills.com,https://www.sqills.com/cases/sncf
17042,sqills.com,https://www.sqills.com/cases/eurostar
17043,hyperwallet.com,https://portal.hyperwallet.com/docs
17043,hyperwallet.com,https://www.hyperwallet.com/resources/
17043,hyperwallet.com,https://www.hyperwallet.com/support/
17043,hyperwallet.com,https://www.hyperwallet.com/make-payments/
17046,vietcombank.com.vn,https://vietcombank.com.vn/vi-VN
17046,vietcombank.com.vn,https://vietcombank.com.vn/vi-VN/To-chuc/Doanh-Nghiệp
17046,vietcombank.com.vn,https://vietcombank.com.vn/vi-VN/KHUT
17046,vietcombank.com.vn,https://vietcombank.com.vn/vi-VN/Ve-Vietcombank
17048,brunch.co.kr,https://brunch.co.kr/@brunch/419
17048,brunch.co.kr,https://brunch.co.kr/@brunch/418
17048,brunch.co.kr,https://brunch.co.kr/@brunch/417
17048,brunch.co.kr,https://brunch.co.kr/@brunch/415
17067,nabble.com,http://s1.nabble.com/free-forum.html
17067,nabble.com,http://s1.nabble.com/free-gallery.html
17067,nabble.com,http://s1.nabble.com/free-newspaper.html
17067,nabble.com,http://s1.nabble.com/free-blog.html
17069,newsnationnow.com,https://nxslink.newsnationnow.com/join/6p1/signup
17069,newsnationnow.com,https://www.newsnationnow.com/politics/karoline-leavitt-leaving-wh-press-secretary-role-trump-confirms/
17069,newsnationnow.com,https://www.newsnationnow.com/us-news/lakers-sold-josh-kushner-bob-iger-12-billion-report/
17069,newsnationnow.com,https://www.newsnationnow.com/crime/kohberger-stalked-madison-mogen-defense-expert/
17077,efsyn.gr,https://www.efsyn.gr/protoselida-efimeridon/
17077,efsyn.gr,https://www.efsyn.gr/feed/
17077,efsyn.gr,https://www.efsyn.gr/protoselida/oi-dikes-poy-tromazoyn-to-maximoy/
17077,efsyn.gr,https://www.efsyn.gr/protoselida/
17082,giveawayoftheday.com,https://www.giveawayoftheday.com/chrome-push-denied/
17082,giveawayoftheday.com,https://www.giveawayoftheday.com/softorbits-ai-photo-culling/
17082,giveawayoftheday.com,https://game.giveawayoftheday.com/pixel-factory-build/
17082,giveawayoftheday.com,https://iphone.giveawayoftheday.com/dungeons-such?lang=en
17099,lrb.co.uk,https://www.lrb.co.uk/account
17099,lrb.co.uk,https://www.lrb.co.uk/login
17099,lrb.co.uk,https://www.lrb.co.uk/search-results
17099,lrb.co.uk,https://www.lrb.co.uk/the-paper
17102,resideo.com,https://www.resideo.com/us/en/accessibility/
17102,resideo.com,https://www.resideo.com/us/en/find-a-pro/
17102,resideo.com,https://www.resideo.com/us/en/pro/new-construction-residential-build/
17102,resideo.com,https://www.resideo.com/us/en/utilities/
17111,utorria.ru,https://utorria.ru/soft/download
17111,utorria.ru,https://api.utorria.ru/api/v1/download?channel=uPartner&flow=site&pid=2&fid=2&beta=0
17111,utorria.ru,https://utorria.ru/Agreement
17111,utorria.ru,https://utorria.ru/Private
17115,gcu.edu,https://www.gcu.edu/rmi/apply-now
17115,gcu.edu,https://www.gcu.edu/rmi/standalone
17115,gcu.edu,https://www.gcu.edu/degree-programs
17115,gcu.edu,https://www.gcu.edu/degree-programs/business
17124,naked-science.ru,https://naked-science.ru/article/astronomy
17124,naked-science.ru,https://naked-science.ru/article/cosmonautics
17124,naked-science.ru,https://naked-science.ru/article/physics
17124,naked-science.ru,https://naked-science.ru/article/chemistry
17129,devcycle.com,https://blog.devcycle.com/devcycle-is-now-part-of-dynatrace/
17129,devcycle.com,https://devcycle.com/pricing
17129,devcycle.com,https://devcycle.com/contact/request-demo
17129,devcycle.com,https://app.devcycle.com/login
17131,simplevoip.us,https://simplevoip.com/distributed-enterprises/
17131,simplevoip.us,https://simplevoip.com/healthcare/
17131,simplevoip.us,https://simplevoip.com/schools/
17131,simplevoip.us,https://simplevoip.com/restaurants/
17134,ethyca.com,https://www.ethyca.com/astralis
17134,ethyca.com,https://www.ethyca.com/fides
17134,ethyca.com,https://www.ethyca.com/helios
17134,ethyca.com,https://www.ethyca.com/janus
17135,virgin.com,https://www.virgin.com/virgin-companies
17135,virgin.com,https://www.virgin.com/virgin-red
17135,virgin.com,https://www.virgin.com/about-virgin
17135,virgin.com,https://www.virgin.com/about-virgin/our-story
17141,healthstream.com,https://www.healthstream.com/about
17141,healthstream.com,https://www.healthstream.com/about/careers
17141,healthstream.com,https://www.healthstream.com/about/partner-benefits
17141,healthstream.com,https://ir.healthstream.com/corporate-governance/management
17151,444.hu,https://444.hu/2026/08/13/golyoallo-mellenyben-szenzorok-kozott-az-oserdo-melyen-megneztuk-hogyan-orzik-a-lengyel-katonak-a-belarusz-hatart
17151,444.hu,https://444.hu/2026/08/13/balatoni-taborban-fogdosta-a-rabizott-kislanyokat-egy-gyerekvedelmi-intezmeny-otthonvezetoje
17151,444.hu,https://444.hu/2026/08/13/vadat-emeltek-az-alapjogokert-kozpont-szivarvanyos-horogkeresztet-rajzolgato-propagandistaja-ellen
17151,444.hu,https://444.hu/2026/08/13/ev-eleji-szintjere-esett-vissza-a-magyar-epitoipar-hosszu-ido-utan-eloszor-kevesebb-a-szerzodes-is
17158,comic-walker.com,https://comic-walker.com/free
17158,comic-walker.com,https://comic-walker.com/ranking?timeInterval=daily
17158,comic-walker.com,https://comic-walker.com/search
17158,comic-walker.com,https://comic-walker.com/topics/news/019fb0b7-88cb-7fac-aaaa-5c4217c92a57
17164,siemens-healthineers.com,https://www.siemens-healthineers.com/investor-relations
17164,siemens-healthineers.com,https://www.siemens-healthineers.com/careers
17164,siemens-healthineers.com,https://www.siemens-healthineers.com/press
17164,siemens-healthineers.com,https://www.siemens-healthineers.com/products-services
17174,bendibao.com,http://www.bendibao.com/index.htm
17174,bendibao.com,http://www.bendibao.com/culture.htm
17174,bendibao.com,http://www.bendibao.com/adservices.htm
17174,bendibao.com,http://www.bendibao.com/about.htm
17184,abebooks.it,https://www.abebooks.it/servlet/LoginDirector
17184,abebooks.it,https://www.abebooks.it/servlet/MembersMenuPL
17184,abebooks.it,https://www.abebooks.it/checkout/basket
17184,abebooks.it,https://supporto.abebooks.it/s/?language=it
17185,deputy.com,https://www.deputy.com/insights/the-big-shift-report?utm_source=website&utm_medium=banner&utm_campaign=BIG-SHIFT-REPORT
17185,deputy.com,https://www.deputy.com/ai
17185,deputy.com,https://www.deputy.com/pricing
17185,deputy.com,https://once.deputy.com/my/login
17186,gotquestions.org,https://www.gotquestions.org/going-to-heaven.html
17186,gotquestions.org,https://www.gotquestions.org/get-right-with-God.html
17186,gotquestions.org,https://www.gotquestions.org/subscribe.html
17186,gotquestions.org,https://www.gotquestions.org/top20.html
17191,sony.co.jp,https://www.sony.co.jp/corporate/
17191,sony.co.jp,https://www.sony.co.jp/corporate/message/
17191,sony.co.jp,https://www.sony.co.jp/corporate/mission-vision/
17191,sony.co.jp,https://www.sony.co.jp/co-creation/
17192,stablediffusionweb.com,https://stablediffusionweb.com/prompts
17192,stablediffusionweb.com,https://stablediffusionweb.com/app/text-to-video
17192,stablediffusionweb.com,https://stablediffusionweb.com/cdn-cgi/l/email-protection
17192,stablediffusionweb.com,https://stablediffusionweb.com/app/image-generator
17200,skills.google,https://www.skills.google/catalog?skill-badge=skill-badge
17200,skills.google,https://www.skills.google/catalog
17200,skills.google,https://www.skills.google/paths
17200,skills.google,https://www.skills.google/subscriptions
17201,demilked.com,https://www.demilked.com/gumroad-vs-payhip-fees-commissions-and-which-makes-you-more-money
17201,demilked.com,https://www.demilked.com/kajabi-vs-teachable-vs-thinkific-best-platforms-to-sell-online-courses-2026
17201,demilked.com,https://www.demilked.com/elevenlabs-review-is-it-actually-the-best-ai-voice-tool-for-creators-in-2026
17201,demilked.com,https://www.demilked.com/payhip-honest-review-2026-the-best-platform-to-sell-digital-products
17210,idealo.com,https://flights.idealo.com/route/Atlanta-ATL/Miami-MIA/
17210,idealo.com,https://flights.idealo.com/route/New-York-NYC/Miami-MIA/
17210,idealo.com,https://flights.idealo.com/route/New-York-NYC/Chicago-CHI/
17210,idealo.com,https://flights.idealo.com/route/New-York-NYC/Atlanta-ATL/
17222,257.cz,https://257.cz/pages/tools/
17222,257.cz,https://257.cz/pages/blog/
17222,257.cz,https://257.cz/pages/autodomain/
17222,257.cz,https://257.cz/client/
17225,diariodenavarra.es,https://www.diariodenavarra.es/noticias/navarra/2026/08/13/calor-hoy-toda-navarra-aemet-activa-alerta-naranja-zonas-831541-15.html
17225,diariodenavarra.es,https://www.diariodenavarra.es/noticias/navarra/pamplona-comarca/pamplona/2026/08/13/planes-ninos-pamplona-semana-enigmatico-laberinto-fiestas-burlada-noches-cine-831278-17.html
17225,diariodenavarra.es,https://www.diariodenavarra.es/noticias/navarra/2026/08/13/fiestas-navarra-2026-hoy-13-agosto-abarzuza-funes-urroz-villa-uterga-831523-15.html
17225,diariodenavarra.es,https://www.diariodenavarra.es/noticias/navarra/2026/08/12/dos-embalses-navarra-bajan-50-verano-asi-yesa-alloz-eugi-e-itoiz-semana-10-agosto-831396-15.html
17229,governo.it,https://www.governo.it/it
17229,governo.it,https://www.governo.it/it/il-presidente
17229,governo.it,https://www.governo.it/it/governo/meloni/presidente-del-consiglio/giorgia-meloni
17229,governo.it,https://www.governo.it/it/il-governo-funzioni-struttura-e-storia/la-funzione-del-presidente-del-consiglio/188
17237,wenxuecity.com,https://www.wenxuecity.com/include/plugins/big5.php?translate=0
17237,wenxuecity.com,https://www.wenxuecity.com/include/plugins/big5.php?translate=1
17237,wenxuecity.com,https://www.wenxuecity.com/app/
17237,wenxuecity.com,https://www.wenxuecity.com/news/
17256,bonhams.com,https://www.bonhams.com/search/
17256,bonhams.com,https://www.bonhams.com/register/
17256,bonhams.com,https://www.bonhams.com/login/?next=%2F
17256,bonhams.com,https://www.bonhams.com/fr/
17260,contactout.com,https://contactout.com/our-data
17260,contactout.com,https://contactout.com/clients
17260,contactout.com,https://contactout.com/sales-users
17260,contactout.com,https://contactout.com/recruiters
17261,1stdibs.com,https://www.1stdibs.com/favorites/items/
17261,1stdibs.com,https://www.1stdibs.com/my/cart/
17261,1stdibs.com,https://www.1stdibs.com/new-arrivals/
17261,1stdibs.com,https://www.1stdibs.com/furniture/
17276,visme.co,https://www.visme.co/features/
17276,visme.co,https://www.visme.co/presentation-software/
17276,visme.co,https://www.visme.co/professional-document-creator/
17276,visme.co,https://www.visme.co/graph-maker/
17278,kyoto-np.co.jp,https://www.kyoto-np.co.jp/list/weather
17278,kyoto-np.co.jp,https://www.kyoto-np.co.jp/category/editorial
17278,kyoto-np.co.jp,https://www.kyoto-np.co.jp/category/bongo
17278,kyoto-np.co.jp,https://www.kyoto-np.co.jp/list/corporate/price_navi
17303,omnigroup.com,https://www.omnigroup.com/omnifocus
17303,omnigroup.com,https://www.omnigroup.com/omnigraffle
17303,omnigroup.com,https://www.omnigroup.com/omnioutliner
17303,omnigroup.com,https://www.omnigroup.com/omniplan
17305,mobisystems.com,https://mobisystems.com/en-sg
17305,mobisystems.com,https://mobisystems.com/en-sg/mobioffice/
17305,mobisystems.com,https://mobisystems.com/en-sg/mobipdf/
17305,mobisystems.com,https://mobisystems.com/en-sg/mobidrive/
17308,oasis-open.org,https://www.oasis-open.org/member-login-tips/
17308,oasis-open.org,https://www.oasis-open.org/org/
17308,oasis-open.org,https://www.oasis-open.org/org/careers/
17308,oasis-open.org,https://www.oasis-open.org/members/
17324,lavenir.net,https://www.lavenir.net/alertez-nous/
17324,lavenir.net,https://www.lavenir.net/page/abonnement/journal-numerique/
17324,lavenir.net,https://www.lavenir.net/profil/points-de-fidelite/
17324,lavenir.net,https://www.lavenir.net/formulaire/newsletter/
17333,ina.fr,https://www.ina.fr/recherche
17333,ina.fr,https://www.ina.fr/ina-eclaire-actu
17333,ina.fr,https://www.ina.fr/actualites-ina
17333,ina.fr,https://www.ina.fr/offres-et-services
17335,marutisuzuki.com,https://www.marutisuzuki.com/brezza
17335,marutisuzuki.com,https://www.marutisuzuki.com/arena/victoris
17335,marutisuzuki.com,https://www.marutisuzuki.com/arena
17335,marutisuzuki.com,https://www.marutisuzuki.com/genuine-accessories
17351,sportscardspro.com,https://www.sportscardspro.com/market
17351,sportscardspro.com,https://www.sportscardspro.com/sell
17351,sportscardspro.com,https://www.sportscardspro.com/offers
17351,sportscardspro.com,https://www.sportscardspro.com/category/baseball-cards
17355,businessoffashion.com,https://www.businessoffashion.com/subscriptions/packages/
17355,businessoffashion.com,https://www.businessoffashion.com/newsletters/
17355,businessoffashion.com,https://www.businessoffashion.com/latest/
17355,businessoffashion.com,https://www.businessoffashion.com/case-studies/
17362,audiojungle.net,https://audiojungle.net/cart
17362,audiojungle.net,https://audiojungle.net/sign_in
17362,audiojungle.net,https://audiojungle.net/category/all
17362,audiojungle.net,https://audiojungle.net/top-sellers
17365,read.ai,https://www.read.ai/post/read-ai-mcp-adoption-surges-in-launch-phase
17365,read.ai,https://www.read.ai/meeting-reports
17365,read.ai,https://www.read.ai/assistant
17365,read.ai,https://www.read.ai/meeting-tools
17367,azerion.com,https://azerion.com/azerion-fms
17367,azerion.com,https://azerion.com/azerion-sport/
17367,azerion.com,https://www.azerion.com/azerion-intelligence/
17367,azerion.com,https://www.azerion.com/azerion-blog/
17375,tcpshield.com,https://tcpshield.com/plans
17375,tcpshield.com,https://panel.tcpshield.com/register
17375,tcpshield.com,https://panel.tcpshield.com/login
17377,rivm.nl,https://www.rivm.nl/home
17377,rivm.nl,https://www.rivm.nl/onderwerpen
17377,rivm.nl,https://www.rivm.nl/over-het-rivm
17377,rivm.nl,https://www.rivm.nl/publicatieoverzicht
17384,kyivindependent.com,https://store.kyivindependent.com/collections/old-patterns-new-stories-vyshyvanka-collection?utm_source=top-notch&utm_medium=main-site&utm_campaign=old-patterns-jul
17384,kyivindependent.com,https://kyivindependent.com/newsletters/
17384,kyivindependent.com,https://kyivindependent.com/about/
17384,kyivindependent.com,https://kyivindependent.com/team/
17390,locondo.jp,https://www.locondo.jp/shop/contents/entry_coupon260811
17390,locondo.jp,https://www.locondo.jp/shop/contents/closed_infomation_2026.html
17390,locondo.jp,https://www.locondo.jp/shop/contents/information_260717
17390,locondo.jp,https://www.locondo.jp/shop/
17394,macpaw.com,https://macpaw.com/store
17394,macpaw.com,https://macpaw.com/support
17394,macpaw.com,https://macpaw.com/about
17394,macpaw.com,https://macpaw.com/blog
17398,daangn.com,https://daangn.com/kr/
17398,daangn.com,https://daangn.com/kr/buy-sell/s/?search=%EC%97%90%EC%96%B4%EC%BB%A8
17398,daangn.com,https://daangn.com/kr/local-profile/?search=%EC%97%90%EC%96%B4%EC%BB%A8%EC%B2%AD%EC%86%8C
17398,daangn.com,https://daangn.com/kr/buy-sell/s/?search=%EB%85%B8%ED%8A%B8%EB%B6%81
17399,engageforce.net,https://www.engagelab.com/app-push
17399,engageforce.net,https://www.engagelab.com/web-push
17399,engageforce.net,https://www.engagelab.com/email
17399,engageforce.net,https://www.engagelab.com/sms
17433,housecallpro.com,https://pro.housecallpro.com/pro/log_in
17433,housecallpro.com,https://www.housecallpro.com/features/drive-sales/
17433,housecallpro.com,https://www.housecallpro.com/features/review-management-software/
17433,housecallpro.com,https://www.housecallpro.com/features/websites/
17472,rsms.me,https://rsms.me/about/
17472,rsms.me,https://rsms.me/projects/
17472,rsms.me,https://rsms.me/work/
17472,rsms.me,https://rsms.me/photos/
17475,epic.com,https://www.epic.com/software/
17475,epic.com,https://www.epic.com/epic/newsroom/
17475,epic.com,https://www.epic.com/about/
17475,epic.com,https://www.epic.com/epic/post/the-epic-almanac-volume-4/
17476,storyreel.life,https://storyreel.life/dramas
17476,storyreel.life,https://storyreel.life/fandom
17476,storyreel.life,https://storyreel.life/search
17476,storyreel.life,https://storyreel.life/udrama
17479,adocean.pl,https://adocean-global.com/pl/
17479,adocean.pl,https://adocean-global.com/en/
17479,adocean.pl,https://adocean-global.com/pl/product/benefits/
17479,adocean.pl,https://adocean-global.com/pl/product/features/
17485,ihead.ru,https://www.ihead.ru/contacts/
17485,ihead.ru,https://www.ihead.ru/map.html
17485,ihead.ru,https://www.ihead.ru/users/registration.html
17485,ihead.ru,https://www.ihead.ru/users/forgot.html
17499,thecrimson.com,https://www.thecrimson.com/section/news/
17499,thecrimson.com,https://www.thecrimson.com/section/opinion/
17499,thecrimson.com,https://www.thecrimson.com/section/arts/
17499,thecrimson.com,https://www.thecrimson.com/flyby/
17500,eventbrite.de,https://www.eventbrite.de/signin/signup?referrer=%2Fmytickets
17500,eventbrite.de,https://www.eventbrite.de/signin/
17500,eventbrite.de,https://www.eventbrite.de/d/local/events/
17500,eventbrite.de,https://www.eventbrite.de/l/sell-tickets/
17505,nic.digital,https://identity.digital/registrar
17505,nic.digital,https://identity.digital/registry
17505,nic.digital,https://identity.digital/reseller
17505,nic.digital,https://identity.digital/company
17533,okmeter.io,https://okmeter.io/example
17533,okmeter.io,https://okmeter.io/user/login/
17533,okmeter.io,https://okmeter.io/user/signup/
17533,okmeter.io,https://okmeter.io/i/integrations/nginx-monitoring
17534,contently.com,https://contently.com/platform/
17534,contently.com,https://contently.com/talent-network/
17534,contently.com,https://contently.com/platform/talent-api/
17534,contently.com,https://contently.com/platform/ai-studio/
17539,daft.ie,https://www.daft.ie/property-for-sale/ireland
17539,daft.ie,https://www.daft.ie/property-for-sale/ireland/houses
17539,daft.ie,https://www.daft.ie/property-for-sale/ireland/apartments
17539,daft.ie,https://www.daft.ie/property-for-sale/ireland?offersEnabledDisabled=true
17548,anaplan.com,https://www.anaplan.com/webinars/ai-at-the-core/
17548,anaplan.com,https://www.anaplan.com/jp/
17548,anaplan.com,https://www.anaplan.com/fr/
17548,anaplan.com,https://www.anaplan.com/de/
17565,lrytas.lt,https://www.lrytas.lt/orai
17565,lrytas.lt,https://www.lrytas.lt/gyvenimo-budas/horoskopai
17565,lrytas.lt,https://www.lrytas.lt/tvprograma
17565,lrytas.lt,https://www.lrytas.lt/english
17569,uni-graz.at,https://www.uni-graz.at/en/
17569,uni-graz.at,https://www.uni-graz.at/de/openidconnect?tx_openidconnect=login&tx_openidconnect_redirecturi=https%3A%2F%2Fwww.uni-graz.at%2Fde%2F&cHash=9d8a7f0157c30044c474455e7ef18b00
17569,uni-graz.at,https://www.uni-graz.at/de/universitaet/die-uni-graz-im-portrait/leitbild-und-mission-statement-uni-graz/
17569,uni-graz.at,https://www.uni-graz.at/de/universitaet/die-uni-graz-im-portrait/
17570,canadianwebhosting.com,https://canadianwebhosting.com/client/cart/
17570,canadianwebhosting.com,https://canadianwebhosting.com/login
17570,canadianwebhosting.com,https://canadianwebhosting.com/company/about
17570,canadianwebhosting.com,https://canadianwebhosting.com/company/canadian-data-centres
17588,rqch.ru,https://rqchat.ru/blog/
17588,rqch.ru,https://rqchat.ru/register/
17588,rqch.ru,https://rqchat.ru/cabinet/
17588,rqch.ru,https://rqchat.ru/privacy/
17591,getintopc.com,https://getintopc.com/all-software-categories/
17591,getintopc.com,https://getintopc.com/softwares/operating-systems/
17591,getintopc.com,https://getintopc.com/softwares/3d-cad/
17591,getintopc.com,https://getintopc.com/softwares/graphic-design/
17598,cnn.co.jp,https://www.cnn.co.jp/topic/
17598,cnn.co.jp,https://www.cnn.co.jp/topic/donald-trump/
17598,cnn.co.jp,https://www.cnn.co.jp/topic/iran/
17598,cnn.co.jp,https://www.cnn.co.jp/topic/ukraine/
17602,icai.org,https://www.icai.org/category/overview
17602,icai.org,https://www.icai.org/category/about-icai
17602,icai.org,https://www.icai.org/category/the-council
17602,icai.org,https://www.icai.org/category/network
17613,bkm.com.tr,https://bkm.com.tr/tr
17613,bkm.com.tr,https://bkm.com.tr/en
17613,bkm.com.tr,https://bkm.com.tr/bkm-hakkinda/
17613,bkm.com.tr,https://bkm.com.tr/urunler-ve-hizmetler/
17614,xtime.com,https://xtime.com/blog/whats-new/
17614,xtime.com,https://xtime.com/request-demo/
17614,xtime.com,https://xtime.com/solutions/
17614,xtime.com,https://xtime.com/solutions/invite/
17620,dialoguecorp.com,https://www.dialogue.co/en/
17620,dialoguecorp.com,https://www.dialogue.co/en/integrated-health-platform
17620,dialoguecorp.com,https://www.dialogue.co/en/why-dialogue
17620,dialoguecorp.com,https://www.dialogue.co/en/our-clients
17622,6abc.com,https://6abc.com/watch/live/
17622,6abc.com,https://6abc.com/philadelphia/
17622,6abc.com,https://6abc.com/pennsylvania/
17622,6abc.com,https://6abc.com/new-jersey/
17623,xiecheng.com,https://flights.ctrip.com/online/channel/domestic
17623,xiecheng.com,https://flights.ctrip.com/fuzzysearch/search
17623,xiecheng.com,https://flights.ctrip.com/actualtime/search?newpchpheader=1
17623,xiecheng.com,https://m.ctrip.com/webapp/flight/postservice/iframes/index.html?type=bookseat&newpchpheader=1
17636,sph.com.sg,https://www.sph.com.sg/advertising-solutions/
17636,sph.com.sg,https://www.sph.com.sg/our-brands/news/
17636,sph.com.sg,https://www.sph.com.sg/our-brands/
17636,sph.com.sg,https://www.sph.com.sg/official-domains/
17646,hacettepe.edu.tr,https://bidb.hacettepe.edu.tr/erisilebilirlik/
17646,hacettepe.edu.tr,https://hacettepe.edu.tr/hakkinda/arama
17646,hacettepe.edu.tr,https://bidb.hacettepe.edu.tr/tr/e-posta
17646,hacettepe.edu.tr,https://hacettepe.edu.tr/hakkinda/iletisim
17653,roberthalf.com,https://www.roberthalf.com/us/en/jobs
17653,roberthalf.com,https://www.roberthalf.com/us/en/find-jobs/upload-resume
17653,roberthalf.com,https://www.roberthalf.com/us/en/find-jobs/job-alerts
17653,roberthalf.com,https://www.roberthalf.com/us/en/find-jobs/partner
17657,doxyatlas.com,https://doxyatlas.com/go/antibiotics/
17657,doxyatlas.com,https://doxyatlas.com/doxycycline/
17657,doxyatlas.com,https://doxyatlas.com/doxycycline-uses/
17657,doxyatlas.com,https://doxyatlas.com/doxycycline-dosage/
17671,rtbsystem.com,https://rtbsystem.com/terms-of-service.html
17671,rtbsystem.com,https://rtbsystem.com/privacy.html
17694,inquisitr.com,https://www.inquisitr.com/news/
17694,inquisitr.com,https://www.inquisitr.com/politics/
17694,inquisitr.com,https://www.inquisitr.com/human-interest/
17694,inquisitr.com,https://www.inquisitr.com/crime/
17700,lacuerda.net,https://acordes.lacuerda.net/tabs/a/
17700,lacuerda.net,https://acordes.lacuerda.net/tabs/b/
17700,lacuerda.net,https://acordes.lacuerda.net/tabs/c/
17700,lacuerda.net,https://acordes.lacuerda.net/tabs/d/
17707,cdn77.eu,https://www.cdn77.com/products
17707,cdn77.eu,https://www.cdn77.com/products/content-delivery-network-services
17707,cdn77.eu,https://www.cdn77.com/products/cloud-computing
17707,cdn77.eu,https://www.cdn77.com/products/media-processing-services
17712,imweb.me,https://imweb.me/features
17712,imweb.me,https://imweb.me/global_shopping
17712,imweb.me,https://imweb.me/appstore
17712,imweb.me,https://imweb.me/theme
17721,wheelofnames.com,https://wheelofnames.com/how-to-use-in-the-classroom
17721,wheelofnames.com,https://wheelofnames.com/user-reviews-and-tutorials
17721,wheelofnames.com,https://wheelofnames.com/privacy-policy
17721,wheelofnames.com,https://wheelofnames.com/streaming
17733,directoalpaladar.com,https://www.directoalpaladar.com/recetas-especiales/cada-viernes-tu-correo
17733,directoalpaladar.com,https://www.directoalpaladar.com/categoria/postres
17733,directoalpaladar.com,https://www.directoalpaladar.com/categoria/viajes
17733,directoalpaladar.com,https://www.directoalpaladar.com/categoria/seleccion
17741,poperblocker.com,https://poperblocker.com/chrome/
17741,poperblocker.com,https://poperblocker.com/edge/
17741,poperblocker.com,https://poperblocker.com/android/
17741,poperblocker.com,https://poperblocker.com/popup-blocker/
17743,icoremail.net,http://mail.icoremail.net/clientoption.html
17752,icc-cpi.int,https://www.icc-cpi.int/fr
17752,icc-cpi.int,https://www.icc-cpi.int/about
17752,icc-cpi.int,https://www.icc-cpi.int/about/the-court
17752,icc-cpi.int,https://www.icc-cpi.int/about/how-the-court-works
17756,agrarheute.com,https://www.agrarheute.com/wetter
17756,agrarheute.com,https://www.agrarheute.com/plus
17756,agrarheute.com,https://www.agrarheute.com/newsletteranmeldung
17756,agrarheute.com,https://www.agrarheute.com/heftarchiv
17758,mgronline.com,https://mgronline.com/uptodate/start=0
17758,mgronline.com,https://mgronline.com/south
17758,mgronline.com,https://mgronline.com/local
17758,mgronline.com,https://mgronline.com/onlinesection
17784,skrill.com,https://www.skrill.com/en/transfer-money/
17784,skrill.com,https://www.skrill.com/en/transfer-money/international-money-transfers/
17784,skrill.com,https://www.skrill.com/en/transfer-money/receive-money/
17784,skrill.com,https://www.skrill.com/en/how-to-send-money/
17792,washu.edu,https://washu.edu/admission-aid/
17792,washu.edu,https://washu.edu/visit/
17792,washu.edu,https://washu.edu/academics/
17792,washu.edu,https://washu.edu/academics/academic-degrees-and-programs/
17832,polygon.technology,https://polygon.technology/open-money-stack
17832,polygon.technology,https://polygon.technology/polygon-pos
17832,polygon.technology,https://polygon.technology/trails
17832,polygon.technology,https://polygon.technology/wallets
17838,alpaca.markets,https://alpaca.markets/mcp-server
17838,alpaca.markets,https://alpaca.markets/broker
17838,alpaca.markets,https://alpaca.markets/broker-resources
17838,alpaca.markets,https://docs.alpaca.markets/docs/about-broker-api
17845,elonara.com.au,https://www.elonara.com.au/about-elonara-electrical-solutions/
17845,elonara.com.au,https://www.elonara.com.au/service-capabilities/
17845,elonara.com.au,https://www.elonara.com.au/our-projects/
17845,elonara.com.au,https://www.elonara.com.au/contact-elonara/
17858,sreality.cz,https://www.sreality.cz/hledani
17858,sreality.cz,https://www.sreality.cz/hledani/byty
17858,sreality.cz,https://www.sreality.cz/hledani/domy
17858,sreality.cz,https://www.sreality.cz/hledani/pozemky
17864,opb.org,https://www.opb.org/give/
17864,opb.org,https://www.opb.org/about/
17864,opb.org,https://www.opb.org/heat/
17864,opb.org,https://www.opb.org/wildfires/
17880,flashscore.co.uk,https://www.flashscore.co.uk/news/
17880,flashscore.co.uk,https://www.flashscore.co.uk/favourites/
17880,flashscore.co.uk,https://www.flashscore.co.uk/tennis/
17880,flashscore.co.uk,https://www.flashscore.co.uk/basketball/
17918,talentlms.com,https://www.talentlms.com/platform
17918,talentlms.com,https://www.talentlms.com/talentcards
17918,talentlms.com,https://www.talentlms.com/efrontlearning
17918,talentlms.com,https://www.talentlms.com/talenthr
17920,scamadviser.com,https://www.scamadviser.com/de/home
17920,scamadviser.com,https://www.scamadviser.com/home
17920,scamadviser.com,https://www.scamadviser.com/es/home
17920,scamadviser.com,https://www.scamadviser.com/fr/home
17927,mystnodes.com,https://www.mystnodes.com/about-us
17927,mystnodes.com,https://www.mystnodes.com/download-node
17927,mystnodes.com,https://www.mystnodes.com/refer-a-friend
17927,mystnodes.com,https://www.mystnodes.com/sdk
17944,spotlightstores.com,https://www.spotlightstores.com/en-au/catalogues
17944,spotlightstores.com,https://help.spotlightstores.com/hc/en-au/categories/10582541239439
17944,spotlightstores.com,https://help.spotlightstores.com/hc/en-au
17944,spotlightstores.com,https://www.spotlightstores.com/en-au/
17956,vodafone.com.au,https://www.vodafone.com.au/network
17956,vodafone.com.au,https://www.vodafone.com.au/mobile/international-roaming
17956,vodafone.com.au,https://www.vodafone.com.au/ticket
17967,repl.co,https://replit.com/agent4
17967,repl.co,https://replit.com/products/agent
17967,repl.co,https://replit.com/design
17967,repl.co,https://replit.com/products/database
17968,securityweek.com,https://www.securityweek.com/category/malware-cyber-threats/
17968,securityweek.com,https://www.securityweek.com/category/cyberwarfare/
17968,securityweek.com,https://www.securityweek.com/category/cybercrime/
17968,securityweek.com,https://www.securityweek.com/category/data-breaches/
17969,realmoneygaming.ca,https://realmoneygaming.ca/trustly-casinos/
17969,realmoneygaming.ca,https://realmoneygaming.ca/zimpler-casinos/
17969,realmoneygaming.ca,https://realmoneygaming.ca/neteller-casinos/
17969,realmoneygaming.ca,https://realmoneygaming.ca/idebit-casinos/
17982,fril.jp,https://fril.jp/users/sign_in
17982,fril.jp,https://fril.jp/users/sign_up
17982,fril.jp,https://fril.jp/category
17982,fril.jp,https://fril.jp/brand
17989,render.com,https://render.com/migration-credits
17989,render.com,https://render.com/platform
17989,render.com,https://render.com/workflows
17989,render.com,https://render.com/docs/scaling
17997,arity.com,https://arity.com/solutions/
17997,arity.com,https://arity.com/solutions/arity-audiences/
17997,arity.com,https://arity.com/solutions/arity-iq/
17997,arity.com,https://arity.com/solutions/arity-marketing-platform/
18004,iddaa.com,https://www.iddaa.com/program/futbol
18004,iddaa.com,https://www.iddaa.com/canli-skor/futbol
18004,iddaa.com,https://www.iddaa.com/yazar-yorumlari
18004,iddaa.com,https://www.iddaa.com/populer-bahisler/futbol
18010,evz.ro,https://evz.ro/cdn-cgi/l/email-protection
18010,evz.ro,https://evz.ro/social
18010,evz.ro,https://evz.ro/politica
18010,evz.ro,https://evz.ro/justitie
18016,sportmail.ru,https://sportmail.ru/football/
18016,sportmail.ru,https://sportmail.ru/football-rus-premier/
18016,sportmail.ru,https://sportmail.ru/football-worldcup/
18016,sportmail.ru,https://sportmail.ru/football-rus-first/
18022,cyberlink.com,https://www.cyberlink.com/prog/trial/user-add.do?source=direct&ProductId=411&affid=2581_2104_1123_824_0_ENU
18022,cyberlink.com,https://www.cyberlink.com/products/photodirector-photo-editing-software-365/overview_en_US.html?affid=2581_2104_1123_824_0_ENU
18022,cyberlink.com,https://www.cyberlink.com/products/promeo/features_en_US.html?affid=2581_2034_727_54308_0_ENU
18022,cyberlink.com,https://www.cyberlink.com/products/director-suite/features_en_US.html?affid=2581_2098_728_57217_0_ENU
18025,shanghai.gov.cn,https://www.shanghai.gov.cn/zfkf/index.html
18025,shanghai.gov.cn,https://www.shanghai.gov.cn/nw2315/index.html
18025,shanghai.gov.cn,https://www.shanghai.gov.cn/zhengce/list
18025,shanghai.gov.cn,https://www.shanghai.gov.cn/nw2319/index.html
18039,iacr.org,https://iacr.org/tinfoil.html
18039,iacr.org,https://iacr.org/meetings/
18039,iacr.org,https://iacr.org/meetings/asiacrypt/
18039,iacr.org,https://iacr.org/meetings/crypto/
18042,ielts.org,https://ielts.org/take-a-test
18042,ielts.org,https://ielts.org/take-a-test/why-choose-ielts
18042,ielts.org,https://ielts.org/take-a-test/why-choose-ielts/what-can-ielts-do-for-you
18042,ielts.org,https://ielts.org/take-a-test/why-choose-ielts/ways-to-take-ielts
18048,halowaypoint.com,https://www.halowaypoint.com/halo-infinite
18048,halowaypoint.com,https://www.halowaypoint.com/halo-the-master-chief-collection
18048,halowaypoint.com,https://www.halowaypoint.com/halo-campaign-evolved
18048,halowaypoint.com,https://www.halowaypoint.com/news
18076,arrl.org,https://www.arrl.org/login-instructions
18076,arrl.org,https://www.arrl.org/home
18076,arrl.org,https://www.arrl.org/on-the-air
18076,arrl.org,https://www.arrl.org/licensing-education-training
18090,hoerzu.de,https://www.hoerzu.de/tv-programm/jetzt/
18090,hoerzu.de,https://www.hoerzu.de/tv-programm/
18090,hoerzu.de,https://www.hoerzu.de/tv-programm/22:00/
18090,hoerzu.de,https://www.hoerzu.de/tv-tipps/
18105,mein-schoener-garten.de,https://www.mein-schoener-garten.de/pflanzen
18105,mein-schoener-garten.de,https://www.mein-schoener-garten.de/gartenpraxis
18105,mein-schoener-garten.de,https://www.mein-schoener-garten.de/gartenpraxis/nutzgaerten
18105,mein-schoener-garten.de,https://www.mein-schoener-garten.de/gartenpraxis/ziergaerten
18120,pagbank.com.br,https://pagbank.com.br/para-seu-negocio/maquininhas/moderninha-profit
18120,pagbank.com.br,https://pagbank.com.br/para-seu-negocio/maquininhas/moderninha-smart-2
18120,pagbank.com.br,https://pagbank.com.br/para-seu-negocio/maquininhas/moderninha-pro
18120,pagbank.com.br,https://pagbank.com.br/para-seu-negocio/maquininhas/moderninha-plus-2
18122,newschool.edu,https://www.newschool.edu/about/
18122,newschool.edu,https://www.newschool.edu/about/mission-vision/
18122,newschool.edu,https://www.newschool.edu/Components/Wireframes/TwoColumnWireframe.aspx?pageid=41095
18122,newschool.edu,https://www.newschool.edu/about/history/
18126,geckoterminal.com,https://www.geckoterminal.com/radar
18126,geckoterminal.com,https://www.geckoterminal.com/explore/new-crypto-pools
18126,geckoterminal.com,https://www.geckoterminal.com/category
18126,geckoterminal.com,https://www.geckoterminal.com/chain-rankings
18137,wendys.com,https://www.wendys.com/en-gb
18137,wendys.com,https://uklocations.wendys.com/search
18137,wendys.com,https://www.wendys.com/en-gb/delivery-uk
18137,wendys.com,https://www.wendys.com/en-gb/menu/our-menu
18143,clickondetroit.com,https://www.clickondetroit.com/weather/
18143,clickondetroit.com,https://www.clickondetroit.com/insider/?ref=/homepage&reg_prompt=header_insider_button
18143,clickondetroit.com,https://www.clickondetroit.com/news/
18143,clickondetroit.com,https://www.clickondetroit.com/live/
18147,riseup.net,https://riseup.net/en
18147,riseup.net,https://riseup.net/donate
18147,riseup.net,https://riseup.net/vpn
18147,riseup.net,https://riseup.net/en/email
18150,tokyvideo.com,https://www.tokyvideo.com/login
18150,tokyvideo.com,https://www.tokyvideo.com/signup
18150,tokyvideo.com,https://www.tokyvideo.com/trends
18150,tokyvideo.com,https://www.tokyvideo.com/current-topics
18151,simontokx.tv,https://simontokx.tv/bokep-vip
18151,simontokx.tv,https://simontokx.tv/asiansex
18151,simontokx.tv,https://simontokx.tv/javlist
18151,simontokx.tv,https://simontokx.tv/movie-barat
18155,redmine.org,https://www.redmine.org/login
18155,redmine.org,https://www.redmine.org/account/register
18155,redmine.org,https://www.redmine.org/projects
18155,redmine.org,https://www.redmine.org/guide
18160,telkomuniversity.ac.id,https://telkomuniversity.ac.id/direktori/
18160,telkomuniversity.ac.id,https://telkomuniversity.ac.id/berita-terkini/
18160,telkomuniversity.ac.id,https://telkomuniversity.ac.id/download/
18160,telkomuniversity.ac.id,https://telkomuniversity.ac.id/buletin/
18162,brunel.ac.uk,https://www.brunel.ac.uk/alumni
18162,brunel.ac.uk,https://www.brunel.ac.uk/research/spotlight
18162,brunel.ac.uk,https://www.brunel.ac.uk/study/courses?courseLevel=0%2F2%2F24%2F28%2F872
18162,brunel.ac.uk,https://www.brunel.ac.uk/clearing
18173,bark.com,https://www.bark.com/en/gb/
18173,bark.com,https://www.bark.com/en/gb/services/
18173,bark.com,https://www.bark.com/en/gb/pet-grooming/
18173,bark.com,https://www.bark.com/en/gb/dog-training/
18179,monsido.com,https://www.acquia.com/search
18179,monsido.com,https://profile.acquia.com/identity/
18179,monsido.com,https://id.acquia.com/signin/register?client_id=0oadknubzgAyEwxhx4h7&redirect_uri=https%3A//profile.acquia.com/login/callback&response_type=code&state=PLgLfwnaMGLnN92TRdcqNvQLECNa4UzRdaQHKlNiq3qGj9tyfCUpa
18179,monsido.com,https://www.acquia.com/fr
18187,lite-host.in,https://lite.llc/services
18187,lite-host.in,https://lite.llc/hosting/dlya-razrabotchikov
18187,lite-host.in,https://lite.llc/hosting/dlya-biznesa
18187,lite-host.in,https://lite.llc/hosting/educational
18194,forgejo.org,https://forgejo.org/docs/latest/
18194,forgejo.org,https://forgejo.org/news/
18194,forgejo.org,https://forgejo.org/releases/
18194,forgejo.org,https://forgejo.org/faq/
18243,piktochart.com,https://piktochart.com/ai-presentation-maker?ref=homepage_top_strip
18243,piktochart.com,https://piktochart.com/visual/
18243,piktochart.com,https://piktochart.com/video-editor/
18243,piktochart.com,https://piktochart.com/ai-design-generator/
18247,nbcdfw.com,https://www.nbcdfw.com/news/local/
18247,nbcdfw.com,https://www.nbcdfw.com/weather/
18247,nbcdfw.com,https://www.nbcdfw.com/news/local/how-to-watch-dallas-fort-worth-news-weather-live-free/3601500/
18247,nbcdfw.com,https://www.nbcdfw.com/news/nbc-5-responds/
18250,pirelli.com,https://www.pirelli.com/global/en-ww/homepage/
18250,pirelli.com,https://www.pirelli.com/global/en-ww/facebook-newsletter/
18250,pirelli.com,https://www.pirelli.com/global/it-it/homepage/
18250,pirelli.com,https://www.pirelli.com/global/es-es/homepage/
18269,melbetegypt.com,https://melbet-165146.top/en
18269,melbetegypt.com,https://melbet-165146.top/en/registration
18269,melbetegypt.com,https://melbet-165146.top/en/top-events/international
18269,melbetegypt.com,https://melbet-165146.top/en/top-sports/cricket
18282,twz.com,https://www.twz.com/latest
18282,twz.com,https://www.twz.com/category/news-features
18282,twz.com,https://www.twz.com/category/artificial-intelligence
18282,twz.com,https://www.twz.com/category/bunker-talk
18291,instyle.de,https://www.instyle.de/shop-ai
18291,instyle.de,https://www.instyle.de/fashion
18291,instyle.de,https://www.instyle.de/beauty
18291,instyle.de,https://www.instyle.de/lifestyle/stars-royals
18302,aawsat.com,https://aawsat.com/home/page/105316
18302,aawsat.com,https://aawsat.com/files/pdf/issue17425//index.html
18302,aawsat.com,https://aawsat.com/home/page/105306
18302,aawsat.com,https://aawsat.com/%D8%A7%D9%84%D8%B4%D8%B1%D9%82-%D8%A7%D9%84%D8%A3%D9%88%D8%B3%D8%B7
18309,bna.com.ar,https://bna.com.ar/Institucional/Sucursales
18309,bna.com.ar,https://bna.com.ar/Personas
18309,bna.com.ar,https://bna.com.ar/Personas/CuentaNacion
18309,bna.com.ar,https://bna.com.ar/Personas/CajasDeAhorros
18315,pokefarm.com,https://pokefarm.com/review
18315,pokefarm.com,https://pokefarm.com/review/user/Stormblaze:
18315,pokefarm.com,https://pokefarm.com/review/user/catlover95
18315,pokefarm.com,https://pokefarm.com/review/user/kazii
18320,mezmo.com,https://www.mezmo.com/blog/aura-in-practice-real-world-use-cases-for-production-ai-agent-infrastructure
18320,mezmo.com,https://www.mezmo.com/aura
18320,mezmo.com,https://www.mezmo.com/platform/agentic-sre
18320,mezmo.com,https://www.mezmo.com/platform/active-telemetry
18329,animevost.org,https://animevost.org/index.php?do=lostpassword
18329,animevost.org,https://animevost.org/index.php?do=register
18329,animevost.org,https://animevost.org/zhanr/
18329,animevost.org,https://animevost.org/zhanr/boyevyye-iskusstva/
18335,dorzeczy.pl,https://dorzeczy.pl/kraj
18335,dorzeczy.pl,https://dorzeczy.pl/swiat
18335,dorzeczy.pl,https://dorzeczy.pl/opinie
18335,dorzeczy.pl,https://dorzeczy.pl/wideo
18349,trustedform.com,https://activeprospect.com/trustedform/
18349,trustedform.com,https://activeprospect.com/leadconduit/
18349,trustedform.com,https://activeprospect.com/suppressionlist/
18349,trustedform.com,https://activeprospect.com/trustedform/certify/
18372,neu.edu,https://www.northeastern.edu/admissions/
18372,neu.edu,https://graduate.northeastern.edu/admissions-information/how-to-apply/the-process
18372,neu.edu,https://law.northeastern.edu/admissions/
18372,neu.edu,https://www.northeastern.edu/orientation/
18374,scotusblog.com,https://www.scotusblog.com/cases/
18374,scotusblog.com,https://www.scotusblog.com/statistics/
18374,scotusblog.com,https://www.scotusblog.com/calendar/
18374,scotusblog.com,https://www.scotusblog.com/justices/
18377,reelshort.com,https://www.reelshort.com/fandom
18377,reelshort.com,https://www.reelshort.com/episodes/episode-1-the-luna-s-second-choice-6a0ac84fb7d7d2bfe20421a5-d4dz9noypp?play_time=1
18377,reelshort.com,https://www.reelshort.com/episodes/episode-1-brides-in-smoke-6a3d1836ade141bc9d0a7026-4rmcf018wh?play_time=1
18377,reelshort.com,https://www.reelshort.com/episodes/episode-1-my-brothers-begged-but-i-m-the-dragon-s-queen-6a2270e74a210587e3084099-ro1bj89raq?play_time=1
18379,wovn.io,https://wovn.io/about
18379,wovn.io,https://wovn.io/suite-web/
18379,wovn.io,https://mx.wovn.io/product/detail
18379,wovn.io,https://wovn.io/suite-app/
18380,zip.co,https://zip.co/about-zip
18380,zip.co,https://zip.co/careers
18380,zip.co,https://zip.co/investors
18380,zip.co,https://zip.co/investors/news
18381,theartnewspaper.com,https://www.theartnewspaper.com/newsletter-subscription
18381,theartnewspaper.com,https://www.theartnewspaper.com/subscriptions
18381,theartnewspaper.com,https://www.theartnewspaper.com/keywords/art-market
18381,theartnewspaper.com,https://www.theartnewspaper.com/keywords/museums-and-heritage
18384,n8n.cloud,https://n8n.io/features/
18384,n8n.cloud,https://n8n.io/integrations/
18384,n8n.cloud,https://n8n.io/workflows/
18384,n8n.cloud,https://n8n.io/ai/
18391,portal6.com.br,https://portal6.com.br/ultimas/
18391,portal6.com.br,https://portal6.com.br/categoria/cotidiano/goiania/
18391,portal6.com.br,https://portal6.com.br/categoria/cotidiano/anapolis/
18391,portal6.com.br,https://portal6.com.br/categoria/cotidiano/interior/
18420,biltema.se,https://www.biltema.se/om-biltema/kundservice/kopinformation/kop-och-hamta/
18420,biltema.se,https://www.biltema.se/om-biltema/kundservice/tjanster-och-service/biltemas-app/
18420,biltema.se,https://www.biltema.se/om-biltema/kundservice/tjanster-och-service/mitt-biltema-info/
18420,biltema.se,https://www.biltema.se/en-se/
18424,lipetsknews.ru,https://lipetsknews.ru/novosti-rossii
18424,lipetsknews.ru,https://lipetsknews.ru/novosti-regiona
18424,lipetsknews.ru,https://lipetsknews.ru/tags/Incidents
18424,lipetsknews.ru,https://lipetsknews.ru/tags/Goroskop
18430,merchantos.com,https://www.lightspeedhq.com/pos/retail/
18430,merchantos.com,https://www.lightspeedhq.com/pos/retail/apparel/
18430,merchantos.com,https://www.lightspeedhq.com/pos/retail/bike-shop/
18430,merchantos.com,https://www.lightspeedhq.com/pos/retail/cbd-pos/
18433,cirquedusoleil.com,https://www.cirquedusoleil.com/about-us
18433,cirquedusoleil.com,https://www.cirquedusoleil.com/newsletter
18433,cirquedusoleil.com,https://www.cirquedusoleil.com/contact-us
18433,cirquedusoleil.com,https://www.cirquedusoleil.com/group
18444,dhm.de,https://www.dhm.de/journal
18444,dhm.de,https://www.dhm.de/lemo/
18444,dhm.de,https://www.dhm.de/museum/ueber-uns/dokumentationszentrum-zweiter-weltkrieg-und-deutsche-besatzung-in-europa/
18444,dhm.de,https://www.dhm.de/zeughauskino/
18445,nabu.de,https://www.nabu.de/presse/
18445,nabu.de,https://www.nabu.de/wir-ueber-uns/infothek/
18445,nabu.de,https://www.nabu.de/modules/newsletter/
18445,nabu.de,https://www.nabu.de/wir-ueber-uns/index.html
18448,nanoreview.net,https://nanoreview.net/en/phone-compare
18448,nanoreview.net,https://nanoreview.net/en/laptop-compare
18448,nanoreview.net,https://nanoreview.net/en/cpu-compare
18448,nanoreview.net,https://nanoreview.net/en/gpu-compare
18451,intesasanpaolo.com,https://www.intesasanpaolo.com/content/vetrina/it/common/footer/cookies.html
18451,intesasanpaolo.com,https://group.intesasanpaolo.com/en/
18451,intesasanpaolo.com,https://group.intesasanpaolo.com/it/careers
18451,intesasanpaolo.com,https://group.intesasanpaolo.com/it/sala-stampa
18461,isaca.org,https://www.isaca.org/store2
18461,isaca.org,https://www.isaca.org/store2/cart
18461,isaca.org,https://www.isaca.org/login
18461,isaca.org,https://www.isaca.org/credentialing
18477,textexpander.com,https://textexpander.com/get-started
18477,textexpander.com,https://textexpander.com/ai-solutions
18477,textexpander.com,https://textexpander.com/what-is-textexpander
18477,textexpander.com,https://textexpander.com/whats-new
18482,wakacje.pl,https://www.wakacje.pl/pomoc/
18482,wakacje.pl,https://www.wakacje.pl/biuro-podrozy/
18482,wakacje.pl,https://www.wakacje.pl/magazyn/
18482,wakacje.pl,https://www.wakacje.pl/lastminute/
18484,variomedia.de,https://www.variomedia.de/support/kontakt/
18484,variomedia.de,https://www.variomedia.de/support/
18484,variomedia.de,https://www.variomedia.de/ueber-uns/
18484,variomedia.de,https://www.variomedia.de/jobs/
18494,sinarharian.com.my,https://www.sinarharian.com.my/premium
18494,sinarharian.com.my,https://www.sinarharian.com.my/premium-signup
18494,sinarharian.com.my,https://www.sinarharian.com.my/e-paper
18494,sinarharian.com.my,https://www.sinarharian.com.my/product-page
18500,wsbtv.com,https://www.wsbtv.com/contributor/
18500,wsbtv.com,https://www.wsbtv.com/news/
18500,wsbtv.com,https://www.wsbtv.com/news/consumer/
18500,wsbtv.com,https://www.wsbtv.com/news/local/
18531,cftc.gov,https://www.cftc.gov/Transparency/index.htm
18531,cftc.gov,https://www.cftc.gov/Contact/index.htm
18531,cftc.gov,https://www.cftc.gov/RSS/index.htm
18531,cftc.gov,https://www.cftc.gov/exit/index.htm?https://www.facebook.com/cftcgov
18542,voetbalprimeur.nl,https://www.voetbalprimeur.nl/wedstrijden
18542,voetbalprimeur.nl,https://www.voetbalprimeur.nl/competities
18542,voetbalprimeur.nl,https://www.voetbalprimeur.nl/nieuws/transfernieuws
18542,voetbalprimeur.nl,https://www.voetbalprimeur.nl/pagina/voetbal-vandaag
18554,skoda-auto.com,https://www.skoda-auto.com/models/range/peaq
18554,skoda-auto.com,https://www.skoda-auto.com/models/range/epiq
18554,skoda-auto.com,https://www.skoda-auto.com/world/vision-o
18554,skoda-auto.com,https://www.skoda-auto.com/emobility/emobility
18557,ironman.com,https://www.ironman.com/races
18557,ironman.com,https://www.ironman.com/race-finder
18557,ironman.com,https://www.ironman.com/races?facet%5B0%5D=race%3AIRONMAN
18557,ironman.com,https://www.ironman.com/races?facet%5B0%5D=race%3AIRONMAN%2070.3
18567,datazoom.io,https://www.datazoom.io/cart
18567,datazoom.io,https://www.datazoom.io/vst
18567,datazoom.io,https://www.datazoom.io/contact
18567,datazoom.io,https://www.datazoom.io/roi-analysis
18572,asiaone.com,https://www.asiaone.com/singapore-national-day-ndp-2026
18572,asiaone.com,https://www.asiaone.com/lite
18572,asiaone.com,https://www.asiaone.com/showbiz
18572,asiaone.com,https://www.asiaone.com/lifestyle
18573,feedspot.com,https://www.feedspot.com/rss-reader?_src=topnav_product_hp
18573,feedspot.com,https://mcd.feedspot.com/media-contact-database/category?_src=fs_hp_logo_dropdown_mcd
18573,feedspot.com,https://www.feedspot.com/publisher?_src=topnav_product_hp
18573,feedspot.com,https://www.feedspot.com/reader/
18585,investor.gov,https://www.investor.gov/about-us
18585,investor.gov,https://www.investor.gov/contact-us
18585,investor.gov,https://www.investor.gov/follow-us
18585,investor.gov,https://www.investor.gov/introduction-investing/investing-basics/glossary
18587,ptb.de,https://www.ptb.de/cms/?contrast=1
18587,ptb.de,https://www.ptb.de/cms/meta/gebaerdensprache.html
18587,ptb.de,https://www.ptb.de/cms/meta/leichte-sprache.html
18587,ptb.de,https://www.ptb.de/cms/meta/barrierefreiheit.html
18606,netcraze.ru,https://netcraze.ru/ru
18606,netcraze.ru,https://netcraze.ru/ru/products
18606,netcraze.ru,https://netcraze.ru/ru/shops
18606,netcraze.ru,https://netcraze.ru/ru/legal
18609,wurmz.net,https://wurmz.net/semua-komik
18609,wurmz.net,https://wurmz.net/populer
18609,wurmz.net,https://wurmz.net/komunitas
18609,wurmz.net,https://wurmz.net/bookmark
18626,halykbank.kz,https://halykbank.kz/kz
18626,halykbank.kz,https://halykbank.kz/kz/business
18626,halykbank.kz,https://halykbank.kz/kz/halykclub/page/halyk-club
18626,halykbank.kz,https://halykbank.kz/kz/knowledge_base
18628,healthdata.org,https://www.healthdata.org/about/contact-us
18628,healthdata.org,https://www.healthdata.org/search-research
18628,healthdata.org,https://www.healthdata.org/about/giving-ihme
18628,healthdata.org,https://www.healthdata.org/es
18653,cubicmotion.com,https://www.3lateral.com/about-us
18653,cubicmotion.com,https://www.3lateral.com/services
18653,cubicmotion.com,https://www.3lateral.com/portfolio
18653,cubicmotion.com,https://www.3lateral.com/community
18660,callsign.com,https://www.callsign.com/digital-trust-index
18660,callsign.com,https://www.callsign.com/news
18660,callsign.com,https://www.callsign.com/knowledge-insights
18660,callsign.com,https://www.callsign.com/events
18666,creditsafe.com,https://www.creditsafe.com/cs/en.html
18666,creditsafe.com,https://www.creditsafe.com/cs/en/about-us/about-creditsafe/our-locations.html
18666,creditsafe.com,https://www.creditsafe.com/cs/en.html?sp=true
18666,creditsafe.com,https://www.creditsafe.com/global/en.html?sp=true
18679,escardio.org,https://www.escardio.org/Search?scope=Escardio
18679,escardio.org,https://www.escardio.org/Saml/InitiateSingleSignOn?returnUrl=https%3A%2F%2Fwww.escardio.org%2F
18679,escardio.org,https://www.escardio.org/news/
18679,escardio.org,https://www.escardio.org/membership/
18683,payermax.com,https://www.payermax.com/products/global-acquiring
18683,payermax.com,https://www.payermax.com/solutions/game
18683,payermax.com,https://www.payermax.com/about/company
18683,payermax.com,https://www.payermax.com/contact/
18687,zf.com,https://www.zf.com/mobile/en/homepage/homepage.html
18687,zf.com,https://www.zf.com/mobile/en/technologies/iaa_transportation/iaa_transportation.html
18687,zf.com,https://www.zf.com/mobile/en/technologies/technologies.html
18687,zf.com,https://www.zf.com/mobile/en/products/products.html
18694,marketbeat.com,https://www.marketbeat.com/all-access/
18694,marketbeat.com,https://www.marketbeat.com/all-access/live-news/
18694,marketbeat.com,https://www.marketbeat.com/manage/momentum-alerts/
18694,marketbeat.com,https://www.marketbeat.com/all-access/idea-engine/
18702,nodesource.com,https://nodesource.com/products/nsolid/overview
18702,nodesource.com,https://nodesource.com/products/copilot
18702,nodesource.com,https://nodesource.com/products/runtime
18702,nodesource.com,https://nodesource.com/products/nsolid/devtools
18707,manga-starz.net,https://manga-starz.net/login/
18707,manga-starz.net,https://manga-starz.net/manga/
18707,manga-starz.net,https://manga-starz.net/solve/
18707,manga-starz.net,https://manga-starz.net/installapp/
18716,eleconomista.com.mx,https://www.eleconomista.com.mx/mediakit/
18716,eleconomista.com.mx,https://suscripciones.eleconomista.com.mx/SuscripcionesOnline/Default.aspx
18716,eleconomista.com.mx,https://www.eleconomista.com.mx/buscar/
18716,eleconomista.com.mx,https://suscripcion.eleconomista.com.mx/id/login
18739,fahorro.com,https://www.fahorro.com/control-de-peso.html
18739,fahorro.com,https://www.fahorro.com/find-a-store.html
18739,fahorro.com,https://www.fahorro.com/facturacion/
18739,fahorro.com,https://www.fahorro.com/customer/account/login/
18740,uv.mx,https://www.uv.mx/agenda/
18740,uv.mx,https://www.uv.mx/ofertaeducativa/
18740,uv.mx,https://www.uv.mx/veracruz/
18740,uv.mx,https://www.uv.mx/orizaba/
18741,maastrichtuniversity.nl,https://www.maastrichtuniversity.nl/nl
18741,maastrichtuniversity.nl,https://www.maastrichtuniversity.nl/my-um
18741,maastrichtuniversity.nl,https://www.maastrichtuniversity.nl/education
18741,maastrichtuniversity.nl,https://www.maastrichtuniversity.nl/study/programmes
18749,sorbonne-universite.fr,https://www.sorbonne-universite.fr/en
18749,sorbonne-universite.fr,https://www.sorbonne-universite.fr/formation-et-vie-etudiante
18749,sorbonne-universite.fr,https://www.sorbonne-universite.fr/formation-et-vie-etudiante/les-grands-projets-de-formation
18749,sorbonne-universite.fr,https://www.sorbonne-universite.fr/formation-et-vie-etudiante/les-grands-projets-de-formation/limpact-et-lattractivite-des-formations
18754,xml-sitemaps.com,https://www.xml-sitemaps.com/about-us.html
18754,xml-sitemaps.com,https://www.xml-sitemaps.com/standalone-google-sitemap-generator.html
18754,xml-sitemaps.com,https://www.xml-sitemaps.com/seo-tools.html
18754,xml-sitemaps.com,https://www.xml-sitemaps.com/testimonials.html
18762,timotxt.com,https://www.timotxt.com/bookstack/
18762,timotxt.com,https://www.timotxt.com/shudan/
18762,timotxt.com,https://www.timotxt.com/ranking.html
18762,timotxt.com,https://www.timotxt.com/shelf/list/
18781,isi.edu,https://www.isi.edu/directory/
18781,isi.edu,https://www.isi.edu/events/
18781,isi.edu,https://www.isi.edu/newsroom/
18781,isi.edu,https://www.isi.edu/about/
18789,riverside.com,https://riverside.com/recording
18789,riverside.com,https://riverside.com/video-editor
18789,riverside.com,https://riverside.com/livestream
18789,riverside.com,https://riverside.com/use-cases/webinars
18794,f6s.com,https://www.f6s.com/terms
18794,f6s.com,https://www.f6s.com/privacy-policy
18794,f6s.com,https://www.f6s.com/data-security
18794,f6s.com,https://www.f6s.com/cookie-policy
18819,redhandsvid.com,https://redhandsvid.com/lang/en
18819,redhandsvid.com,https://redhandsvid.com/lang/ru
18819,redhandsvid.com,https://redhandsvid.com/lang/de
18819,redhandsvid.com,https://redhandsvid.com/lang/fr
18829,jamf.com,https://www.jamf.com/events/jamf-nation-user-conference/2026/overview/
18829,jamf.com,https://www.jamf.com/search/
18829,jamf.com,https://www.jamf.com/de/
18829,jamf.com,https://www.jamf.com/fr/
18831,courrierinternational.com,https://www.courrierinternational.com/recherche
18831,courrierinternational.com,https://www.courrierinternational.com/page/newsletters
18831,courrierinternational.com,https://secure.courrierinternational.com/sfuser/connexion?redirectionUrl=https://www.courrierinternational.com/
18831,courrierinternational.com,https://www.courrierinternational.com/magazine/2026/1867-magazine
18835,elysee.fr,https://www.elysee.fr/toutes-les-actualites
18835,elysee.fr,https://www.elysee.fr/emmanuel-macron/2026/08/12/disparition-de-dominique-libault
18835,elysee.fr,https://www.elysee.fr/emmanuel-macron/2026/08/07/disparition-de-didier-decoin
18835,elysee.fr,https://www.elysee.fr/emmanuel-macron/2026/08/04/disparition-de-kavinsky
18838,solitairebliss.com,https://www.solitairebliss.com/spider-solitaire
18838,solitairebliss.com,https://www.solitairebliss.com/freecell
18838,solitairebliss.com,https://www.solitairebliss.com/blog
18838,solitairebliss.com,https://www.solitairebliss.com/guides
18840,glia.com,https://www.glia.com/ai-call-center-financial-institutions
18840,glia.com,https://www.glia.com/ai-powered-after-hours-banking-support
18840,glia.com,https://www.glia.com/online-mobile-banking-support
18840,glia.com,https://www.glia.com/spanish-language-support
18861,hypr.com,https://www.hypr.com/resources/report-state-of-passwordless
18861,hypr.com,https://www.hypr.com/company/media-kit
18861,hypr.com,https://www.hypr.com/platform
18861,hypr.com,https://www.hypr.com/platform/hypr-authenticate-passwordless-mfa
18873,sophi.io,https://www.mathereconomics.com/about-sophi/
18873,sophi.io,https://www.mathereconomics.com/sophi-paywall/
18873,sophi.io,https://www.mathereconomics.com/mather-activation-platform/
18873,sophi.io,https://www.mathereconomics.com/elevate-your-strategic-planning/
18886,mistplay.com,https://www.mistplay.com/blog
18886,mistplay.com,https://support.mistplay.com/hc/en-us
18886,mistplay.com,https://support.mistplay.com/hc/en-us/categories/115000216153-FAQ
18886,mistplay.com,https://www.mistplay.com/blog/games-like-among-us
18887,newsmemory.com,https://www.newsmemory.com/eedition/
18887,newsmemory.com,https://www.newsmemory.com/eedition/e-publishing-solutions/
18887,newsmemory.com,https://www.newsmemory.com/eedition/digital-replica/
18887,newsmemory.com,https://www.newsmemory.com/eedition/e-publishing-solutions/2-in-one-app/
18894,lovart.ai,https://www.lovart.ai/explore
18894,lovart.ai,https://www.lovart.ai/pricing
18894,lovart.ai,https://www.lovart.ai/designers
18894,lovart.ai,https://www.lovart.ai/marketers
18913,zenbusiness.com,https://www.zenbusiness.com/login/
18913,zenbusiness.com,https://www.zenbusiness.com/llc/
18913,zenbusiness.com,https://www.zenbusiness.com/pricing-s-corporation/
18913,zenbusiness.com,https://www.zenbusiness.com/pricing-incorporation/
18934,cubecraft.net,https://help.cubecraft.net/en/article/15kob0/
18934,cubecraft.net,https://www.cubecraft.net/forums/
18934,cubecraft.net,https://www.cubecraft.net/members/
18934,cubecraft.net,https://www.cubecraft.net/members/list/
18943,eatthis.com,https://www.eatthis.com/tag/news/
18943,eatthis.com,https://www.eatthis.com/healthy-eating/
18943,eatthis.com,https://www.eatthis.com/supermarkets/
18943,eatthis.com,https://www.eatthis.com/weight-loss/
18949,signalhire.com,https://www.signalhire.com/database
18949,signalhire.com,https://www.signalhire.com/extension
18949,signalhire.com,https://www.signalhire.com/api
18949,signalhire.com,https://www.signalhire.com/email-sequences
18950,lynda.com,https://www.linkedin.com/learning?trk=homepage-learning_nav-header-logo
18950,lynda.com,https://www.linkedin.com/learning-login/?redirect=%2Flearning%2F%3FupsellOrderOrigin%3Dlynda_redirect_learning&upsellOrderOrigin=lynda_redirect_learning&fromSignIn=true&trk=homepage-learning_nav-header-signin
18950,lynda.com,https://www.linkedin.com/learning/browse?upsellOrderOrigin=lynda_redirect_learning
18950,lynda.com,https://www.linkedin.com/learning/courses?upsellOrderOrigin=lynda_redirect_learning
18972,lassuranceretraite.fr,https://www.lassuranceretraite.fr/portail-info/hors-menu/autre/questions-frequentes.html
18972,lassuranceretraite.fr,https://www.lassuranceretraite.fr/portail-info/hors-menu/footer/contacts.html
18972,lassuranceretraite.fr,https://www.lassuranceretraite.fr/portail-info/nous-connaitre.html
18972,lassuranceretraite.fr,https://www.lassuranceretraite.fr/portail-info/entreprise.html
18975,thewaltdisneycompany.com,https://thewaltdisneycompany.com/about/
18975,thewaltdisneycompany.com,https://investors.thewaltdisneycompany.com/news/default.aspx
18975,thewaltdisneycompany.com,https://investors.thewaltdisneycompany.com/events-and-presentations/default.aspx
18975,thewaltdisneycompany.com,https://investors.thewaltdisneycompany.com/financials/quarterly-results/default.aspx
19001,gitter.im,https://gitter.im/docs
19001,gitter.im,https://blog.gitter.im/2023/02/13/gitter-has-fully-migrated-to-matrix/
19001,gitter.im,https://gitter.im/airbnb
19001,gitter.im,https://gitter.im/aws
19019,nbcmiami.com,https://www.nbcmiami.com/news/local/
19019,nbcmiami.com,https://www.nbcmiami.com/weather/
19019,nbcmiami.com,https://www.nbcmiami.com/videos/
19019,nbcmiami.com,https://www.nbcmiami.com/on-your-side/
19024,continental.com,https://www.continental.com/en/
19024,continental.com,https://www.continental.com/en/country-selector/
19024,continental.com,https://www.continental.com/de/
19024,continental.com,https://www.continental.com/en/investors/reports-presentations/
19027,investorgain.com,https://www.investorgain.com/report/ipo-gmp-live/331/
19027,investorgain.com,https://www.investorgain.com/report/ipo-subscription-live/333/all/
19027,investorgain.com,https://www.investorgain.com/report/watch-live-ipo-event-calendar/554/
19027,investorgain.com,https://www.investorgain.com/ipo-dashboard/mainline/
19028,channeladvisor.com,https://go.rithum.com/Gartner-Reprint-Which-Consumers-Will-Embrace-Agentic-Commerce.html
19028,channeladvisor.com,https://www.rithum.com/products/
19028,channeladvisor.com,https://www.rithum.com/products/brands/marketplace-listings/
19028,channeladvisor.com,https://www.rithum.com/products/brands/inventory-management/
19038,unipin.com,https://www.unipin.com/language/ur
19038,unipin.com,https://www.unipin.com/region/BN
19038,unipin.com,https://www.unipin.com/region/KH
19038,unipin.com,https://www.unipin.com/region/ID
19046,nanocosmos.de,https://www.nanocosmos.net/platform/nanostudio-chroma/
19046,nanocosmos.de,https://www.nanocosmos.net/platform/
19046,nanocosmos.de,https://www.nanocosmos.net/platform/nanostream/
19046,nanocosmos.de,https://www.nanocosmos.net/pricing/
19053,akzonobel.com,https://www.akzonobel.com/en/countries
19053,akzonobel.com,https://www.akzonobel.com/en
19053,akzonobel.com,https://www.akzonobel.com/en/about-us
19053,akzonobel.com,https://www.akzonobel.com/en/about-us/annual-report
19079,macaro-ni.jp,https://macaro-ni.jp/trend
19079,macaro-ni.jp,https://macaro-ni.jp/category/recipe
19079,macaro-ni.jp,https://macaro-ni.jp/movie
19079,macaro-ni.jp,https://macaro-ni.jp/category/gourmet
19090,terrikon.com,https://terrikon.com/uk/
19090,terrikon.com,https://terrikon.com/en/
19090,terrikon.com,https://terrikon.com/football/
19090,terrikon.com,https://terrikon.com/football/online
19096,nova.bg,https://nova.bg/news/view/2017/07/19/188946/%D0%B1%D1%8A%D0%B4%D0%B5%D1%82%D0%B5-%D1%81-nova-%D0%BF%D1%80%D0%B5%D0%B7-%D1%86%D0%B5%D0%BB%D0%B8%D1%8F-%D0%B4%D0%B5%D0%BD/
19096,nova.bg,https://nova.bg/news/view/2017/09/13/193603/%D0%B1%D1%8A%D0%B4%D0%B5%D1%82%D0%B5-%D1%81-nova-%D0%BF%D1%80%D0%B5%D0%B7-%D1%86%D0%B5%D0%BB%D0%B8%D1%8F-%D0%B4%D0%B5%D0%BD/
19096,nova.bg,https://nova.bg/news
19096,nova.bg,https://nova.bg/schedule
19104,trino-casino.com,https://trino-casino.com/app/
19104,trino-casino.com,https://trino-casino.com/bonus/
19104,trino-casino.com,https://trino-casino.com/login/
19104,trino-casino.com,https://trino-casino.com/responsible-gaming/
19114,plusline.net,https://www.plusline.net/it-outsourcing/
19114,plusline.net,https://www.plusline.net/managed-hosting/
19114,plusline.net,https://www.plusline.net/corporate-networks-internet/
19114,plusline.net,https://www.plusline.net/karriere/
19115,clubic.com,https://www.clubic.com/antivirus-securite-informatique/vpn/article-844220-1-comparatif-vpn.html
19115,clubic.com,https://www.clubic.com/antivirus-securite-informatique/vpn/best-pick-18094-vpn-gratuit-quel-est-le-meilleur-vpn-pour-pc-en-2021-.html
19115,clubic.com,https://www.clubic.com/antivirus-securite-informatique/vpn/article-873078-1-cours-meilleur-vpn-gratuit-iphone.html
19115,clubic.com,https://www.clubic.com/antivirus-securite-informatique/vpn/article-872063-1-meilleur-vpn-gratuit-android.html
19122,brawlstars.com,https://supercell.com/en/
19122,brawlstars.com,https://supercell.com/en/games/
19122,brawlstars.com,https://squadbusters.supercell.com/en/
19122,brawlstars.com,https://supercell.com/en/games/brawlstars/
19124,manheim.com,https://www.manheim.com/status
19124,manheim.com,https://site.manheim.com/en/locations/public-auctions.html
19134,shueisha.co.jp,https://www.shueisha.co.jp/company/information/
19134,shueisha.co.jp,https://www.shueisha.co.jp/company/topmessage/
19134,shueisha.co.jp,https://www.shueisha.co.jp/history/
19134,shueisha.co.jp,https://www.shueisha.co.jp/company/csr/
19138,mathplayground.com,https://www.mathplayground.com/math-games.html
19138,mathplayground.com,https://www.mathplayground.com/wordproblems.html
19138,mathplayground.com,https://www.mathplayground.com/logic-games.html
19138,mathplayground.com,https://www.mathplayground.com/brain-boosts.html
19148,ai.google,https://ai.google/products/
19148,ai.google,https://ai.google/build/
19148,ai.google,https://ai.google/research/
19148,ai.google,https://ai.google/health/
19153,ixdf.org,https://ixdf.org/why-learn-design-with-ixdf
19153,ixdf.org,https://ixdf.org/reviews
19153,ixdf.org,https://ixdf.org/about
19153,ixdf.org,https://ixdf.org/about/contact
19157,mozdev.org,https://www.mozilla.org/en-US/privacy/websites/cookie-settings/
19157,mozdev.org,https://www.mozilla.org/en-US/
19157,mozdev.org,https://www.mozilla.org/en-US/products/
19157,mozdev.org,https://www.mozilla.org/en-US/products/vpn/
19164,dream-singles.com,https://www.dream-singles.com/google
19164,dream-singles.com,https://www.dream-singles.com/forgotPassword
19164,dream-singles.com,https://www.dream-singles.com/dating-login.php
19164,dream-singles.com,https://www.dream-singles.com/login
19172,thetv.jp,https://thetv.jp/news/
19172,thetv.jp,https://thetv.jp/news/drama/
19172,thetv.jp,https://thetv.jp/news/variety/
19172,thetv.jp,https://thetv.jp/news/movie/
19179,iii.org,https://www.iii.org/login
19179,iii.org,https://www.iii.org/membership
19179,iii.org,https://www.iii.org/article/state-of-the-state-louisiana
19179,iii.org,https://www.iii.org/blog/balancing-data-privacy-with-modern-risk
19182,chatib.us,https://www.chatib.us/user/guest
19182,chatib.us,https://www.chatib.us/user/member
19182,chatib.us,https://www.chatib.us/user/signup_form
19182,chatib.us,https://blog.chatib.us/online-chats/10-online-dating-conversation-tips-to-keep-the-chat-going/
19206,clicks.co.za,https://clicks.co.za/clubCardPage
19206,clicks.co.za,https://clicks.co.za/health
19206,clicks.co.za,https://clicks.co.za/beauty-blog
19206,clicks.co.za,https://clicks.co.za/register/registerCustomer
19208,playok.com,https://www.playok.com/en/
19208,playok.com,https://www.playok.com/en/tournaments/
19208,playok.com,https://www.playok.com/en/chess/
19208,playok.com,https://www.playok.com/en/reversi/
19213,badische-zeitung.de,https://www.badische-zeitung.de/podcasts
19213,badische-zeitung.de,https://www.badische-zeitung.de/kontakt
19213,badische-zeitung.de,https://www.badische-zeitung.de/meine-bz
19213,badische-zeitung.de,https://www.badische-zeitung.de/ezeitung?cn=abo-digi-ezeitung
19217,0lin.com,https://0lin.com/index.html
19217,0lin.com,https://0lin.com/terms.html
19217,0lin.com,https://0lin.com/privacy.html
19223,unu.im,https://unu.im/account/login
19223,unu.im,https://unu.im/account/register
19223,unu.im,https://unu.im/work
19223,unu.im,https://unu.im/services/comments-for-site
19225,nox.ru,https://www.nox.ru/download/gnezdo-logo.ai
19225,nox.ru,https://www.nox.ru/download/NatiScope.ai
19225,nox.ru,https://www.nox.ru/download/2xRead.ai
19230,eurostar.com,https://www.eurostar.com/rw-en
19230,eurostar.com,https://www.eurostar.com/rw-en/travel-info/your-trip/eurostar-app
19230,eurostar.com,https://www.eurostar.com/login/en/password-reset?market=rw-en
19230,eurostar.com,https://www.eurostar.com/rw-en/club-eurostar
19242,alfajertv.com,https://alfajertv.com/privacy-policy-3
19242,alfajertv.com,https://alfajertv.com/category/news
19242,alfajertv.com,https://alfajertv.com/category/news/sportsnews
19242,alfajertv.com,https://alfajertv.com/category/news/fajernews
19245,gigahost.dk,https://gigahost.dk/index
19245,gigahost.dk,https://gigahost.dk/order
19245,gigahost.dk,https://gigahost.dk/domains
19245,gigahost.dk,https://gigahost.dk/features
19246,sierra.chat,https://sierra.ai/blog/introducing-voice-personas
19246,sierra.chat,https://sierra.ai/customers
19246,sierra.chat,https://sierra.ai/learn-more
19246,sierra.chat,https://sierra.ai/login
19270,fc-zenit.ru,https://fc-zenit.ru/academy/
19270,fc-zenit.ru,https://tickets.fc-zenit.ru/football/tickets/?utm_source=site-fcz&utm_medium=tech_link&utm_campaign=button_tickets
19270,fc-zenit.ru,https://fc-zenit.ru/club/gazpromarena/
19270,fc-zenit.ru,https://fc-zenit.ru/career/about/
19278,bebesong.com,https://bebesong.com/category/popular
19278,bebesong.com,https://bebesong.com/category/dancing
19278,bebesong.com,https://bebesong.com/category/learning
19278,bebesong.com,https://bebesong.com/category/pretend-play
19289,cardplayer.com,https://www.cardplayer.com/poker-tournaments/wsop/1631154-2026-year-57/bracelet-winners
19289,cardplayer.com,https://www.cardplayer.com/rules-of-poker/hand-rankings
19289,cardplayer.com,https://www.cardplayer.com/rules-of-poker/how-to-play-poker
19289,cardplayer.com,https://www.cardplayer.com/rules-of-poker/how-to-play-poker/games/texas-holdem
19296,lumosity.com,https://www.lumosity.com/en/
19296,lumosity.com,https://www.lumosity.com/en/rx/
19296,lumosity.com,https://www.lumosity.com/en/science/
19296,lumosity.com,https://www.lumosity.com/en/brain-games/
19357,synctrack.io,https://synctrack.io/paypal-tracking/
19357,synctrack.io,https://synctrack.io/estimated-delivery-date/
19357,synctrack.io,https://synctrack.io/order-tracking/
19357,synctrack.io,https://synctrack.io/returns-exchanges/
19360,afdb.org,https://www.afdb.org/en/rss-feeds
19360,afdb.org,https://www.afdb.org/en/contacts
19360,afdb.org,https://www.afdb.org/en
19360,afdb.org,https://www.afdb.org/ar
19365,habitaclia.com,https://www.habitaclia.com/hab_usuarios/views/usuario/solicitudes/usuarioSolicitudesContent.asp
19365,habitaclia.com,https://www.habitaclia.com/push
19365,habitaclia.com,https://www.habitaclia.com/hab_usuarios/views/busquedas/busquedasContent.asp
19365,habitaclia.com,https://www.habitaclia.com/favorite
19375,infinity-tracking.com,https://www.infinity.co/uk/contact/support/
19375,infinity-tracking.com,https://www.infinity.co/uk/
19375,infinity-tracking.com,https://www.infinity.co/uk/pricing/
19375,infinity-tracking.com,https://www.infinity.co/uk/contact/book-a-demo
19414,dolby.com,https://www.dolby.com/link/4ffa0602d5264a74ada86648b5555213.aspx
19414,dolby.com,https://www.dolby.com/link/3af106e3b516492fa392c02afdea8b70.aspx
19414,dolby.com,https://www.dolby.com/link/c65c11e80e11434fb09239ffaf9d52ce.aspx
19414,dolby.com,https://www.dolby.com/about/
19415,cloudcovermusic.com,https://cloudcovermusic.com/features/pandora-music-catalog
19415,cloudcovermusic.com,https://cloudcovermusic.com/features/business-stations
19415,cloudcovermusic.com,https://cloudcovermusic.com/features/custom-stations-mixes
19415,cloudcovermusic.com,https://cloudcovermusic.com/services/brandmatch-custom-station-curation
19422,realmoneyslots-mobile.com,https://realmoneyslots-mobile.com/casino-slots-real-money/
19422,realmoneyslots-mobile.com,https://realmoneyslots-mobile.com/spin-money-slots-online/
19422,realmoneyslots-mobile.com,https://realmoneyslots-mobile.com/best-online-casinos-real-money/
19422,realmoneyslots-mobile.com,https://realmoneyslots-mobile.com/payments/
19424,privy.com,https://www.privy.com/contact
19424,privy.com,https://dashboard.privy.com/users/sign_up
19424,privy.com,https://www.privy.com/pricing
19424,privy.com,https://www.privy.com/customers
19428,dhosting.pl,https://dhosting.pl/elastyczny-hosting
19428,dhosting.pl,https://dhosting.pl/start-web-hosting?utm_source=belka&utm_medium=site&utm_campaign=wiosenna_promocja
19428,dhosting.pl,https://dhosting.pl/community/poznaj-cleanbox-nowy-system-antyspamowy-poczty-w-dhosting-pl/
19428,dhosting.pl,https://dhosting.pl/community/
19435,nhathuoclongchau.com.vn,https://nhathuoclongchau.com.vn/gioi-thieu-ung-dung-long-chau
19435,nhathuoclongchau.com.vn,https://nhathuoclongchau.com.vn/gio-hang
19435,nhathuoclongchau.com.vn,https://nhathuoclongchau.com.vn/tim-kiem?s=canxi
19435,nhathuoclongchau.com.vn,https://nhathuoclongchau.com.vn/tim-kiem?s=omega%203
19443,biospace.com,https://www.biospace.com/news
19443,biospace.com,https://www.biospace.com/drug-development
19443,biospace.com,https://www.biospace.com/fda
19443,biospace.com,https://www.biospace.com/drug-delivery
19446,invoicecloud.com,https://invoicecloud.net/service-module
19446,invoicecloud.com,https://invoicecloud.net/payer-support
19446,invoicecloud.com,https://invoicecloud.net/why-invoicecloud
19446,invoicecloud.com,https://invoicecloud.net/implementation-and-technical-support
19450,global-hotspot.ru,https://global-hotspot.ru/cart/
19450,global-hotspot.ru,https://global-hotspot.ru/wifi-%d0%b0%d0%b2%d1%82%d0%be%d1%80%d0%b8%d0%b7%d0%b0%d1%86%d0%b8%d1%8f/
19450,global-hotspot.ru,https://global-hotspot.ru/wi-fi-magnit/
19450,global-hotspot.ru,https://global-hotspot.ru/wi-fi-magnit/oborudovanie-wi-fi-radar/routers/
19478,rehairhub.com,https://rehairhub.com/visit/follicare/
19478,rehairhub.com,https://rehairhub.com/finasteride/
19478,rehairhub.com,https://rehairhub.com/minoxidil/
19478,rehairhub.com,https://rehairhub.com/dutasteride/
19498,rssing.com,https://www.rssing.com/index.php
19498,rssing.com,https://www.rssing.com/account.php?a=lgi&t=%2F%2Fwww.rssing.com%2Findex.php
19498,rssing.com,https://www.rssing.com/account.php
19498,rssing.com,https://www.rssing.com/account.php?a=reg&t=%2F%2Fwww.rssing.com%2Findex.php
19500,clientbase.ru,https://clientbase.ru/about/
19500,clientbase.ru,https://clientbase.ru/about/tables/common_base/
19500,clientbase.ru,https://clientbase.ru/feednews/
19500,clientbase.ru,https://clientbase.ru/clients/
19501,zurnal24.si,https://www.zurnal24.si/users/prijava
19501,zurnal24.si,https://www.zurnal24.si/accounts/facebook/login/
19501,zurnal24.si,https://www.zurnal24.si/slovenija
19501,zurnal24.si,https://www.zurnal24.si/slovenija/intervjuji
19502,irasutoya.com,https://www.irasutoya.com/p/kotsu.html
19502,irasutoya.com,https://www.irasutoya.com/search/label/%E3%83%AA%E3%82%AF%E3%82%A8%E3%82%B9%E3%83%88
19502,irasutoya.com,https://www.irasutoya.com/search/label/%E3%81%93%E3%81%A9%E3%82%82
19502,irasutoya.com,https://www.irasutoya.com/search/label/%E8%81%B7%E6%A5%AD
19503,polki.pl,https://polki.pl/polki-rekomenduja/
19503,polki.pl,https://polki.pl/nasze-akcje/
19503,polki.pl,https://polki.pl/wybieram-siebie/
19503,polki.pl,https://stylzycia.polki.pl/zdrowie/
19504,bmbf.de,https://www.bmftr.bund.de/EN/Home/home_node.html
19504,bmbf.de,https://www.bmftr.bund.de/DE/Ministerium/KarriereUndAusbildung/karriereundausbildung_node.html
19504,bmbf.de,https://www.bmftr.bund.de/DE/Ministerium/Presse/presse_node.html
19504,bmbf.de,https://www.bmftr.bund.de/DE/Services/LeichteSprache/leichtesprache_node.html
19524,buzzsumo.com,https://buzzsumo.com/content-discovery/
19524,buzzsumo.com,https://buzzsumo.com/content-research/
19524,buzzsumo.com,https://buzzsumo.com/find-influencers/
19524,buzzsumo.com,https://buzzsumo.com/monitoring/
19535,banyanops.com,https://banyanops.com/product
19535,banyanops.com,https://banyanops.com/careers
19535,banyanops.com,https://banyanops.com/about
19535,banyanops.com,https://banyanops.com/blog
19536,oklahoma.gov,https://oklahoma.gov/stateagency.html
19536,oklahoma.gov,https://oklahoma.gov/top.html
19536,oklahoma.gov,https://oklahoma.gov/tax
19536,oklahoma.gov,https://oklahoma.gov/service/popular-services/real-id-checklist.html
19538,equidia.fr,https://www.equidia.fr/recherche?utm_source=intern&utm_medium=header_menu&utm_campaign=Home
19538,equidia.fr,https://www.equidia.fr/articles/pour-preparer-vos-paris/faites-le-papier-du-quinte-de-ce-jeudi-13-aout
19538,equidia.fr,https://www.equidia.fr/articles/pour-preparer-vos-paris/les-pronostics-des-experts-pour-la-reunion-1-a-deauville-la-touques-ce-jeudi-13-aout
19538,equidia.fr,https://www.equidia.fr/articles/pour-preparer-vos-paris/les-5-penos-du-jeudi-13-aout
19539,reed.co.uk,https://www.reed.co.uk/courses/?itm_source=js_navigation&itm_medium=jobseeker&itm_campaign=courses_tab&itm_content=standard_version
19539,reed.co.uk,https://www.reed.co.uk/career-advice/
19539,reed.co.uk,https://www.reed.co.uk/recruiter?directjob=recruiter
19539,reed.co.uk,https://www.reed.co.uk/account/signin
19555,ru-tld.ru,https://ru-tld.ru/vse-o-identifikaczii-cherez-gosuslugi-esia-s-1-sentyabrya-2026-goda/
19555,ru-tld.ru,https://ru-tld.ru/ru/
19555,ru-tld.ru,https://ru-tld.ru/en/
19555,ru-tld.ru,https://ru-tld.ru/kak-kupit-domen/
19567,receitasnestle.com.br,https://www.receitasnestle.com.br/cadastro
19567,receitasnestle.com.br,https://www.receitasnestle.com.br/home
19567,receitasnestle.com.br,https://www.receitasnestle.com.br/entrar?destination=/home
19567,receitasnestle.com.br,https://www.receitasnestle.com.br/nossas-receitas
19571,cleanpng.com,https://www.cleanpng.com/free/halloween.html
19571,cleanpng.com,https://www.cleanpng.com/free/back-to-school.html
19571,cleanpng.com,https://www.cleanpng.com/free/teacher.html
19571,cleanpng.com,https://www.cleanpng.com/free/football.html
19578,thecanadianencyclopedia.ca,https://thecanadianencyclopedia.ca/en
19578,thecanadianencyclopedia.ca,https://www.thecanadianencyclopedia.ca/en/browse/people
19578,thecanadianencyclopedia.ca,https://www.thecanadianencyclopedia.ca/en/browse/people/arts-culture
19578,thecanadianencyclopedia.ca,https://www.thecanadianencyclopedia.ca/en/browse/people/business-economics
19584,lagoon.nc,https://www.lagoon.nc/offres/
19584,lagoon.nc,https://www.lagoon.nc/recharges-helia/
19584,lagoon.nc,https://www.lagoon.nc/assistance/
19584,lagoon.nc,https://www.lagoon.nc/contact/
19586,jazz.com.pk,https://jazz.com.pk/explore/media-center
19586,jazz.com.pk,https://jazz.com.pk/sustainability-report/
19586,jazz.com.pk,https://jazz.com.pk/mobile-apps/
19586,jazz.com.pk,https://jazz.com.pk/explore
19592,xh.partners,https://xhtv.today/signup?source=menuSignup
19592,xh.partners,https://xhtv.today/best/weekly
19592,xh.partners,https://xhtv.today/shorts
19592,xh.partners,https://xhtv.today/my/watch-history
19593,shamela.ws,https://shamela.ws/page/contribute
19593,shamela.ws,https://shamela.ws/search
19593,shamela.ws,https://shamela.ws/authors
19593,shamela.ws,https://shamela.ws/page/download
19600,bw-networx.net,https://bw-networx.net/index.php
19600,bw-networx.net,https://bw-networx.net/team.php
19600,bw-networx.net,https://bw-networx.net/impressum.php
19612,mural.co,https://app.mural.co/signup
19612,mural.co,https://www.mural.co/product
19612,mural.co,https://www.mural.co/mural-ai
19612,mural.co,https://www.mural.co/ai/safety-and-regulations
19622,gitkraken.com,https://www.gitkraken.com/summer-sale-2026
19622,gitkraken.com,https://www.gitkraken.com/dev-independence-2026
19622,gitkraken.com,https://www.gitkraken.com/git-client
19622,gitkraken.com,https://www.gitkraken.com/gitlens
19654,videy.design,https://videy.design/watch.php?id=4864
19654,videy.design,https://videy.design/watch.php?id=4863
19654,videy.design,https://videy.design/watch.php?id=4862
19654,videy.design,https://videy.design/watch.php?id=4861
19672,wafid.com,https://wafid.com/en/
19672,wafid.com,https://wafid.com/en/book-appointment/
19672,wafid.com,https://wafid.com/en/search-slip/
19672,wafid.com,https://wafid.com/en/medical-status-search/
19677,handbrake.fr,https://handbrake.fr/news.php
19677,handbrake.fr,https://handbrake.fr/features.php
19677,handbrake.fr,https://handbrake.fr/downloads.php
19677,handbrake.fr,https://handbrake.fr/community.php
19699,asapp.com,https://www.asapp.com/press/asapp-appoints-katie-stein-as-ceo-to-accelerate-ai-transformation-of-the-contact-center
19699,asapp.com,https://www.asapp.com/cxp
19699,asapp.com,https://www.asapp.com/customer-experience-platform/generativeagent
19699,asapp.com,https://www.asapp.com/customer-experience-platform/testing-and-simulation
19713,tr.ee,https://tr.ee/info/what-does-a-short-link-do
19713,tr.ee,https://tr.ee/info/how-do-url-shorteners-work
19713,tr.ee,https://tr.ee/info/how-to-get-a-qr-code-for-a-link
19713,tr.ee,https://tr.ee/info/how-to-shorten-a-url
19734,memrise.com,https://www.memrise.com/id/
19734,memrise.com,https://www.memrise.com/de/
19734,memrise.com,https://www.memrise.com/es/
19734,memrise.com,https://www.memrise.com/es-mx/
19745,lowyat.net,https://www.lowyat.net/news/
19745,lowyat.net,https://www.lowyat.net/lifestyle/
19745,lowyat.net,https://www.lowyat.net/computing/
19745,lowyat.net,https://www.lowyat.net/hardware/
19776,dc.com,https://www.dc.com/characters
19776,dc.com,https://www.dc.com/comics
19776,dc.com,https://www.dc.com/ComicShopLocator
19776,dc.com,https://www.dc.com/movies
19783,citizensbank.com,https://www.citizensbank.com/homepage.aspx
19783,citizensbank.com,https://www.citizensbank.com/es/homepage.aspx
19783,citizensbank.com,https://www.citizensbank.com/customer-service/branch-locator.aspx
19783,citizensbank.com,https://www.citizensbank.com/customer-service/contact-us.aspx
19790,upworthy.com,https://www.upworthy.com/category/culture/
19790,upworthy.com,https://www.upworthy.com/category/family/
19790,upworthy.com,https://www.upworthy.com/category/nature/
19790,upworthy.com,https://www.upworthy.com/category/science/
19792,cert.pl,https://moje.cert.pl/komunikaty/
19792,cert.pl,https://cert.pl/en/
19792,cert.pl,https://cert.pl/szukaj
19792,cert.pl,https://cert.pl/o-nas/
19802,koselarab.plus,https://koselarab.plus/categories/
19802,koselarab.plus,https://koselarab.plus/tags/
19802,koselarab.plus,https://koselarab.plus/category/%d8%b3%d9%83%d8%b3/
19802,koselarab.plus,https://koselarab.plus/category/%d8%b3%d9%83%d8%b3-%d8%b9%d8%b1%d8%a8%d9%8a/
19810,chroniclelive.co.uk,https://www.chroniclelive.co.uk/news/
19810,chroniclelive.co.uk,https://www.chroniclelive.co.uk/all-about/newcastle-united-fc
19810,chroniclelive.co.uk,https://www.chroniclelive.co.uk/whats-on/
19810,chroniclelive.co.uk,https://www.chroniclelive.co.uk/advertising/
19811,peopleperhour.com,https://www.peopleperhour.com/services
19811,peopleperhour.com,https://www.peopleperhour.com/hire-freelancers
19811,peopleperhour.com,https://www.peopleperhour.com/freelance-jobs
19811,peopleperhour.com,https://www.peopleperhour.com/how-it-works
19821,101.ru,https://101.ru/main/radio
19821,101.ru,https://101.ru/radio-top
19821,101.ru,https://101.ru/mood
19821,101.ru,https://101.ru/personal-top
19823,opalstack.com,https://opalstack.com/blog/
19823,opalstack.com,https://my.opalstack.com/api/v1/doc/
19823,opalstack.com,https://opalstack.com/affiliates.html
19823,opalstack.com,https://my.opalstack.com/signup/
19829,dkimwl.org,https://dkimwl.org/lookup
19829,dkimwl.org,https://dkimwl.org/usage
19829,dkimwl.org,https://dkimwl.org/report
19829,dkimwl.org,https://dkimwl.org/login
19847,indriya.com,https://www.indriya.com/blog
19847,indriya.com,https://www.indriya.com/gold-exchange
19847,indriya.com,https://www.indriya.com/gold-rate-today
19847,indriya.com,https://www.indriya.com/indriya-bejewelled
19860,ecovacs.com,https://www.ecovacs.com/global
19860,ecovacs.com,https://www.ecovacs.com/global/deebot-robotic-vacuum-cleaner
19860,ecovacs.com,https://www.ecovacs.com/global/winbot-window-cleaning-robot
19860,ecovacs.com,https://www.ecovacs.com/global/goat-robotic-lawn-mower
19870,omicsonline.org,https://www.omicsonline.org/register.php
19870,omicsonline.org,https://www.omicsonline.org/sitemap.php
19870,omicsonline.org,https://www.omicsonline.org/contact.php
19870,omicsonline.org,https://www.omicsonline.org/open-access-journals-recommendation-PubMedCentral-Indexing.php
19871,refersion.com,https://www.refersion.com/product/
19871,refersion.com,https://www.refersion.com/platform/attribution-and-first-party-tracking/
19871,refersion.com,https://www.refersion.com/platform/affiliate-discovery/
19871,refersion.com,https://www.refersion.com/platform/marketplace/
19894,uni-osnabrueck.de,https://www.uni-osnabrueck.de/loginlogout
19894,uni-osnabrueck.de,https://www.uni-osnabrueck.de/kontakt
19894,uni-osnabrueck.de,https://www.uni-osnabrueck.de/fb1
19894,uni-osnabrueck.de,https://www.uni-osnabrueck.de/fb3
19908,in-pocasi.cz,https://www.in-pocasi.cz/aktualni-pocasi/
19908,in-pocasi.cz,https://www.in-pocasi.cz/predpoved-pocasi/
19908,in-pocasi.cz,https://www.in-pocasi.cz/model/
19908,in-pocasi.cz,https://www.in-pocasi.cz/stavy-rek/
19912,vpweb.com,https://www.vistaprint.com/accessibility
19912,vpweb.com,https://www.vistaprint.com/customer-care/help-center/
19914,reedsy.com,https://reedsy.com/studio
19914,reedsy.com,https://reedsy.com/learning
19914,reedsy.com,https://reedsy.com/discovery
19914,reedsy.com,https://reedsy.com/creative-writing-prompts
19930,mp3party.net,https://mp3party.net/users/sign_up
19930,mp3party.net,https://mp3party.net/users/sign_in
19930,mp3party.net,https://mp3party.net/nova7
19930,mp3party.net,https://mp3party.net/pop-music
19940,soti.net,https://soti.net/products/soti-one-platform/
19940,soti.net,https://soti.net/products/soti-mobicontrol/
19940,soti.net,https://soti.net/products/soti-xsight/
19940,soti.net,https://soti.net/products/soti-snap/
19961,cursorinfo.co.il,https://cursorinfo.co.il/israel-news/
19961,cursorinfo.co.il,https://cursorinfo.co.il/world-news/
19961,cursorinfo.co.il,https://cursorinfo.co.il/cis-news/
19961,cursorinfo.co.il,https://cursorinfo.co.il/incidents/
19962,macrium.com,https://www.macrium.com/business-products
19962,macrium.com,https://www.macrium.com/products/home
19962,macrium.com,https://www.macrium.com/products/business
19962,macrium.com,https://www.macrium.com/reflectfree
19963,insided.com,https://www.gainsight.com/resource/demo/
19963,insided.com,https://www.gainsight.com/customer-communities/?gsfrom=insided
19963,insided.com,https://www.gainsight.com/pricing/
19963,insided.com,https://www.gainsight.com/customers/
19979,my1.ru,https://www.ucoz.ru/pricing/
