987232,sfcrm.ru
79955,lbjzh2940637fafa.com
567131,autoczesciexpert.pl
500892,konsulterna.nu
55400,socialworkers.org
135050,grosbill.com
733379,viniou.es
732058,complete-computers.net
51334,caritas.de
731480,hentaitokyo.com
399759,global-ic.kr
401398,roundcubeplus.com
855486,kzfaq.info
858885,s666plus.net
503248,idrivee2-56.com
864742,morphisto.at
35033,evolv.ai
995704,13jlmmm.com
376762,keliweb.org
811354,panenggworks.com
577746,krungsriauto.com
659807,sheep.chat
219340,alaskanmals.ru
979756,1win-ysae.com
625692,schloesserland-sachsen.de
215340,hungryliononlinelearning.co.za
443418,mthcdn.com
980329,elpulpo.com
336984,silverbettingonline.nl
518813,thompsonlexusdoylestown.com
943379,nextarena.co.uk
2086,mastercard.com
663616,moddex.gg
677815,simummuangonline.com
957738,vegaspress.de
543083,zhikuangfuture.com
529928,logan.org
66337,siteprice.org
272967,entrevue.fr
876376,freedebtcouncil.com
443182,be.gov.ng
38748,pointandplace.com
244519,tageo.com
321942,hdfilmizle.sh
212424,videoskaseros.com
684488,ausff.com.au
460022,ccc.org.co
330798,bmvbs.de
820288,rtpvg123gg3.com
934969,hotel-icon.com
878903,paradisesgarage.com
507015,realplaza.com
63469,e-boks.com
568671,rehmanntechnologysolutions.com
855772,belgbc.by
606373,kontera.com
358901,era-online.org
178393,pickthebrain.com
921915,centro.co.uk
348366,atalanda.com
377483,hockeyfrance.com
44793,speedycdn.space
690928,southland.com.au
50314,cafonline.org
780882,genteflow.vip
18959,ostrovok.ru
804704,muthoottu.com
8986,pussyspace.net
99902,saraswatbank.com
655319,coredrive.nl
224929,ccla.org
926626,kr.fr
67899,bauhaus.at
68879,teamcoco.com
904485,letusreason.org
244300,bidmediarun.top
912238,slotpath390.de
803685,motasaindonesia.co.id
444937,iserverhost.net
895959,xxter.com
858829,papajohns.ltd
575348,take-it.org
464017,designeyeweargroup.com
196830,tai.com.tr
309024,kipa.org
347382,leanpath.com
310805,nexway.store
837524,vip777b8.com
268241,lewencui.com
366138,booksurfcamps.com
449597,flashupenergy.ru
586918,freshvipplus.com
980754,strategoswat.net
51663,cnx-software.com
892874,cakcr.co.kr
576799,350m.casino
480867,chezcora.com
550671,onebullex.com
584292,hannoversche-volksbank.de
362132,videos-uploader.com
33320,meduniwien.ac.at
215538,jfe219.com
126315,emailable.com
460374,baboontothemoon.com
489380,srw.cz
63225,linovelib.com
965340,ici-berlin.org
779636,futofoto.hu
695826,ahyhkj.com.cn
561881,netpagedns.net
279995,whattocooktoday.com
876145,prediksijitutogel.click
571750,whukhost.com
435459,vintektime.com
256148,associates-amazon.com
527944,ghienphimz.media
330302,genesisenergy.co.nz
872560,talence.fr
69255,jeffmalpas.com
678876,dongchendasha.com
275406,nyzslh.com
943252,gjournals.org
587306,dirdelivery.com
889146,sheway.com
379067,saevolgo.com
115772,wessex.cloud
517432,darktv.in
265974,middlehosted.com
675595,hosting1ltd.com
400808,autokacik.pl
565511,247politics.net
100076,channable.com
701083,elektricheskie-rulonnye-shtory.ru
103661,kinogoo.zone
172272,banyuetan.org
331228,myshopblocks.com
259150,krikzz.com
938627,like-s.com
606358,auchan.lu
990307,axa-arag.ch
829830,taxes-refund.co.il
875278,affoutrck.com
256730,sigmasms.ru
246896,hubert.com
40811,ketv.com
314675,vousnousils.fr
20474,ricoh.jp
525061,terme-tuhelj.hr
582947,causeartist.com
881795,hostlab.com.pl
974159,steadyreads.us
422759,ppk-piter.ru
673533,equestra.fr
826661,splatoon-salmonrun.com
733811,ourfathersfamily.com
837316,vigiasdecolombia.co
570267,biopsychiatry.com
6299,sabah.com.tr
996136,529988624.xyz
711525,cqfygzfw.gov.cn
959376,cityofarmaghrfc.com
55071,trinixy.ru
21220,salute.ru
430194,tenngrand.com
992620,elitepages.net
123552,supanet.com
432317,extremadura.com
274637,pmlp.gov.lv
115139,lovean.jp
431447,sustainability.com
92661,api288i.com
450103,arting.ai
348667,solargamingbase.com
344475,artnature.co.jp
483616,urasma.com
508946,gogi.in
481189,dirshu.co.il
441452,forssanlehti.fi
531788,liberation.com
556419,hooshang.ai
973424,eumedicoresidente.com.br
386543,miebo.com
25769,sipuni.com
470129,kayz.com.tr
931865,fotokruse.eu
488470,genegormans.com
200615,shopemmacate.com
694207,savemp4.red
969440,clearjournalnetherlands.nl
802842,mm9.club
98606,laleggepertutti.it
303098,nhplayer.com
765404,cherehaniloans.net
727933,ms-stroy.ru
519049,legalbrokers.eu
538357,hassellstudio.com
442080,intersolve.nl
421034,babehump.com
185499,danubehome.com
62037,instrument.com.cn
26707,goodnewsnetwork.org
178229,g-tun.com
265705,simracingsetup.com
198494,cpge.ac.ma
373299,usflag.org
836406,vanduo.lt
160614,oeffentlicher-dienst-news.de
71973,cosedicasa.com
803049,mobilypay.sa
45679,fastconnection.ink
599915,planejativo.com
352278,allformusic.fr
458904,gazeteipekyol.com
777380,fellowchap.com
841963,yamahacostarica.com
488709,675.cc
360636,ta.com
384369,keifuku.co.jp
194703,dallasarboretum.org
186263,d20srd.org
743972,acyclovirmc.online
768295,cresolcredi.com.br
394961,starcomputacion.com.ar
573358,collaboratif-info.fr
928830,law110.com.tw
852652,kurgan-telecom.net
736363,civa.com.pe
723093,musikrat.de
496376,thefirstmovieontheinter.net
189081,utkarsh.bank
829339,tajir365a.com
414039,pdanet.co
773850,eduware.cloud
199528,construplaza.com
532187,kaisei-group.co.jp
920814,ziosting.cloud
935026,chinoc.net
514450,hardlopen.nl
941566,narkolog-na-dom-samara-5.ru
158993,avtokod.net
995279,casmask.ru
607357,46sp.online
567224,getgrinds.com
924645,axa-bank.com
120647,ifeishe.com
98151,hotelmix.es
740316,biotechxray.net
795487,laju44.online
638309,zgsfj.com
859619,starlimscloud.com
30321,mixmax.com
622550,shpok.cam
27964,tricolor.tv
896188,nhl.nl
528533,quarzelynthix4.com
91198,kiabi.dz
644428,ivcc.edu
361513,ratings.md
705986,callawayownersgroup.com
735053,simbagames.com
15921,riverisland.com
871824,traveltweaks.com
346149,epilot.cloud
597099,kiu.ac.jp
306874,totalmedios.com
909953,medkomtek.com
950087,estrategia4.com.mx
759041,beauty-style.by
462526,icapital.com
662245,herbalmedicineuk.com
696213,hvoya-park.ru
141888,doritosscript.com
604825,cultivatedculture.com
584243,vcol.co.uk
143249,maxmature.com
455702,globalfamilydoctor.com
122339,dealerfire.com
716009,zola.ro
653637,videostreamingworld.com
358748,zee7borns.top
974039,teletoon.com
321780,ernita4dpis.xyz
540479,metaratings.tj
751997,academiaintegra.com
183569,slowly.app
749754,777jaya11.com
568229,brasil121-7429.com.br
119620,99static.com
861635,sporteyes.com
780382,ganitank.com
252027,altec.com
394958,charisma.ua
542973,wvdbozpfc.com
648862,papelrex.com
298013,celebraterecovery.com
285676,rjslotgogo.online
961339,cherrygoldcasino.com
432372,rootpulse.co.uk
307799,bancodelpacifico.com
373281,tmonc.net
648369,evreporter.com
49624,otr.ru
330567,muscdn.app
580404,moodylenses.com
148485,sci-nevada.com
696240,cvetytomsk70.ru
489114,gruponutresa.com
964939,vipmontre.fr
352952,banwave.xyz
214218,careerfixx.com
43275,miruro.tv
762640,bulksmsbd.net
480990,previsora.gov.co
125146,xdevs.games
655617,ourhelpdesk.net
522841,infiniteslotsstudio.com
696591,demolaybrasil.org.br
113388,easycontrol.io
590300,flintk12.com
696608,russcontent.ru
592288,slot900hub.buzz
340742,sportega.sk
184781,axoft.com
723571,playershosting.com
698253,tvzoneuk.com
948561,nextmediazone.nl
487425,navigon.com
326076,crfm.int
778660,footballmanagerproject.com
661040,modxcms.com
684661,peachyhaven.com
13374,blogspot.ru
995316,transgirls.com
259362,futuro.cl
737971,jvm.de
708092,zoosafrica.com
490878,crtdatabase.com
466440,sccm.cn
944952,elos.vc
719757,ubid.com
134217,powerhost.pro
145155,andersenit.dk
527357,dajndasd65.top
652556,w1680.com
792578,kazasu03.com
965855,videosxxxveteranas.com
304683,kapelnicza-ot-pokhmelya-samara-13.ru
902073,hardeman.nl
602845,axa-courtage.fr
813897,playcine-ogn.com
728236,lagofastbooster.ru
630162,huagu.com
789556,jackpotin.live
762142,brekz.be
602328,hpmor.com
858788,smtp.net
385484,yaizu.lg.jp
474812,shop-resa.com
550034,spawnbay.com
573559,pantheonroma.com
329039,newrootsorganics.com
642789,akademiskahus.se
576650,linux-tage.de
578366,trialscentral.com
857349,zs-eg.com
284922,labelamrita.com
13997,indigo.ca
501170,labayh.net
18043,decathlon.cz
292259,svwh.host
3919,vildey.cfd
14063,rubygems.org
817045,quickprousa.com
809182,olaquiz.com
403045,feibajiasu.com
627981,websguardian.com
384263,legaltechnology.com
249055,hbswbyl.com
67299,cnsc.gov.co
339779,newmanu.edu
853199,updatebritmedia.co.uk
171974,ascensionhealth.org
330757,funbridge.com
313680,avena.de
81096,pangobooks.com
82749,stratz.com
139687,subservientghostface.com
489620,paris-friendly.fr
506532,hacklink.org.tr
358724,onlycars.com.au
779455,fun77dewa.com
633778,shopify.plus
183514,iarex.ru
33225,aan.com
567096,fallas.com
819654,roksa.plus
653120,rivierapublishing.id
182396,quantum-techverseopera-ajb.com
52403,prokuror-eao.ru
605878,boom.porn
505603,croner.co.uk
127889,hipenpal.com
84895,okepi.net
58836,savethevideo.com
510617,tatuchkaclub.ru
217161,sa24.app
751172,999ysl.cc
793422,kingdombook9.com
742365,52ezacg.com
423384,nandos.com.au
408081,chargeflow.io
151112,kongjiaxitong.com
337358,jouerenlignefr.org
512477,24vita.de
273908,tessian.com
173547,cellspare.com
763199,cabralmotor.com.br
474534,prado-club.su
96437,unitheme.net
456079,loudporno.com
547704,clearambershop.com
138802,caledonianrecord.com
198506,dinastotoemas.com
387673,bx2200.com
939606,darkx.com
234037,ludwigshafen.de
785556,homend.com.tr
254293,itlos.org
780365,gang.com.br
363264,dnm.ink
136060,antalya-airport.aero
51565,pdfresizer.com
8718,scribehow.com
835420,universityqualifications.co.za
771750,dolina.ua
778959,framigshop.com
864373,gopage.bio
86460,ezmoney.com.tw
257327,rauchfrei-info.de
130278,gbgbet.com
947557,la-prensa.com.mx
182432,dubbindo.site
92377,virbac.com
971066,mygsharp.com
393609,mkcentral.com
105759,browser-sputnik.ru
494035,iface.com
287575,yatarab.com
920624,snowflake.cn
116593,asia77won.com
924239,gewuerze-der-welt.net
305341,caliper.com
57394,myaccountaccess.com
467428,hyper3d.com
752404,adisu.umbria.it
999561,ciberemat.com
340826,bidturox.com
37916,webgains.io
681606,kunitachi.ac.jp
585985,menet.me
918231,mlewallpapers.com
806085,nangilife.com
717037,sadalestikls.lv
649113,grindelwald.swiss
455035,mercedesforum.nl
166474,commonads.co
646513,dancehallarena.com
337831,poland.us
30376,mg8sh1npdm3b.com
64291,uroweb.org
405716,teenpvt.com
139428,vweb.co.za
507443,hobbyfigures.co.uk
132694,orange.cm
936792,mountaineering.ie
513269,algeriaaqar.com
742337,gbcmc.com
721136,biodatasa.com.ar
751314,9l51545o.com
166878,rdit.uk
23286,radiotrek.rv.ua
510045,tijer.org
253944,step2.com
903554,alinari.it
166605,balikesir.edu.tr
158684,arad360.com
395979,telecomx.dk
9955,gharsoaps.shop
855215,cinepicker.com
630092,albianmowers.qpon
761264,bo53eum6.com
108150,shubunk.com
349139,tmall.com.lc
987781,ksrelief.org
804755,mvno.ne.jp
332469,vertexrouletteplus.nl
629265,acredia.com.au
566364,kirasparkle.de
577930,st-ug.ru
1711,w3schools.com
499235,europeanheritageawards.eu
43755,globalwebindex.net
738691,groupintown.it
521181,quicklizard.com
906539,24haubenin.info
988205,akpersintang.ac.id
671355,summitclubstation.com
964598,kinbetoficial-es.com
917989,hfninjas.com
370959,unfe.org
277801,jiuyangongshe.com
775109,eora.it
133718,inguest.com
3727,weborama.fr
107757,enfield.gov.uk
804835,mxrtfqtatq.com
329182,cdncdn.sbs
934075,storytribeapp.com
510677,alarmify.com
949429,zg66.ru
204140,grifon.info
185914,onlinepare.net
942742,artgb1.ru
892519,mobilecaregiverplus.com
324915,gameplusblog.nl
840746,xao7lz.com
583341,candles.org
245762,mexicored.com.mx
863831,retinalphysician.com
241722,mindfulcms.com
590348,vilgain.co.uk
542039,netsupport24.de
980220,grovemusic.com
200079,travessa.com.br
67080,gemini.media
630215,slide2talk.app
651873,bezdepool3.top
171563,levoyageanantes.fr
606024,ruedelacourse.com
446194,midaticket.com
31481,rollout.io
14931,saatchiart.com
913466,theelearningcoach.com
940969,anciens-cols-bleus.net
337638,mechanize.work
23674,ligastavok.tech
720398,nexer-hosting.nl
60541,phileweb.com
422426,0x2a.com.ua
178035,goodolcomics.com
318065,endeavorco.com
960457,billing-pay-page2.com
597280,ibade.org.br
240652,level.ru
860509,orem.org
10465,visitor-analytics.io
880165,mesterfit.com
250557,carbondesignsystem.com
324044,dilutiontracker.com
399197,athleticlift.com
196808,embed69.org
221877,js2k.com
660824,barstow.edu
452448,hareact.eu
90152,dukechronicle.com
144139,indiaexaminfo.co.in
979593,groomie.club
870290,efott.hu
842883,z4h5n1j.com
114136,autodoc.pl
52414,events.com
904744,tradplus.com
407528,prepar3d.com
782232,gomaabura.jp
622143,getappio.com
12974,authy.com
877531,mvverse-inc.com
272356,gisti.org
113373,vexio.ro
122582,pancakeswap.com
812445,pepecore.one
860003,skira.net
943203,greenmarketdirect.nl
167490,infinitynewtab.com
961315,pulseroulettebase.com
647360,appcatcat.com
931205,889993012.xyz
23683,omeda.com
848534,ukjob.co.uk
751502,a57vjcs8p.com
481860,fbappspot.com
23952,shadowserver.org
378209,soundstock.com
868698,scrimsuite.com
546942,lehighvalley.org
901729,myaxa-advisor.com
321779,ernita4donl.online
971149,fhn.gov.az
61677,amnezia.org
169483,adbox.lv
674943,coalstar.ru
416509,gnomesyeuked.com
712239,czwarty-wymiar.pl
92084,svetserialu.to
113068,nl.edu
960561,anglersbay.com
168064,botanicalinterests.com
18093,ai.google
868206,gmwarehousedirect.com
980295,chessgpt.vn
865261,warwickshireonline.com
396639,melissa.my
293541,ahrp.org
96512,haiphong.edu.vn
131553,bristolwest.com
678827,xn--80aanbeohciex.xn--p1ai
313600,promobricks.de
853785,18axas.cn
155553,hzpp.hr
672359,bluerajasurfco.com
661483,cinema.mu
173512,voomisupply.com
993153,porn.mba
817323,racerunning.com.br
74397,icbc.com
33381,trvl-px.com
131915,denomatic.com
921166,bettingfield.co.uk
191116,avacloud.info
169123,jo3.org
58471,dsbcontrol.de
164672,mira.dk
407892,novacloudpoint.nl
224871,internationalsexguide.nl
715677,rentola.sk
179130,hometownfurnitureinc.com
390434,safeliz.com
4417,mycdn.me
250210,stays.net
332271,silverdicezone.nl
476291,roboter-bausatz.de
863785,s4d.ch
982816,eddisons.com
590888,viam.dev
532311,tiranapost.al
160878,itplatforma.com
203287,jobteck.com
489241,arakchi.net
186090,barefoot.com
807089,ng.edu.eg
977289,vavada-goie.top
16248,reservix.de
947798,battert.info
799218,maheejaipur.com
12285,educacion.gob.es
148418,stt.ru
547780,statbase.ru
740547,segurosmiranda.com.ve
977553,thebsa.org.uk
507951,cnewa.org
689412,filu.ro
311168,matita-school.ru
615316,datagate.cloud
625493,doyleit.ca
913276,ccgcastle.com
575895,rollthedicebet.com
194277,epornleak.com
173033,sxkszx.cn
398058,keimling.de
804525,mundo-co.vip
512406,quickonlinetips.com
765525,chileneumaticos.cl
334866,azko.id
381824,myndighetspost.se
311454,icsn.com
340737,dlosdekr1u18msmov51.net
259313,9810.casino
386319,vmeg.ai
21426,project4.pl
328674,girlsinc.org
931748,smtpchile.cl
964907,catlinvita.com
631382,slotsinsightnote.co.uk
460438,sup-4customers.com
181147,isp.org.cn
73341,ta.no
379912,iitrpr.ac.in
311893,cms-carrier.de
300349,equestriancollections.com
695225,ac.com
999030,buzzsneakers.hu
202052,knbiotek.com
686066,michaelbiehn.co.uk
757599,aztecavirtual.com.mx
802211,militantesmpla.org
852975,pathiahub.co.uk
416778,integra.ru
821317,samsonite.com.tr
144346,sardegna-traghetti.com
875800,presetpatch.com
509246,cupsell.pl
602960,bokepcon.org
126000,famfo.xyz
251186,cobar.org
974747,anima.it
312460,laprensaaustral.cl
323915,forum-foxess.pro
765187,chapinesgt.tk
327738,retrolemmy.com
602682,clinteastwood.org
784383,hdsatelit.com
16081,adobejanus.com
730354,namecensus.co.uk
949855,raznocvet.nl
73226,mresalat.ir
244782,hsptxc.cn
945334,esdnow.com
833380,tribikauction.co.id
920541,seniorcenter.us
227345,gpsbabel.org
732667,sarata.com
101955,novage.com.ua
43142,defcon.org
201004,festicket.com
403987,appianbugbounty-dynamic.com
663942,futurenuri.co.kr
990415,cpckor.com.tw
734472,ergeon.com
49199,cookidoo.de
456378,stema.de
487132,foundrydigital.com
687421,sordum.net
784893,hhtq3d.net
213328,111y999.com
723029,slot996.com
563590,librovicios.com
984260,vivaldiroberto.com
887155,ticombo.hr
623329,king333mys.com
485312,conductix.ch
880550,acutegraph.co.uk
236212,ub.ua
559363,1signature.com.my
724745,girlintuitive.com
141117,ssoide.com
501231,translator.eu
942088,isi-padangpanjang.ac.id
479254,youandallfashion.com
631639,giantkidsworld.com
273193,algerie-dz.com
593968,eectuning.org
949906,pathful.com
686751,themicrogardener.com
389129,umwlepolepo.ac.id
567203,cromantic.com
599607,musasbrasil.com
897248,vapask.ru
275735,inttrans.lv
107321,hostingformule.net
47423,echecks.com
83048,rb-hosting.io
249923,joolz.com
762884,buzzweet.com
456903,radojuva.com
257529,embracer.com
100489,rmol.id
184041,ilonastaller.net
41378,cryptopolitan.com
310043,metadopt.io
890815,fjhmcs.com
283768,asw.edu.co
941994,theoutlawocean.com
777195,fazzinihome.com
508511,hanu.edu.vn
233568,vicampo.de
319645,aeroguide.nl
82894,unitedconcordia.com
999593,cinemaedera.it
693141,zep.ro
526748,dass-it.de
748708,55ll6.com
580446,jsclsk.com
285417,pastequest.com
955530,rhinocommunications.net
202064,ispu.ru
920590,bigmedia.com.tw
861311,cityfit.pl
51620,fantasyflightgames.com
716635,truespincentral.com
793762,kkk11111.com
56319,windcave.com
4899,adx.ws
75777,famileo.com
658138,citizenfourfilm.com
387912,blaircandy.com
30982,massgeneralbrigham.org
982472,marx2mao.com
411756,etilika.com
602384,uec.ch
653726,elatebeauty.com
182323,uxthemes.com
997168,alittleextra.co.in
632304,xlstat.com
796041,leagueh.jp
663732,centrun.com
358247,power-sonic.com
439056,jobboardfire.com
91890,lasvegas.net
128052,kartverket.no
422041,pahartalicollege.com
617718,billerdirectexpress.com
882363,missaocaiua.org.br
395037,dilaymobilya.com
426624,thepreferredrealty.com
461163,snorelabcms.com
912352,babiesdecor.com
904783,updatetechmedia.co.uk
228565,ib4.ru
56418,bl62.ru
82034,avobjects.com
104236,uraniumhexafluori.de
125787,arinet.com
587548,fsbwa.com
294290,hawthornfc.com.au
597965,bikemagazine.com.br
500047,lucide.com
431464,bse.cn
32827,sierrastatic.com
832557,topluxlife.com
399338,bdir.in
870471,ibzon.net
301048,wizb.it
185382,gearlaunch.com
413555,aldi.pl
330236,lisca.hr
738782,buecherstube-am-fleth.com
19610,careeronestop.org
671362,losant.com
280532,qingnianchuangye.com
848988,889992999.xyz
192367,ncloud-dns.com
568761,fsrlpks.cn
801373,menegatticouro.com.br
461962,yums.ac.ir
173516,spycamerasmall.com
482672,expertplay.net
284000,chapritopup.com
640055,fragdeck.com
719551,po-bfx.com
587409,mutabilispress.org
620176,nagahoki303x.com
333677,usa61memberss.top
816030,psvnieuws.nl
797882,lottovip-apply.com
597553,vesti-kaliningrad.ru
390351,axa-hausrat.de
505381,casamyers.com.mx
437249,github.co.jp
756451,asshifabd.com
469958,tramites.com.pe
31742,scworld.com
655983,dee.app
60913,titanbetcasino.org
644498,animenfo.com
117691,ibric.org
1239,txnhh.com
697339,safetop.net
755121,aokbild.de
977501,saglobal.com
970137,magenb.co.il
212251,ya-roditel.ru
137307,betcash303cuanmaxpro.com
887312,geneticlifehacks.com
659640,justcurtain.com
751169,999y999.com
561975,avis.se
696232,banaby.hr
991352,smfshop.com
523263,eraj.com
110339,thk.com
392358,noifias.it
698919,andcowoman.com
929486,dns-wavenet.uk
33201,usj.co.jp
641022,yourbarstools.ca
815747,promocija-plus.com
118843,townsq.io
340025,spbexchange.ru
914889,highrollerstation.com
773173,earn111.xyz
201232,dq-pp.pl
855308,diakonie-hamburg.de
953332,universalsports.com
834662,ufa1779.me
552548,n6lka.com
302267,aligoweventpromotion.shop
454553,ss-linkme.com
441910,stackvps.com
354859,topcon.com
516706,ra-national.ru
556875,santaclarabroncos.com
688932,dataentryoutsourcingservice.com
318942,2020.net
457102,radsistemas.com
129819,jcs.mil
451080,wikiepos.com
159356,hostassets.online
920176,crossinx.com
654625,isd.kz
671926,usefuljunk.com
177138,secret.jp
610459,vgt.net
894679,proxy4free.net
929225,everson.org
17647,opensource.com
96998,hrexecutive.com
597586,3cata.com
367837,canterlotavenue.com
896828,pilotlogistics.com
2363,disney.com
235880,leverit.com
917,eu.com
887065,purplegoat.co.uk
960537,doratbonn.fun
242023,linuxdns1.com
79,zoom.us
964629,multipurposethemes.com
739482,fluxscope.co.uk
828826,sycollections.shop
487125,accumn.ai
351345,hirekaroo.com
328601,sanstonehealth.com
803977,mpdahmis.in
934289,lowcostglasses.co.uk
468411,texlive.info
504627,southseattleemerald.com
878974,internezzohosting.ch
620299,dieci.ch
572617,vodka-vulkan.ru
4730,paho.org
684251,sagamuseum.is
18374,gry-online.pl
284415,g7p3lrxd.com
510306,delitea.se
428731,casinobarcelona.com
750651,88ff3uv.com
147157,rhrpets.com
625675,passwordmeter.com
549275,souleiado.com
541131,dataciss.com.br
811162,pakmobizone.pk
427874,heybeauty.co.za
508394,valpal.co.uk
413324,novostroy.ru
212179,ruporno365.cc
467407,station184.com
859499,husqvarnadealers.be
219805,isonaspureaccesscloud.com
245875,acoustica.com
87947,black-manga.com
17238,abendzeitung-muenchen.de
413235,fanfinity.gg
964802,echeck-express.de
231026,propostuplenie.ru
43531,jysjxjn.com
135121,artincontext.org
386100,eyemarket.co.kr
328850,timing.nl
93743,mahjong.fr
235821,audibene.fr
169480,haandvaerker.dk
450823,kswwj0.vip
407986,tsviewer.com
678240,tcb.com.ua
737328,nphies.sa
735918,export-base.ru
345839,awgp.org
940617,camp.cz
463911,xtreemmusic.com
937174,cipa.org.uk
784150,haryanahealth.gov.in
16488,jcrew.com
1173,xhamster1.desi
113342,cowboyszone.com
118210,blx-gd.cn
29783,newarab.com
841873,yaaf.jp
150875,mikeportal.ru
531516,aevo.xyz
302244,prattlibrary.org
849696,ipxjppost.com
321777,eren.com.br
49983,gettextbooks.com
758445,barrelsandoil.com
154450,ebonypussyphotos.com
914399,3mnederland.nl
189054,trinityaudio.ai
47978,cdnhwctyd116.cn
600786,wba.com.br
67401,weatherwise.app
514965,kinjiro-c.com
296517,ca33organizations.shop
612790,hcscint.net
878808,warhammer-aoc.com
318893,equity.org.uk
995388,cn.mt
937868,tokion.jp
356068,moon7oils.top
658288,directmap.world
818730,renord.com
141862,appav.online
813499,pitagoras.edu.pe
181649,gamalpha.com
511498,fpg.ru
262607,requesty.ai
288017,palladiumbooks.com
751296,9ipl.org
713616,astrospheric.com
565423,sculpturehospitality.com
873769,typeform.eu
919744,industrialnewsmedia.com
41622,awsdns-cn-48.com
330652,criptofacil.com
264836,weblog-index.com
562204,bryananthonys.com
75431,kadastralekaart.com
484377,netflixdnstest5.com
417494,motar.eu
237445,buy-macaw.com
908757,cet.edu
881262,neraca.co.id
923503,mineflake.net
748856,585bet.net
528004,homebet88cgxjp.site
476879,cbchat.vip
207069,czbank.com
447841,blackjackline.nl
845784,nakedaccused.com
678061,klimatex.cz
844811,equada.com
812327,pelabuhankapal4d.online
745285,softedu.co.kr
526678,jordan2006.com
628875,tonotv.com
419221,pitchyou.de
804400,mufemacash.com
168985,knipsclub.de
310671,lakewood.org
824869,skdhealth.net
91489,spypoint.com
772978,e-shopiko.com
728183,soireal.ru
165480,wancom.net.pk
698335,kuki.ai
884149,warsteiner.de
860372,tresorsdenfance.com
718165,automatewoo.com
537218,nasneakers.com
751677,aagun.site
871580,visapulseusa.com
194048,certif.net
409240,acusd.edu
658427,nuance.de
997097,akjobportal.org
902175,habun.ae
145027,jouwpagina.nl
30752,mysmartflat.ru
820974,sahi2kaow.com
743302,ballmedia.com
894339,aobei120.com
255217,crazy-star-casino.co.uk
573585,av.gallery
654316,lakeel.com
722787,canuckcondos.ca
378284,spryfox.com
260513,griffati.com
28388,ackermans.co.za
964756,inra.io
540692,act365.net
677420,bp03.ru
423877,fluxorbit-on.com
515397,apexspur.co.uk
284870,king403.rest
751986,academia-granada.es
813643,pkp5.com
641967,heritagecalling.com
139018,tiarap.org
803241,mohjat.net
810617,overbets24.com
989985,fortesys.ro
103642,vanillacommunities.com
948052,filthvana.com
53983,ppro.com
21593,office365-net.us
439709,amahahealth.com
780205,gamepotty.com
823018,setecrm.com.br
349316,pornleech.com
333081,mivodo.com
389910,hairstylecamp.com
716049,fluentphone.com
338278,classified4free.net
945185,nousos.com
354207,jshyapp.com
470469,sexnhatbankhongche.com
529403,partnercentric.net
339377,bqjd.cc
52810,hostingspeed.net
541445,gov-web.com
115333,i120.net.cn
642840,defysiotherapeut.com
188935,easy-share.com
395946,cyclelogistics.eu
287152,hellofont.cn
32235,nic.games
883250,bisp.net
75501,exim.org
631653,gwusports.com
183328,hzyzmygs.com
703174,amf.ua
520946,jerseylaw.je
352320,mediaferry.com
774927,energyvision.be
159460,ukrinform.ru
731057,fortisase-sovereign.com
141083,sexsub69.blog
62933,animetsu.net
7464,bk6bba-resources.ru
237435,verno-info.ru
937154,rapidfield.us
607326,apriwell.de
297851,8casino.app
931067,interbahis-mobil.vip
453322,estarstation.com
766419,cleonoire.fr
227214,blotclub.am
300698,moon61havess.shop
738974,videostorm.com
72819,apostrophe.ua
348389,spartanhost.net
12316,camp-fire.jp
769437,damkala.com
45251,fpt.edu.vn
494277,trusteddesignonline.nl
76919,lpswebdirect.com
787692,incesto.me
553663,playlistscope.co.uk
984408,volta.sh
371536,itindiainfotech.com
817616,rajaparty9.com
197397,vinylengine.com
510989,mlltelecom.com
75182,profuturo.education
950261,clearpathworld.nl
519368,inversis.com
488707,20kwgenerac5875reviews.com
805253,mylifeplus.kr
464360,electroshoki.ru
387630,cnwimg.com
928025,7april.ba
743391,scorenigeria.com.ng
525751,lttlabs.com
951815,nostalgie.lu
826638,spinsini.site
126202,ivjh.ru
825161,sliveninfo.bg
623889,vicoach.io
519222,softdoor-integra.de
2335,sharepointonline.com
199857,sanjevani.com
831429,thunderscanscomic.com
590726,fjordingen.no
864372,freeporn6.net
477599,econopticas.com.pe
598563,ezpay.ir
799795,manuella.com.tn
983332,punycoder.com
897829,nestle.ge
491403,ebneyamin.ir
10677,hihonorcdn.com
183066,buzzoff.io
544055,designlovefest.com
274844,cabinradio.ca
470774,yanyuguan.com
426795,deltasigmatheta.org
150099,ftihzjg.com
719741,alltombowling.nu
325389,smartpalacemarket.nl
307956,gaissmayer.de
396271,menziesaviation.com
434057,data-streams.net
296095,cultbox.co.uk
266744,th-luebeck.de
657733,jdzol.com
615077,demonoid.ph
659563,3633bet.org
234685,rajajoin.online
533192,favorite-one.co.jp
449867,brighthorizons.co.uk
310623,amuzzi.com
593465,42.space
338823,bwimg.com.br
607208,clb.ac.il
345078,dekust.be
844873,nightskyhosting.com
732196,lovifogadas.hu
720249,laboutiquemobile.ca
777846,financejunk.com
540626,4kfox.com
456676,erapermed.eu
93877,mrlucky88.shop
269906,uzdevumi.lv
190246,time4vps.cloud
425683,missionblue.org
424879,directica.com
89490,foodpanda.hk
347023,vipreseller.net
490470,rakkodomain.com
107114,xvideos9.com
238463,converthelper.net
128480,essayshark.com
984237,hotels-in-somerset.com
401377,pulsegaminghub.com
463456,medicalprotection.org
151612,pasoti.co.uk
565405,extremaratio.com
463099,bomsite.com
443526,defaultdirectory.com
781124,gfa5y1.com
458310,rockanutrition.de
497790,dynetics.com
277866,myfax.com
711422,dailyactuel.fr
775745,estreladasorte.site
829636,tapetim-zvika.co.il
766517,climateeducation.in
991531,rsproduction.se
811277,panakea.com.ua
472825,detpress.com
297713,converge.ai
569925,dewittobserver.com
180242,lilywish.com
728642,motorsport-passion.com
14227,anaconda.com
461075,canlitv.watch
22286,ausfreeslots.com
185425,ogosex.love
154009,hvcis.com
437876,ravensberger-matratzen.de
538779,10musume.com
627105,brightvip849.com
714980,e-naturessunshine.com
792184,kancah2025.com
343302,hifi-regler.de
788408,intermd.co.kr
69322,twirpx.com
1930,appier.net
120216,puzzlemadness.co.uk
456329,pmf.hr
616822,sepahbroker.ir
373395,eliteglobal.nl
906986,fudosan-k.com
656826,asahi.lg.jp
526151,alinto.net
794874,kungfubuy.com
774934,enets.sg
772347,drjnmilan.com
662414,fai.business
47357,movabletype.org
473884,skyload.io
580123,ritm.gov.ph
128652,park.edu
158978,europanostra.org
946228,globeconnected.com
83951,list.org
261122,ennamoda.com
679410,cuesa.org
444204,zenportallogic.nl
357672,felt.co.nz
579307,myoutdoorplans.com
644964,moji.vn
608512,digitalewege.de
933457,rdnhost.com
228281,esmmagazine.com
640934,4321x.com
834062,turyol.com
35474,mafiacasino777.com
787315,iki.ac.ir
44479,nintendoeverything.com
930080,axabillcenter.net
581837,luxuryhotelawards.com
747947,3899f3fi.com
647179,skhron.com.ua
956600,axa-network.com
153888,thirdplacebooks.com
545484,habitania.com
386815,eclicklink.com
328118,adywind.com
472292,naimix.info
423295,wetsuitcentre.co.uk
36766,20m.com
156709,fiberlinkpe.net.br
743822,sbv88.com
628724,cdn-eso.me
58175,sanwa.co.jp
147888,baimu-photo.com
625909,haohaoxiuche.com
635397,jspxrd.gov.cn
732734,ejot.com
480910,galeracluster.com
626956,orasul.biz
875398,wisenwaarachtig.nl
234366,futbollibrestream.pe
888745,hitco.at
475206,krmedia.hr
257040,115cdn.net
578795,softel.elblag.pl
90878,epeople.go.kr
5792,codebig2.net
695199,musikwala.com
615340,ilkokul1.com
391033,anh.moe
427261,corepokerstation.com
830425,tendersontime.org
520112,themomentumdaily.co.uk
937316,ca33questions.shop
179437,afterwin88eeve.com
214628,dpbossking.in
756972,austrotreff.com
272962,axapublication.fr
994655,sikkanet.com
886873,quotidianodiragusa.it
750656,88jj77.com
898679,loadium.top
292464,eu-cloud-xip.com
274386,armada.mil.co
456770,rde.lt
911167,starcoresolutions.co.uk
520065,novadrivemark.nl
240974,fibraservi.eu
505824,yelpwifi.com
740969,devio.at
777798,filmyfiy.shop
570302,polemicagame.com
405957,super-parrain.com
874663,novafield.us
130111,insights.gg
691886,pc-parts.eu
536311,ptccloudservices.com
59175,pharma-gdd.com
450174,strojar.com
503843,aipi.de
499229,charles-stanley-direct.co.uk
8470,iti.br
458145,animetake.tv
300933,makeup.uk
154415,ecfmg.org
351988,smithsoap.com
533028,gpnmag.com
909429,375m.casino
298300,mandalawaluyakonut.ac.id
774468,eliquidandco.com
335049,watchfinder.es
326440,gentlemaniac-dev.com
208868,sranks.org
980778,tiac-systems.net
514922,mondoradarcorrente.it
467124,brightchronicles.au
24567,invocacdn.com
666889,nixys.io
438319,schlitterbahn.com
811551,paranaseguros.com.ar
295615,xn--80aaig9ahr.xn--c1avg
604707,dwaf.gov.za
849151,vvvschiermonnikoog.nl
353444,egmzffzf.cn
691971,pieforfamily.com
180680,lamodatech.ru
121585,theburningplatform.com
462443,mytheatreland.com
494014,greenshiftwp.com
803715,motochefebrasil.com.br
566079,hiwhatsapp.ru
782474,govaresh-zanan.ir
633998,tokyonode.jp
861995,tools-for.net
851694,virdee.co
167185,udsu.ru
961368,vertexalounge.co.uk
795496,lakeozarksmls.com
353455,v1br4n7bud.top
921006,agatha.pw
281282,cardcluster.com
288636,tokyo-motorshow.com
943664,hihoyun.com
355610,eahentai.com
263826,upsales.com
788008,infor.net
857579,bonusslots.ca
353956,webnode.co.uk
63645,netradyne.com
993769,compleo.com.br
767461,condoworks.co
359710,altvr.com
190667,thefarside.com
128330,firebase.ws
683048,openbb.network
607628,unquote.com
844520,lenslist.co
858257,hogart.ru
139053,worldcdn-beta.net
395330,apcoa.com
398166,fiogonia.com
203547,xs2.cloud
145451,linkhay.com
993761,aleph.land
52542,xiaodutv.com
726696,img.fi
155734,parentingliteracy.com
695259,novomtel.mo
147965,georgfischer.com
780211,gamersunivers.com
328314,usetallie.com
971047,domebeacon.co.uk
44775,apidigi.com
822931,servicepal.com
350971,autoworldstore.com
94878,xxxvasna.com
379551,nexusrouletteflow.nl
847804,toshiba-memory.com
265614,adx.ae
859354,blogpunkte.at
291618,99designs.com.co
599095,jasoceania.com.au
640334,gvc.com
38897,craft.do
994441,galdar.es
13038,nd.gov
448117,zenvectorsolutions.nl
547878,racingbeat.com
733581,brabetwins.com
957197,worldtechhub.co.uk
749394,6e419jsq.com
802407,minipreco.com.br
632152,qualityexpress.co.th
345613,fasterthanli.me
257404,tospitimou.gr
544961,hlcompany.com
3520,printercloud.com
834278,tyga168.xyz
763826,cardshall.com.br
782889,grop-group.jp
577319,onprofi.ru
371678,vlmedicina.lt
407581,diakrit.com
388684,mailingboss.com
948744,maksimiliana.ru
518362,sologioielli.com
943542,officeworld.com
5465,remotepc.com
139639,chinabidding.cn
508349,deeelliottconsulting.com
227502,wcase.net
641981,thebeast.com
75141,service-info.jp
403633,langtongtoy.com
514524,pregchan.com
569264,iys.org.tr
334680,touch-moblie.com
885523,kznpremier.gov.za
955664,discoverylandco.com
493851,net-vortex.com
721733,lbcapps.com
720513,diode.zone
104515,macrolibrarsi.it
198395,edit.ne.jp
72684,twinkaboo.com
124509,thiriet.com
28164,luadns.net
282686,americancinematheque.com
526408,letteraemme.it
278738,gflec.org
135209,shanghaitech.edu.cn
204281,police.go.kr
872420,bluinternet.com.br
616221,sattarbox.co.uk
68978,ebookers.com
500306,susd12.org
354332,iesb.br
365302,wochenblick.at
737862,xlslot88-cuan.net
962126,20170428.xyz
672512,centraledesmarches.com
236214,naturopathic.org
437102,appicmedia.com
941420,keysight.com.cn
396005,giaoduc.edu.vn
212673,bva.co.uk
809977,optar.com.ec
831640,tigerfeet.com
625359,cellandgenedirectory.com
502499,claeh.edu.uy
109565,lion.co.jp
164452,scientech.bz
977969,zorpia.com
895578,enjoyserver.uk
589551,pharnexcloud.com
544380,explosion.com
324840,nethergames.org
486980,1djy.cn
660058,coeur.com
733595,hotshoes.bg
398329,sk-concept.com
10969,soccerway.com
973841,gloscol.ac.uk
884339,aclaro.es
407208,zolotakraina.ua
315921,datacluster.cloud
396407,cardsjd.com
465776,dslogist.ru
124700,historymuseum.ca
438902,cityofdavis.org
643890,cloudtrack.tr
662043,kearnybank.com
701335,fitrealms.com
443323,cyvibe.com
751429,a02b5.com
961976,vawilon.ru
334560,ralphlauren.be
252092,i-need.de
32295,ogyfmts.com
243389,7bookmarks.com
873634,pte.pl
765765,cidaautocomponents.com
819128,ribes.style
229414,thenorthface.com.br
401567,riddleroom.in
847533,sparkcloud.studio
1713,mobiledokan.com
626422,riverbendranch.com
253343,selar.co
949111,secret.graphics
361303,favbet.ro
800907,mediakey.at
84983,flashscore.si
608420,jroitacity.jp
684594,omofox.com
136594,mgbct.com
592503,learnesl.net
535945,bowhunter.com
189942,stnicholascenter.org
545158,ghien-phim.info
406536,parselys.org
900490,znak-auction.ru
372310,metallprofil.by
181877,securemarket.store
274737,vidhash.net
581831,solartgaleria.hu
359028,doghaus.com
340590,iixmedia.com
212771,fediverse.observer
87248,reebok.com.ar
426470,live-payments-api.com
399398,ultrareelshouse.com
60421,onlinealarmkur.com
402118,dieoff.org
342254,spamcatcher.net
959765,progressivesuspension.com
235854,365tdj.com
81367,medc.xyz
287106,evercasino.net
6506,make.com
443125,moon7hows.xyz
76199,newkerala.com
785478,hold.com.ua
443179,kingroyal-online.com
462288,patton.com
431398,vizmuvek.hu
189091,hotze.com
56426,ipsos-russia.ru
547585,em-cms.cloud
330541,baseonchip.com
562330,joint-space.co.jp
723647,editorialbreaking.co.uk
129362,printconnect.org
344611,center-bereg.ru
510015,windows-10-forum.com
129019,speedbit.com
7346,mangak.io
159566,ejournal.by
701397,gluc.mx
884425,boulevards.com
40908,42web.io
681014,emsland.de
89632,virtualo.pl
850666,dns2vormfabriek.nl
165460,carprice.ru
531892,remixdesign.app
492876,bestzzporno.lol
716120,finasterideff.com
724949,swiss-privilege.com
771984,doujin-eiku.com
355327,vividgraphics.com.mx
728594,senecura.at
196525,nbcb.com.cn
97284,cpskt.cn
731755,dx2wiki.com
648271,techreviews.co.in
752317,adapec.to.gov.br
753610,alevia.ro
784891,hhtq.hair
876438,mspbsng.org
33613,ipcheckhost.com
399342,officialblog.jp
897521,sebt.pk
271424,unoentrerios.com.ar
37412,qms.ru
987304,audiklub.org
374041,88date.co
748711,55mos777vip.com
778195,flaneurs.net
525171,solarrouletteonline.com
858354,radiojackie.com
137625,compra-agora.com
820298,rtvstarapazova.rs
79917,irpp.org
268447,stackcp.com
128971,metroactive.com
989979,mamish.ir
733996,ns.zp.ua
200578,thansen.se
480625,esmsv.com
511380,moonlitengine.com
22427,start.ru
203124,ich-4.com
920728,giornaledipuglia.com
294617,aerodrome.finance
157391,qydjt.cn
250462,tehnoskarb.ua
74437,beterstream.xyz
564000,springin.org
497548,trustservers.eu
426238,fht-esslingen.de
986164,davidccook.org
566684,smecorp.gov.my
238528,harutheme.com
47161,macstories.net
730092,cartier.com.au
104669,blizzard.net
359703,mediamatis.com
197811,incartupsell.com
635404,getclimaro.com
712572,physlab.ru
721268,cronoshare.cl
207391,musical-artifacts.com
985492,lexus-mgn.ru
938381,hizvo.fr
576444,brightpalacecentral.com
29531,mass.edu
456943,jmmob.org
992800,mode24.de
543430,vg75sr77x2.cfd
358791,asist.org
614888,kirtour.ru
237462,monohost.com
634746,statusphere.com
286416,xx88-58k.com
527072,caelixflow.com
181861,fbxos.fr
404081,tsrecs.com
360688,crazy3.cfd
644569,netvisp.com
84558,ganaplay.sv
808661,ocipu6ta.com
333968,echo360.com
645576,omegawebtasarim.com
459878,fr-minecraft.net
745441,presidence.sn
518290,sportsinsights.com
578706,diamondclubexpress.com
56621,awsdns-cn-12.biz
667076,energosales.ru
420799,auctionauto.kg
711714,smithsinterconnect.com
68331,magenta.at
755301,aplicatrabajoshoy.xyz
115847,italent.cn
240583,camdolls.com
413769,hairbrella.com
615428,rage-pro.ru
202519,invicta.com.co
246516,otthondepo.hu
137263,jacob.de
725925,dyyweb.com
224592,wonderbk.com
401001,senalnews.com
278501,doubleknot.com
912475,ktbsonline.com
191085,ecotrak.com
988234,aibd.org
19039,manhwaz.com
125739,123movies-to.org
761571,bonus888j.com
310457,hootvid.com
780611,gbk76.click
629198,ilmetropolitano.it
453940,hostigger.com
488329,flyslm.com
219584,igoclient.com
795271,labimagem.com.br
657609,nowcfo.com
876583,netaful.jp
480276,supercartoons.net
57341,lesschwab.com
23899,chaosgroup.com
259553,xxxvideohd.biz
26290,dlapiper.com
487577,infoludek.pl
647665,pgsscogna.com.br
377250,visualnews.com
819696,romagcooking.ro
250230,goodlifefitness.com
81753,autotest.com.ar
598497,encheres-vo.com
591509,digitalexperience.co.za
856293,primetechlabs.net
323319,hetras.co.kr
799682,mangowealthplanner.com
751928,abowin88official.site
396664,buildingsofireland.ie
766961,code-en-ligne.com
308920,tupelohoneycafe.com
816608,q9game.bet
502188,brightroulettelounge.com
760327,bigcrafters.com
499238,brno-airport.cz
234062,pgs.ne.jp
462370,mreza.si
435657,connerprairie.org
597495,vinayaksolution.com
741226,onlinemathcontest.com
201848,live-servers.net
19115,storagejsstrategiesfabulous.com
443404,nxtlvlit.com
973661,peace-kaigo.com
177572,anysrv.ru
278783,bassbetjugar.es
764258,casinosmacgroup.bet.ar
124823,phdns19.es
201233,rsu.edu
693858,glcu.org
71708,amitriptylineinfo.com
357748,agryco.com
408226,henrikdev.xyz
475278,legion-aux.org
75030,klik.hr
150032,netprime.to
580135,scintilena.com
223836,geneatrees.net
189283,firsthand.ai
101128,likee.tv
886917,dummenorange.com
487923,vuso.ua
945794,bkwweb.com
75149,handelszeitung.ch
704936,wolebio.pl
899590,medical-tribune.ch
781750,globbackmy.com
745784,igsu.ro
571785,granred.com
835632,upl-univ.ac
923237,idfirms.com
461114,lyricszoo.com
885768,investnow.ng
738893,laeducativapr.com
51136,noyb.eu
187485,traditionalmusic.co.uk
99506,deqik.com
664144,lojas24.com
471264,guangyuanoffice.cn
669662,hanoi-hotels.org
547459,25kfantasy.com
325490,cablinginstall.com
763679,caphunters.es
981550,halaalapps.com
441963,solidhoster.com
161422,morrissey-solo.com
405901,webceive.com
762307,bross.com.ar
878556,address.love
100684,hntfdz.cn
958860,ti-bikes.com
651554,boosttaste.nl
573836,arendt.com
604099,iqfy.com
733936,comverse.com
426255,datatr.com
466664,labissa.com
238563,windward.ai
302663,dswhgs.com
185447,jcpportraits.com
70957,pvdpix.com
550908,zapopan.gob.mx
548826,intof.io
304732,aimtecglobal.com
761939,bpo777resmi.com
14886,dmac-solutions.net
828580,svbcgold.com
798760,m5azn.com
511234,bestbrides.info
458353,u-dengi.ru
251818,piquadro.com
707686,grandslamyachtsales.com
149484,btrtrf.com
700351,fly88pe.com
659584,bilgoraj.com.pl
668430,miarcus.com
416226,sharedhope.org
984542,integer-it.de
226940,accessworld.net
257569,resellercloud.cc
537657,macrolan.co.za
171818,costa.it
413212,appluna.net
221220,planet.com.tw
165742,airbnb.com.ph
826351,soyaconcept.se
684789,daha-net.com
307794,qualitysuite.net
781694,global-business.com.tw
237251,wwv4.com
617870,pulsecasinoonline.com
312703,babyclub.de
570583,ielts.com.au
385083,metallasnab.com
354361,shbqr.com
74717,ctix.cn
993412,snackinginsneakers.com
675478,my-canopy.com
268573,blog66full.shop
307303,saske.sk
656674,man-traktor.de
961565,platinumbetcentral.nl
981395,mars-bahis-canlidir.vip
514323,sundownsfc.co.za
607947,themedox.com
590242,owperks.com
642004,freedomforuminstitute.org
378005,katbe.com
262002,multicharts.com
475457,focuscoast.com
970640,1xbet-soie.top
430127,shudaoge.com
546764,boostedboards.com
637579,rarbg.tw
992195,sysnettechsolutions.com
722311,the-west.ro
427980,andianne.com
879166,exploration.org
977239,mirareal.com
502929,ostel.eu
384072,lebensmittelpraxis.de
233555,unexpectedendings.online
234919,beck.com
888918,travaillerchezcoolblue.be
551422,lbsbd.com
662500,dccn.net
25831,bola.net
297532,cdmondns-01.org
727456,jinkads.com
86344,waldon.store
138403,helloice.com
221792,lottobalita.com
921402,federal-fix.ru
470942,pravovest.ru
326578,mmlgh.com
333660,sexveodies.com
494453,hizhosting.com
872325,satishpatel.net
298686,socialschools.nl
175383,tpstrogino.ru
911555,bonoxs.pro
453620,walletteam.org
938626,realdeejays.com
388074,gorny.ru
503447,pdfmyurl.com
511187,camversity.com
575309,eurogold.sk
133617,watuafrica.com
934432,demimondedispatch.site
607170,soundsurvey.org.uk
47464,consequenceofsound.net
603054,combinedsafetysolutions.com.au
152191,topagrar.pl
349283,vps.no
834657,ufa090.com
806076,nandhanacollections.in
844160,ros.gov.my
287618,avtor24.ru
162950,tomytec.co.jp
632720,slotexpalace.co.uk
665555,telecomax.net
134848,seb.lv
228606,careers360.mobi
906912,webdesignguys.nz
562708,rt-c.co.jp
749320,688xt.icu
200273,newsroompost.com
292632,bver.co.kr
632577,ntos.co.kr
727958,kaimanakab.go.id
523621,huurportaal.nl
465373,neonpokernetwork.nl
178871,uala.com.ar
846533,fndsda.net
8659,91porny.com
823045,setsub.com
14073,bpgslb007.com
543682,twowanderingsoles.com
10970,fqnovel.com
967960,1xbet-cpxb.top
198775,yes365.online
233751,transcat.com
784864,hh55.game
583675,ondeugende.date
56356,zudanje.com
664285,fgaspariconsorcios.com.br
738540,chainnet.ca
34189,jhancock.com
726276,nationaltrust.org
311730,bestereisezeit.ch
35228,irishcentral.com
570442,sr919.cn
988494,vbinswf.de
922765,weplayvolleyball.si
270997,interlightus.com
366419,zund.com
137782,betiton.com
919548,animalstart.com
961382,littlefornow.com
308292,flexdream.jp
880557,unblckd.ist
688793,inquest.net
637367,osamweb.com
628346,newgiocoit-online.com
820239,rtpabc.bet
247908,ekoplaza.nl
764213,cashmonster.app
965028,1xbet-gfku.top
465910,blauerusa.com
771268,distrivet.es
668609,agendoo.fr
88524,comnews.ru
347061,f4jieo6c.com
247829,testandcalc.com
139090,cgb.fr
386176,ninjapromo.io
586829,vedettefeerique.fr
951522,ndpcci.com
386143,stowe.com
204127,dveriizstali.ru
350659,gourmets.net
295580,xvideoxxx.monster
188710,mwlogin.net
981383,digitaldeal.pro
358620,fusionblackjackpro.nl
399739,livebeam.com
670014,advisa.se
536999,egpnews.com
764128,casalindadecoracoes.com.br
290068,wattro.io
913611,odensezoo.dk
933281,jetour-okami.ru
414822,freewheel.co.uk
901960,alpha-scale.ie
86639,pwa.xyz
692768,jianpu2.com
218538,magiclife.com
372178,zee33pers.top
528709,super33baru.space
516130,mopsovi.cloud
439993,softwear.co
601777,directtelecomdeals.com
18008,nyecasino.eu
211719,captrust.com
250951,drklein-plattform.de
57284,newvision.co.ug
468080,vicarius.io
565817,sdublincoco.ie
407491,sportsmanguncentre.co.uk
544848,ultraslotsspace.com
24272,esi-prd.net
491521,samsungpositioning.com.cn
726491,k2.com
677119,abdwap.work
578699,nic.pru
606721,caravane.com
536490,mindsmith.ai
727185,dluxca.com
71335,pentapostagma.gr
104336,elperiodic.com
94123,pinkviral.info
307238,shadowfacts.net
871697,sciver.net
808804,officebite.io
226849,rbkgames.com
686654,smartcentralnetwork.nl
950799,galaxyconnect.com
144660,dobbies.com
156743,al-madina.com
633628,simrail.eu
746690,12coganar.com
96776,photouploads.com
364190,goldbeck.de
382316,soleniva.net
264296,foqtx.com
681053,pasveik.lt
854940,serveisactius.cat
322762,slotgame6666c.cc
822360,secimallorca.net
654507,coasttrends.au
868325,bestcloudhosting.site
637814,dnarynkow.pl
631326,visiontechlab.se
835901,usxcargo.com
570643,quiet-rogue.site
123262,23924894.com
704065,gardinerhoulgate.co.uk
10281,rspediting.com
131640,guelphtoday.com
995140,stylecreep.com
679692,freshvibes.fr
100240,moonbot.pro
955339,howzat.com
344692,maindns.ru
389656,pc161021.com
204176,palmbeachstate.edu
82966,preclkmn.com
407594,claroeng.net
316893,elmhurstenergy.co.uk
50459,macif.fr
940971,aniwatch.ro
932336,jornaldeuberaba.com.br
419181,plie.nl
653426,dnsseg.com
415273,banglashoppers.com
891365,slotworks314.de
656874,thewitchery.com
763001,bytexl.app
407930,locator.biz
277917,fsaduconcursos.org.br
654524,easthartfordct.gov
388668,farming2015mods.com
106695,hotlink.com.br
513925,fusionsuite.net
977030,synoserver.com
117746,towerstream.ru
852506,unitedsource.us
145842,mxvirtual.com
520091,echoaws.com
429423,segeberg.de
57152,newstimes.com
193864,pilluvideot.com
199153,ushort.today
542146,orbitmobile.io
853790,africaresource.com
813744,planillaplus.com
659370,chefpanda.pt
889359,rena-sofer.com
148032,tvu.edu.vn
367471,zango.shop
924113,coreworld.us
168209,noorhosting.com
728998,landsale.co.uk
242992,uy9.casino
471270,venuepost.co.uk
172833,allianzcare.com
604924,swisslifeselect.sk
350157,usa33cans.shop
422126,stereotypedsugar.com
90827,proptech.ru
770424,desihotxxx.com
494906,breakcold.com
660216,taotesting.com
987906,html-color.codes
556557,whiteessence.com
527361,inetbiller.com
114642,pizzaedition.win
249625,dns0.org
113331,zooatlanta.org
325799,eviq.org.au
642739,saydigi.com
877656,penniespgpay.com
411820,walnuts.org
295821,benartex.com
874957,designspark.com
974903,szao-spb.ru
547865,neighbortechs.com
150850,uniklinik-ulm.de
423049,39dw.online
85076,thebigjobsite.com
55609,lesbianpornvideos.com
961952,xlcapitalpartners.com
287546,neveitalia.it
260724,kmu.edu.tr
560030,amsworld.com
773492,ecirak.com
203166,istex.fr
143513,ibl-video.site
518252,tvbeugels.nl
575319,omsuk.com
62055,turtleguard.cloud
575275,mt-compass.com
95023,kk-resources.com
831126,themasterperfumer.in
476864,galaxymanga.io
774024,egps.com.tw
286364,wshkywcoxc.com
740115,statsalt.com
248449,easywebinar.com
749069,62berlian.com
84174,wtransnet.com
443468,mobcup.store
116099,playgoals.com
645961,dubaiqqt.com
741688,bright-skinlife.com
877038,aawraq.com
613140,trackthis.click
31719,nao.ac.jp
347858,crecimiento-empresarial.com
634833,zuisishu.com
68075,inside-digital.de
694629,allplaces.kr
669912,greece.org
484362,danzadefogones.com
97682,realtek.com.tw
586845,bouldercityreview.com
642935,biz360.ru
1688,manhwaweb.com
316179,bodycontrolpilates.com
529972,befdns.com
580428,ywu-ulu.online
760824,bj6608.com
749366,69shu.xyz
565743,washingtoncountyar.gov
986564,getincome.com
172535,yumo.ca
730591,dehenglaw.com
581839,hilfemanager.de
283941,busuupromo-iq.com
817740,rams-app.com
255323,sjsm.org
642901,aiagentsdirectory.com
558499,fieldpiece.com
341417,igeekphone.com
679898,ibddomain.net
855550,audioculture.co.nz
312743,r2s617.com
640064,7po.com
354714,digitalhouse.com
878008,9eee1d0a.xyz
859843,radinmalinblog.com
560821,epoxyapps.com
945188,howtogetridofyourjob.com
338212,blog44yet.shop
161166,parsatv.com
914288,sojosvision.com
745047,marvage.com
772927,e-meterai.live
344967,upit.ro
681565,easternmoviespace.nl
28483,nicegrup.com
546718,baohaiquanvietnam.vn
218061,vvideyy.site
292605,marketingpilgrim.com
177049,animezone.pl
210984,iformall.com
652481,materialesashu.com
295401,nucleuscms.org
782533,gpcasino.ro
819784,ropamdf.cl
65190,espe.edu.ec
835055,umi55.net
206644,bigchurch.com
530466,saintnazaire.fr
518554,testingbigaccountcooldomainname7.com
548208,jangal.com
713360,voyce.me
341088,moon61outs.shop
467419,outdoorretailer.com
983163,axapensions.co.uk
596243,brightreelsmarket.com
88293,711cuci.com
273847,ocenaudio.com
21620,soft112.com
66119,gamespot.com.cn
827998,suksesjitu.space
849467,jszdll.com
66972,espn.cl
667015,benadryl.com
379237,birdflop.com
435307,deleye.be
570731,tetyys.com
472868,chaturbate.sx
874942,gartenrat.de
698576,visionroyal997.com
569590,funp.com
174579,edugem.gob.mx
821794,sattamatkaaajtak.com
142576,aiqfome.com
802583,mispichos.com
28190,loadbee.com
473588,ss03.net
920349,sinuxdns.com
499799,albi-tourisme.fr
798654,m-cd.co.jp
265980,moon-phase.jp
853588,be.live
394286,francopieces.com
986730,gettheball.com
751225,99mykad.net
425063,ddfr.ru
525636,cine.vn
248103,mypilotstore.com
167673,ooe.gv.at
25564,reamaze.io
48353,hbnjls.cn
6991,datatables.net
310493,qualityti.net
618428,optimobet.com
89711,oroskopos.gr
406290,remediumfarm.ro
316191,shopmania.org
900014,axa-car.mobi
281487,cardmates.ua
219260,sportsubaru.com
432579,nowe.com
3187,softonic.com
936863,bolkas.gr
186,bytefcdn-oversea.com
828512,sushitta.com.ua
987705,thanhlinh.vn
363639,agentreputation.xyz
857705,ptcmanaged.com
923787,mortgagefamily.com
780608,gbgold.my
605585,ppp.de
673139,budweisertours.com
769000,cy8g7.com
988561,www.gov.mu
839930,wisereducacao.com
556518,clearcardshouse.com
879040,tnep.org
716325,kreon.com
116804,ggxu58.com
553497,wishbeads.com
118593,compo-soft.ru
226601,ngi.it
717659,predig.com
782154,goldilocksdelivery.ph
544743,venetacucine.com
776977,fariasbrito.com.br
952532,1xbet-bjxm.top
138560,nprocure.com
942492,cobaltstake.co.uk
341626,marketamerica.com
150876,yelp.co.nz
524597,live0.live
989443,craftcult.com
842295,yld-system.com
1420,nesine.com
41148,lucky-satta.com
139894,blend.host
940831,gregorypoole.com
528464,piensosparaperros.org
229498,mbjm1.com
171814,artportalen.se
911537,skandia.com.co
517518,vape.to
572723,ilcuk.org.uk
409043,kantor.live
61336,viennaairport.com
470884,meetingnotes.com
208700,sxau.edu.cn
480310,wepieoa.com
178921,foreignaffairs.org
284129,deitti.net
148100,dallascad.org
311114,zimadgames.com
310410,marinesolutionss.com
64222,oo-software.com
472435,generationxx.fr
767456,condominioamicosrl.com
753347,akita-townjoho.jp
243193,coffeenjesus.com
258968,atp.fm
648195,music-rock.ru
342144,cdn-only.cloud
18207,iacr.org
15320,e-tesda.gov.ph
935377,toyota-automated-logistics.com
900271,hentaihooked.com
135143,osen.co.kr
938095,jcwa.or.jp
374469,avjiali.com
92637,alkemcrm.com
213062,cxsecurity.com
641556,quellichelapremierleague.com
719801,florence-museum.com
606638,theprettybee.com
257016,whooshusa.com
266422,signalgrid.work
137456,tech4auto.in
698401,noplink.com
459215,israel-music.com
701772,theevolutionstore.com
465621,wajkkuce.cc
788726,iqcenter.am
348320,its-service.de
43196,verabradley.com
472316,soufoco.com.br
912631,populardailylab.nl
84824,thinkorswim.com
591877,next4biz.net
573703,stahl-kreativ.com
494053,novaviplounge.com
698633,bigskynt.com
749780,777supersulkwin.site
317119,drift.trade
600960,renew.org
688456,weru.org
883201,pay8casino.cc
919874,downeaststyle.com
270982,calfishing.com
199838,redacon.it
974207,mwkj.net
794147,kokoplaza-yoyaku.net
470149,jetreports.com
253023,c2i.net
20430,qiwi.com
397548,ipspeed.info
435534,boldroulettehub.com
233493,cray.com.br
592567,fyl-shop.com
339673,delcopa.gov
912042,lizaro-greece.com
736473,sdg.de
183978,parquesnacionales.gov.co
472702,meishanjob.com
351991,zee33candidates.shop
770155,deltaexecut.net
51571,forbo.com
287634,riosabeloco.com
930941,hostsoch-windows.in
162709,baylorhealthcare.com
299695,banff.ca
814776,portaldocandidato.com
918193,timebanks.org
102495,um.fi
934982,fruitsandveggiesmorematters.org
864191,12nova.com
740129,elitesmm.com
212316,karavan.gr
96038,alean.ru
261767,srchbid.com
797898,lotus365.global
433808,kfe0mn.ru
878444,utpa.edu
749973,788u777.com
866792,datatel.us
489291,bluepillow.co.uk
746892,186bet2.com
60426,gravityfield.ai
852055,infrasa.gov.br
398712,zee61overs.top
441904,brightgamblespace.com
736864,cigamgestor.com.br
450051,proxyparts.de
783303,guinesstravel.com
990101,wgchost.com
910862,sc88a1.cc
203767,dilan.ru
958980,tvss-911.com
756920,auntyjaan.com
220794,polilingua.com
246490,preisvergleich.de
104202,filmthreat.com
43901,21jingji.com
463476,oloiyb.net
15027,gda.pl
671106,grandgambledaily.com
46483,apk.dog
45454,playkot.com
440814,chicagoyimby.com
476756,explorevenango.com
493284,my-big-toe.com
311913,csi.ca
694306,freehostedscripts.net
10788,snigelweb.com
951441,babaanago.com
250813,lostark.bible
234996,rubios.com
830280,teledolar.com
188735,4into1.com
257104,baruledns.com
384737,propertypro.co.ke
203338,ultimatemedical.edu
112502,ebox.ca
703029,sixgameapp.bet
478022,close-upinternational.com
678022,hisseler.az
370778,ly200.com
775780,etaleem.qa
776951,fapema.br
336406,trustedhosting.in
426548,radioparty.pl
482580,docaposte.fr
851263,ecomengine.com
189059,48cc0c0e07.com
434094,casperlibero.edu.br
801020,medivet.pl
198581,jitu77play.autos
943369,talkingcomicbooks.com
969467,globaljackpot.ca
808358,nuvanis.in
228922,sszqdpx.xyz
73434,otenki.com
82968,hlavnydennik.sk
973507,rugvista.nl
180106,epassbusinesscenter.com
161306,carbravo.com
429902,hope-education.co.uk
268994,m34.casino
319755,netflix.ca
756987,auto-auctions.gr
574293,huntertalk.de
142498,x22.uk
428579,sigcloud.ru
416363,zenconnectnetwork.nl
93059,dolanlink.com
309790,mites.gob.es
652487,smashmc.eu
935272,cvent.org
124022,accesstoinsight.org
757968,bago.com.bo
540939,bpp.com.br
434564,whiteface.com
415117,loverte.com
615425,neotel2000.com
674240,ubuy.com.ly
511986,gilsa.com
986800,monetaryout.com
729726,kinoplex.com.br
298964,itginc.com
638947,texastakeover.com
846762,molinos.com.ar
506447,fontana.rs
810533,ouat.ac.in
254578,belupa.com
232955,socgen.co.jp
157416,bajajallianzlife.com
285393,pakdewak.site
552701,securebaltimore.com
273317,otherliveupdate.com
293189,passionplanner.com
571987,ageneau.net
210130,underarmour.es
278963,sn.net
66743,netrefer.com
661791,pmisupplies.com
36859,awsdns-cn-56.cn
738967,slot-pro10.online
463859,kejeo.fr
229102,racingchannel.com
922911,sylhetbrasserie.com
250343,highstakes.com
753577,aldm.link
616460,electroncomponents.com
232897,oneclass.com
876087,extra-services.eu
318420,xlink.cn
500255,freshmp4.com
657176,99pet.com
404972,tyosuojelu.fi
477363,gigheaven.com
219582,mk.gov.lv
211636,blackblaze.ru
834382,u3b.mx
764676,celebrare.in
791942,kaffek.ro
184426,thomann.dk
945548,cyberangler.com
679378,mexicograndtours.com
30005,dstv.stream
294104,ksydns.com
771656,doctorsforyou.org
343666,typographica.org
275109,sptfy.com
302651,allier-auvergne-tourisme.com
786183,hu777.game
926558,trip74.co
292841,diy-kitchens.com
460471,caanet.org
724263,aeroscale.net
374689,generix.biz
865360,bijoyweb.com
691911,proen.cloud
433974,virtoweb.com
355089,asn.fr
610095,dynamicvipworld.com
411529,hertzai.com
362351,rippleguide.nl
792664,kdg.jp
252686,lynis-nailshop.de
898318,samedia.tech
547586,d-will.jp
435081,codebrowser.dev
88847,newsport.com.ar
743297,heroesandgenerals.com
958881,yarmarka.pro
166877,codembo.com
689486,kuburaya.go.id
546262,colapsar.ru
849890,brentjens.nl
920978,ca7agos.xyz
306235,24-parik.live
422361,saray.ru
668745,mondial.com.br
675769,nxtc.edu.cn
787090,ieceyecare.com
378095,hammock.co.jp
355874,confcooperative.it
188738,xfkjwifi.com
618548,lauderhill-fl.gov
115124,anyxnxx.com
105157,uniples.com
93719,luckybet777.com
460320,winkeiba.jp
426653,ezdocs123.com
476177,mamaaja.sk
840542,wz888.net
797602,lokus.com.br
635701,mornstartech.ltd
517386,bossweden.org
343774,stimo.net
479067,brainrot-games.io
19416,emu-dns.com
982085,arenaspin.pt
683617,egooners.com
915213,capediamonds.co.za
417695,skich.io
417954,7393.casino
835558,up.edu.ps
947238,fil-mag.be
503699,yates.com.au
869189,corvettedepot.ca
25365,ispapi.net
650780,autoplay.cloud
301729,aeropost.com
786605,i5j3o8.com
44856,inps-jung.net
973612,wcmspi.com
493413,zagerguitar.com
214541,depoint.app
825185,slot39a.fyi
218056,vtucircle.com
782905,groupbiblestudy.com
125457,eduten.com
505615,ioexception.in
469783,itcollege.ee
373642,mikuta.com
587397,happydomen.ru
807385,nirdhan.com.np
764646,cegema.com
602265,magiclashes.cz
213410,32slotspk.com
881163,bollysuperstar.com
195411,healthy.net
968088,homepath.com
366921,efa-bw.de
656970,bodensee-airport.eu
529665,prismapp.io
687218,samsungtizenos.com
563087,pminewyork.gov.in
256367,airdata.com
453278,gunaxin.com
880865,v8a-moving-pictures.com
711135,sparkserver.co.uk
704105,i-screammall.co.kr
56244,jirenjituan.com
822246,sdgdrsa.com
624760,snackafruit.eu
530362,winsondanisl.click
259804,f600.cn
858502,novainsight.de
355001,cnamts.fr
523543,broadriver.com
616666,mlbshopeurope.com
942736,chattsy.io
895212,flats99.com
533646,nezavisne.rs
900835,europeanpapers.eu
750710,89e33.com
32446,appguard.co.kr
629569,axelbooks.com
751730,aarr999.com
684406,syntis-datacenter.com
984543,gullivarblankets.com
398821,flightduration.online
477821,hollywoodtheatre.org
145860,endis.ru
336067,jamas.or.jp
298192,sds.com
179653,a-rosa.de
300708,mobile2000.com
329169,zee33mrss.de
865182,viu.mx
448473,gaumard.com
39017,bloggin-ads.com
890141,sidetracked.com
846450,virtualhosting.hk
310983,ustv.com.tw
219904,assettocorsa.net
136768,capitalpress.com
647937,framework360.technology
823559,shiga2.jp
859121,tacticrealtime.com
209809,archiveresale.com
581864,nasda.go.jp
629135,auvasa.es
249242,e-pago.com.mx
181882,einet.net
833334,trendysongz.com
905250,xn-----6kccbiqiuscefiwwb3f5e.xn--p1ai
95700,order-order.com
299975,teamonapp.com
168359,clivetadds.com
925260,landisgyr.eu
920654,leagueplazaworks.com
786057,hrdpintar.com
966309,eintragalltag.de
660094,tdprofnastil.ru
300505,markeisingbirding.com
849003,2vsk98.com
381747,michatslinks.com
372878,qfruiti.in
492132,did.science
875035,xlcapitalassurance.com
652804,sxjz.net.cn
279258,szerverem.hu
27698,digitgaming.com
628855,forumfoundry.com
158701,snappywords.com
841580,xu55cc.com
741444,889993015.xyz
580383,boyfriendstar.com
627290,refinetix.com
423771,ru-music.online
379567,thecityfix.com
632683,mbsonline.gov.au
115582,internetfinds.in
293612,learn-german-germany.com
238004,v6send.net
967911,gundamseed.net
535514,lawhive.co.uk
489080,dailhealthcare.be
207101,twinkl.com.hk
420588,federprivacy.org
375610,bathandbodyworks.ae
886933,team-integra.net
247371,coretennis.net
771772,domain.pk
665565,nttsoftgroup.com
546816,akami-cdns.com
638482,collegegymnews.com
822972,serviziorefertionline.it
23970,upol.cz
401907,markweinguitarlessons.com
840891,xh8t3z.com
696117,gabrielestarellas.com
179644,emiratesdraw.com
656348,guardiascopo.it
768190,creafa.com.co
673691,ggkeji.com
74182,scalahed.com
66546,inxserver.com
220122,koorasport.net
883020,pestconnect.com
290109,zebhkws.info
766759,cmcenter.xyz
160937,vodu.me
678943,marroad.jp
714371,ffplum.fr
702501,89z33.com
633447,behdashtnews.ir
869292,amylyx.com
826747,sportpro.re
79692,web-japan.org
14270,epson.net
640786,bosmon.de
517559,sharplaunch.com
619038,adnauseam.io
409569,webinformatik.ch
929323,opennotes.us
188084,googlecloudpresscorner.com
610635,arvow.com
626104,smartpeakgroup.nl
299258,spokes.network
59293,japantravel.com
352872,findpawpal.com
875431,reporternewspapers.net
717710,kpopclub.ro
275347,rskoshi-1.ru
576524,spiicebazaar.com
582767,easproject.com
820128,rshld.eu
864412,epanel.pro
805148,mygreenstamp.jp
509341,speedsterowners.com
450698,lokoz.net
294818,betwinner-66122.pro
183729,mrsk-cp.ru
444345,epicarmoury.com
822346,sebasspisso.com
3382,hoster.kz
760919,black-porn.org
782692,granit-parts.ro
602002,i-net-server.net
916955,herworld.co.id
390742,coek.info
930041,megayachtnews.com
48783,kshosting.co.kr
939141,louisvillecardinal.com
259290,maindigitalstream.com
798765,m5p7r9t.com
331374,prospr.work
389655,forum.kiev.ua
988861,deephealth.com
932405,cdnstorage-45.sbs
374503,uaex.edu
841976,yamancis.com
996998,agrohim.in.ua
43313,ordinals.com
574983,veryshortvideos.com
273002,db-thueringen.de
613139,etek.ru
171517,xxxlesnina.hr
939288,trappedmc.com
306871,cz001.com.cn
801883,mgwin882.com
724115,mainframe.io
175894,97faid0d4bmpph3wrxhv.org
271556,as23951.net
686552,jlwockee.xyz
432744,cheonantel.com
102183,sugarlabs.org
785625,hondaindiapower.com
456701,liveslotdemo.com
459059,noblego.de
832902,toysishop.ir
107530,papaya.com
883266,earthindia.org
364822,myidealis.com
776409,ezanalyticx.com
543373,filmsporno.biz
315893,ent.ai
275494,datalegend.net
609902,jowo.de
954058,0-w-5-7.com
761466,boltbet.co.za
445586,beo.zone
134703,ysu.am
168527,evision.net.au
818397,reddyvip365.com
563629,ridleys.com
89574,novapayment.vip
746642,123ambre.com
983504,pays-ancenis.com
210051,kool.com
77672,iwarp.com
533226,guidetoislam.com
733544,pehlivanidis.gr
895235,primewirecable.com
47164,pravdnr.ru
818489,reelshortmodapk.com
848071,jordanshoes.us
728496,jinqingtech.com
333165,gambiohub.com
713419,nb-kuaimiao.com.cn
325202,engageli-prod.com
658882,morflot.ru
53758,aarnet.edu.au
68869,etop.pl
23713,anupsagar.com
367600,greatplacetowork.co.uk
413487,sicoobnegocios.com.br
893771,gandhanra.art
545544,setnine.com
781699,global.ac.kr
118524,b144.co.il
470339,3x1.site
14131,dollartree.com
62122,aima.gov.pt
242612,medinfobooks.ru
906523,silkroadstudies.org
653888,familymart.com.my
245251,fordraptorforum.com
647041,honestlyhealthyfood.com
517687,mattecollection.com
712570,nosticcentesm.qpon
793868,klinikkulitkelamin.com
528246,meetjustenjoy.shop
146196,ns4.nhs.uk
55717,freechargebiz.in
352908,24hoursoflemons.com
222602,mmojugg.com
80900,powerpay.ca
388902,csstix.com
321524,binorsemok.net
706016,iluria.com
675080,codeinsolution.com
790412,jili2.pro
971531,jez4.com
522018,mustedu.com
45876,techsoup.org
364862,parapharmaofficial.com
5897,symfony.com
838665,wakanow.com.gh
36087,project1service.com
14843,planday.cloud
977889,axa.cz
927293,zmodeler3.com
667513,rapidjackpotworld.nl
628643,cmlviz.com
417787,acezone.nl
97389,waterfootprint.org
960744,axa.web.tr
167822,xn--80akiinbisaeq.xn--p1ai
258464,buguniaotest.com
525103,opi7.casino
907084,pennantpark.com
898499,velapraha.cz
754012,alphaxtang.com
766610,cloud-keiyaku.jp
592356,ruwhasmy87.top
523439,ortocanis.com
788370,interactivelink.my
220945,kwr.kz
524694,forumtek.net
732301,rostock-port.de
175704,baydu.co.za
965420,dns-leak.com
885805,izoc.net.br
717436,bal.org.tr
427017,siyahmelek.site
860946,rapidcentral.nl
937701,sagw.ch
142889,delhihotelsqueen.com
412808,paiinternational.in
6710,bajajfinserv.in
133807,nurserylive.com
311246,soutalomma.com
421262,twinq.nl
965142,lebensraumblog.at
230481,ilgiornaleditalia.it
43193,gov.ro
959351,geyerhome.de
747714,333pwp.com
796944,linkmaxwin14.shop
803569,moorescyclecenter.com
843784,zuhanykabinpont.hu
929681,temospio.pt
613450,sbercloud.store
119561,hjllog.com
656908,hatheaven.com
914428,dlt575-pastihoho.net
71371,peer4you.net
248621,bowlofdelicious.com
964441,1xbet-pxek.top
548425,casscountynd.gov
873543,packs.ru
130496,axelos.com
309846,usa33directors.xyz
895017,cyclingoracle.com
902297,ffa.int
485057,liankenet.com
628464,reseaudescommunes.fr
902464,belagro.com
405081,bibleframeworkapplied.org
83372,slivakoff.com
411712,swiftnews.net
231628,jyfenghui.cn
600549,themelock.com
722350,topshoes.store
963840,mp-dns2.net
469557,crossville-chronicle.com
865902,getsmileplus.com
114472,11xplay.pro
511527,ahaspeed.com
93643,kvsangathan.nic.in
652505,climatecentral.co.uk
442305,bannerboo.com
935998,avcompute.com
412242,hymy.fi
207207,simple.sv
497315,af36.com
580940,fera.co.uk
375176,delawarebayshorebyway.org
28228,locsec.net
556392,247pussy.com
603650,oscar-wilson.com
404127,sju.edu.cn
40669,instaon.com
299079,louvrelens.fr
943123,revista.de
346309,guests.net
631542,cyberiade.ch
298094,generation-free.org
545942,twstay.com
510481,fryday.am
910080,uzes-pontdugard.com
583370,ua.org
635240,lidera.com
421624,oweb.cn
906463,insidertodayplus.co.uk
232387,core-networks.eu
184528,chandoo.org
564962,tv-sevreetmaine.fr
428200,sigmage.fr
150448,stevens-tech.edu
395744,sportsace.com
630600,buddypress-es.com
604131,verdanadesk.com
472286,thehearthsidecollection.com
732691,live365.net
731740,glowpath.au
471431,apts.edu
164650,forces.ca
762569,buenosaireshockey.ar
118950,steelrust.shop
740656,familycard.info
484905,balkanforum.info
981464,souleskitchen.com
644909,vive.dk
177310,dpr.com
385984,cobsbread.com
215632,kalviseithi.net
817195,r2p8r3.com
469323,allsekrets.ru
366306,mechagames.ca
22833,ligamagic.com.br
373626,gitbutler.com
707788,fiberar.ar
308880,enjoythemusic.com
959042,tanar.ru
526547,365time.com
65284,infogalactic.com
792091,kalyanastrogems.com
735829,itmtrading.com
492986,podcast365.de
98804,devby.io
793067,kgp.info.pl
964989,bowenka.com
964611,r2087.com
63863,icecasino-ca.net
474837,xvand.com
59158,kumanichi.com
938396,intmedya.net
90433,safetrade.com
124380,imu.edu.cn
330269,ebecee.com
19094,tliveplay.com
165680,arrivelogistics.com
785229,hjhrms.com
316768,vedaoils.com
437095,ahava.com
558695,harpgallery.com
920127,americanmediainstitute.com
196540,xhnet.blog
38361,commonapp.org
839417,wga2.live
426386,chassons.com
468278,clearchronicle.au
197835,abanet.it
538597,toyacademy.de
930590,cmkosakha.ru
258161,3dyayinlari.com
644933,pupspack.com
365549,reynolds.edu
956398,aptinet.jp
785973,houseofsuniyara.com
341407,schulranzen-onlineshop.de
375715,aestheticspro.com
294014,new-energie.de
521004,thelinknewspaper.ca
424826,franciscus.nl
757273,averyard.com
483691,xcloudphone.com
686535,somethingaboutrocks.com
132271,67n05.com
940389,cloudflare.pro
321802,fajartoto082.com
347204,zee61underss.xyz
172570,nycsubway.org
244733,barn364.com
358698,cluvio.com
26668,veevacrm.com
767861,corodomo.com
964373,bonusmeister.com
727559,semba-center.com
557343,web-camp.io
48081,bingoireland.org
739516,xxmoms.site
773390,ebilit.com
398834,zee7ranges.de
488857,ukrdns.net.in
700755,deurtotaalmarkt.nl
585732,antiquemapsandprints.com
645320,operationnull.com
104214,mos.com.np
453536,sharktrust.org
267483,superstarsbio.com
581478,mobilehealthconsumer.com
501034,alarabyplus.com
256259,hogvids.com
944297,coresuz.ru
890789,longlandclan.id.au
45541,flitsmeister.app
995507,canpointlive.com
594439,macplus.net
176443,weshareabundance.com
603946,ngcomworld.com
124951,ucshare.app
934515,donsen.com
329135,megaplex.com
279779,s-search.com
223005,fasthealth.com
968214,bwsdns01.de
365217,shrinesolutions.com
317177,philips.be
447796,etranzact.net
624452,semantic-web.at
715455,mogilev.in
322018,indowdmaju.site
156188,soundsofscience.ru
697148,hasebikes.com
151503,bookassist.com
31414,carter-cash.com
197698,dedicateimaginesoil.com
959285,dailyculturenews.co.uk
658588,visitsequoia.com
119637,medici.tv
805774,na-na.media
21905,chatblink.com
183511,telekom.mk
647866,solidsport.net
246623,homment.com
493228,adrspasskeskaly.cz
88743,hx4983dhh5.com
403586,simplereg.co.uk
994229,iporto.com
265360,gdx.net
673976,3eck.net
967114,journalclearblog.uk
910143,mwazone.com
207653,pangkalantogel.company
41765,zipow.com
291715,libotv.com
16409,astrum.team
252919,away.black
41352,gccrunchyroll.com
59283,aalqhky.pics
478790,receiptstarapp.com
847377,484-scdn.cn
367243,rojbash.net
371963,alicesoft.com
337162,bdsmsexlove.com
887126,x-peng.com
403936,i-cias.com
948365,cctvbestservices.com
418656,aisvesseltracker.com
325181,grandpashabet1305.info
413446,prenoms.com
334400,bgnes.bg
831249,theshitaramanga.com
386369,manufacturingtomorrow.com
262256,roboo.ir
431587,getatext.com
554888,heartsstandard.co.uk
207998,98wintrangchu.pro
788137,innotechshop.hu
150510,ukrgasbank.com
810578,outdoorlads.com
808506,o6k6e6.xyz
930176,kurzlinks.de
475979,zan.sg
209556,pgcc.edu
455339,telenorquiztodays.pk
725781,vrfy.fi
731034,skazki.online
854459,axahome.mobi
667978,smart-ftsolutions.com
619136,shinhan-corp.com
986506,husite.nl
438447,dhph.ru
675578,knuthing.com
638347,globalepic.co.kr
597920,beautyk.ua
705818,kjiasgfo.net
854391,teamwarrior.com
811401,panpantutu.com
341115,arphahub.com
94978,phaistosnetworks.gr
674647,stunttime.co.uk
978984,mscart.ro
811702,partenairesactionsociale.fr
695068,rompetrol.ro
727508,shapeshed.com
343817,dachedu.com
905740,neatthoughts.us
128054,toco.id
537601,modernspins869.com
955810,clariontech.com
567239,kontakt.ge
648164,eigenpage.nl
903344,ntn.ua
631185,tegos.ru
950044,pulseuk.uk
708886,xn--90ax2c.xn--p1ai
136873,uni.opole.pl
41326,wetterzentrale.de
454937,mobisoft.fi
258042,podcastguru.io
591865,ishd.de
28098,tencent-cloud-gslb.com
27113,all-inkl.com
754597,anarabos.com
612379,connectedroom.io
548214,mumbaisuburban.gov.in
97075,konami.jp
939414,noidapiccoli.com
262745,yfantasy.me
825805,socialpanel.pro
142845,grobonet.com
165042,cement.net
749670,775k.top
628848,awsdns-us-gov-46.us
897343,pornonastya.tv
612842,boldfuturetech.se
179621,sdutcm.edu.cn
892184,lkgs.net
367324,adonaitechnologies.com
805129,mygift.cz
980946,zentis.de
878461,cloudef.pw
804077,mr88qd.com
476933,napolke.ru
78190,timetrade.com
609126,bestaccessdoors.com
701657,889992881.xyz
171622,webforgevps.com
120001,larimer.gov
63065,lloydslist.com
946300,servoprax.de
188043,referansturk.com.tr
607698,p-a.im
473750,notslow.ru
295309,payment-gateway.io
805905,nagaslot777win.com
685799,betterit.com.au
399631,local-trust.com
548741,dianxaingdj.com
996667,9crbet.com
722620,hobbystore.it
516607,careawareconnect.com
878602,thegotham.org
84114,starrassets.com
822045,schackonline.com
600068,reblot.am
31641,yu.edu
691720,bosch-home.ca
400261,javelinaweb.com
738778,guardgazette.co.uk
609802,91xjr.com
347649,lordfilmis.lol
225456,khazar.org
618570,sprkontti.fi
385540,7253.casino
304889,fantasium.com
933260,nikeeyb.com
779317,ftunm.com
591333,pkembed.site
237302,escortadvisorit.com
220383,eridia.it
955963,lotuscrafts.com
256713,motordoctor.fr
328199,smnewsnet.com
461540,11net.com
98678,atthalin.fr
666770,kakabiu.com
405416,systematic.ru
112655,riverhit.com
42026,sheetmusicdirect.com
256865,hookerfurnishings.com
961668,hobbymodels.lv
460940,krutonium.ca
106079,avalonia.com
270623,graphtochart.com
985996,host97.com
365518,venezianico.com
972633,tessdeals.com
742739,toilesfabrics.co.uk
305315,pechakucha.org
847746,xsexx.pro
247506,cylex.ro
66829,lcptracker.net
568439,vincci.ru
659073,gitplanet.com
635279,webhost1.vip
511389,bnext.es
235507,jnweisnang.cc
979687,getgitorious.com
59221,ups.com.cn
65694,flixbus.fr
572739,zerezes.com.br
852297,wongm.com
140260,batik77com.com
480995,tlock.ru
625446,ylzhaopin.com
971672,leniswims.com
14436,upzero.net
939713,catlinxllife.co.uk
735547,hiedu.cz
768103,cpournous.com
650685,gm-cdn-d4oi-lt7zcfs-35ymvrj.com
986252,bod.org.uk
957893,vcra.co
768489,crownelectricmobility.com
597899,barbecue-co.com
496174,moonpod.com
178305,refresher.cz
702386,allpiconline.com
674715,bellaroma.mx
495046,jobthaiweb.com
612520,subaru-libero.cz
853787,easymoneyslots.com
639021,entnet6.com
376116,questcdn.com
813087,phnib81355.com
61463,darktable.org
899495,axabankagenten.com
333237,ardian.com
216878,protemos.com
249720,click2win4life.com
765407,cheriup.gr
857853,doktorplus.net
451261,theearthlingco.com
465368,izuhakone.co.jp
579357,aniten.biz
752853,agnegocio.net
629281,baches-direct.com
86606,apploader.in
428552,alabamaweathernetwork.com
455298,parkonic.com
352762,4782.casino
532605,aceraceparts.com
482973,legalone.com.br
402526,mta2.net
508822,fares.ro
942185,landofvolunteers.com
865141,douglas.si
627558,leonsibunglon.com
215993,maisjuridico.com.br
499416,in-ascanner.com
235575,pixiereport.com
933531,omgbigboobs.com
594608,czyborra.com
659593,cfmoto.ro
702609,centrodiagnosticoippocrate.it
67809,theshaderoom.com
580418,3d-printerstore.ch
625403,yoyi.com.cn
819788,ropek.com.br
845814,somalilandparliament.net
241458,nsb.no
671409,niazshomal.ir
904918,ramakrishnacentre.us
689203,nlchp.org
451885,logicpulse.de
325256,whynot.com
773197,earthful.me
847424,pierhouse60.com
654977,humentum.org
714005,veertua.com
899027,socialleadwizard.net
236102,irishrugby.ie
527569,baucarkitaselangor.com
123354,turndown.pro
711435,europe-re.com
936134,alphascaledistribution.parts
325212,ivis.org
542998,xkts.de
811151,pakin.lat
660212,ndconst.org
516534,seq.gob.mx
315271,arte.co.kr
328283,kasteeldehaar.nl
598135,celltronics.lk
53541,csbsju.edu
252505,dailynewsplanet.com
557465,medialit.org
21828,distrowatch.com
873210,cari4.com
631406,pin-up-azerbaycan2.com
249970,kateraworth.com
768588,csd.gov.pk
257759,idealtechnology.net.au
355303,cycomi.com
198802,postovabanka.sk
670926,mettle.co.uk
46217,getsatisfaction.com
311191,dnsaegir.com
831318,theworldaccessories.com
553158,spelunky2.net
270513,jlidesign.com
423131,bachhoadep.com
646879,ultimateslotstation.com
811076,paineldegravacao.com.br
130334,y3cdn.com
534701,urbanohio.com
750759,8c99.asia
484094,fhopqw.com
68495,goconcourse.com
88521,fuelinspector.com
959513,stakesblast.us
395138,salamancahoy.es
442372,accuraq.com
875144,norsk-kylling.no
139138,saint-lukes.org
954174,vd1.one
305339,hpyrdr.com
300992,fluidbranding.ie
469704,signetjewelers.com
211587,frhc.one
925739,isotec.de
345906,foodnotbombs.net
605207,vertexreelsplatform.com
12903,xiti.com
834300,typing-speed.net
333446,w3infotech.net
494095,magicstreams.gr
270769,endpolio.org
330767,moon7oils.shop
60581,bahamas.com
549623,gumi.ac.kr
76173,rsm.global
341953,keydrop.com
928347,digital-operational-resilience-act.com
916279,bringchange2mind.org
20833,globaldata.com
18394,ubuy.com
609999,sanidadfuerzasmilitares.mil.co
921027,kornet.com.pl
985424,edcheck.co.uk
337633,usedvending.com
715201,hydrosan.eu
552727,inferno.fi
470382,huxley.com.ar
685011,thebestcalgary.org
330217,aisera.net
108092,ojornalistaapp.com.br
695540,freetube.com.mx
170891,ethic.es
28960,aerobasegroup.com
497395,hicat.ne.jp
857843,smartbiz.tr
379614,yttcpb.com
258045,metlifepetinsurance.com
336204,fmdiff.com
109140,mailerhost.net
320080,vendernetworks.com
585352,megaone.com
105416,airbnb.com.sv
595602,senatewatch.co.uk
356406,mayanpyramidhotel.com
70591,neory-tm.net
250734,netbenefits.com
245573,teamcloud.am
103631,picarto.tv
354230,sornavellon.com
445038,mahindrauniversity.edu.in
810037,oradeistorie.ro
446921,e-dian.com
410239,nzguitars.com
45652,oneproxys.best
623754,muslimscholars.info
56057,nestpensions.org.uk
520213,todaypda.com
235012,cinemaos.live
326820,isnichwahr.de
803898,movilidadavanzadabello.com.co
442046,ntry.com
156412,kingswelliesnursery.com
852864,valtrexmedication.com
791641,k-gays.com
726730,f168.tech
387818,duravermeer.nl
363120,digitalnet.com
951141,casino5274.fun
252890,tarki.hu
529829,pulsemcp.com
807574,nn88.ae
873589,ymgjzgsp.cc
692591,vmodtech.com
688672,cimbaligroup.tech
269842,chinalawinfo.com
83114,mirovina.hr
919182,krkislandhotels.com
901797,groove-x.io
407067,aakb.dk
531861,clarityms.org
165337,nineproxy.pro
289864,oneselectsystem.com.br
872960,fairside.io
137863,net10.net
987757,bmwbank.ru
212221,skiwelt.at
760155,bhcportal.com
984967,fnps.org
864765,codebender.cc
982753,badgereu.win
394677,lashnextdoor.com
279263,fashionreps.to
168050,glafka.net
993478,mystock.com.tw
120451,zse.hr
938813,simplereport.de
943522,skyfilabs.com
51909,getsession.org
654085,textilevaluechain.in
648612,zeitloschoen.de
776577,f5v9h7e1.com
778696,ford-esklep.pl
388225,lightwaverf.com
40262,mybluepeak.net
389367,downdetector.su
809189,olbius.com
565136,de-s3.ru
951629,everywritersresource.com
814265,poetry.ge
541543,honisu.com
9096,webassign.net
491765,togel.kitchen
789860,jardin202.com
189545,euroresidentes.com
75773,triolan.net.ua
877248,powerwelldc.com
624257,jpmdblog.com
813319,pilarnews.com.br
744706,newsdigital.uk
403176,digi-electronics.au
388425,qualitis.hu
206177,homegrail.com
175699,hogeschoolrotterdam.nl
596500,operationstechnology.io
210443,livekindly.co
272372,trippyowl.com
287881,centralizedpaymentservices.com
147035,faucetcrypto.com
576618,miltonandking.com
350428,hairyfilm.com
655080,poemata.ru
376636,wishfin.com
717431,upnflow.fr
755481,apps-w.com
365976,dantoo.dev
346915,myfreefarm.de
369316,dokuzeylul.com
772092,dpmodellismo.it
311741,h4s232svg.com
831953,tk1971.xyz
474167,solarluckycentral.com
349667,akkyhosting26.mx
385893,diligentoneplatform-dev.com
931425,mhzmyindia.com
27806,m5stack.com
66113,lautre.net
914896,freshguide.us
769976,decinel.com.br
269430,pokemonpets.com
32979,karresults.nic.in
732303,spiuserforum.com
606481,carfilmapp.com
244755,hotels-hr.com
135858,privatedns.org
417685,dallasmakerspace.org
919781,oiseaubleu-promo.fr
275106,bettys.co.uk
235416,storemorestore.com
71726,add.org
8655,keibalab.jp
151555,ameinfo.com
834093,tuttocesena.it
624990,koku94.jp
537013,myniceprofile.com
408866,watchnakedwomen.com
96377,restaurantdive.com
187930,isdown.app
371425,clubalfaromeo.com
713767,tutundunyasi.com
190616,48pedia.org
582917,greenhealthycooking.com
556511,reportaspain.com
667789,pornhdxvideos.com
176957,bbva.it
2723,prezi.com
514260,adepteo.net
712611,gorontalokota.go.id
464514,baudville.com
285198,mxporn.ac
280766,iparts.ee
59232,um.edu.mo
653432,supremecasinolounge.com
695298,martz.com.br
209583,cbsolt.net
233712,mobspares.com
914771,stockholmfurniturefair.se
168673,thestrad.com
346188,thesystemsthinker.com
332990,web44.net
253269,lynxcontents.click
172791,griotsgarage.com
128965,findamasters.com
659443,kiaga.com.br
322833,t8m3x7.com
42788,stayfriends.de
566930,tacomaforum.com
554642,klikwin188.net
407060,alphaslotstation.com
924728,rsc-server.de
885938,denoordoostpolder.nl
967267,grinm.com
752078,acchelp.in
809985,optik-toto.net
897761,hagallnode.si
114914,nordspam.com
319802,revolution-energetique.com
827189,starbroker.al
840259,worldofoorja.com
794197,kombuchabiotics.com
43138,fh-koeln.de
239528,archaeswoo.com
448576,sindad.com
673810,3ds-max.org
714770,bizay.nl
518901,invision2u.com
638738,go.aws
100003,tradebearings.com
779646,futunatura.si
447400,thematuresluts.com
553915,anime-studio.org
468533,crescolabs.com
376085,hostrix.net
9098,lesnumeriques.com
938636,sofokleous10.gr
321549,botakleo.com
722983,tingyutech.net
117749,zahav.ru
934187,devliegendebrigade.nl
602005,igotasubaru.com
180722,pinayflix.uk
419932,cymnb.com
192554,equitygroupholdings.com
924035,echofuture.uk
777348,feelfitcenter.nl
277842,mrmen.com
310125,zooantwerpen.be
769426,damatec.com.ar
509624,owdding.me
3222,cbl.gov.ly
447421,hagelstam.fi
95566,ly200-cdn.com
287822,eatstreet.com
613294,proservice.com
15697,imginn.com
316271,vitaminkoo.com
630682,pphoki.com
224643,muzzel.ru
132657,apsis.one
526119,punchedin.com
679268,pixevety.com
494728,codiceappalti.it
614042,rothstaffing.net
110053,dkdir.ru
312424,aussiehoodie.com
993100,betreport.nl
314008,dela.media
280611,nationallampsandcomponents.co.uk
703011,sdis14.fr
482346,autolac.com.br
260209,desicollege.com
942597,antequera.es
406073,afrotc.com
700759,marmara-sterling.com
944173,asys-group.com
816467,pwstasp.com
244319,jssm.org
402295,landleven.nl
917528,pymolwiki.org
637077,handmadeintheheartland.com
836632,vdrtrader.store
823401,shambhubet.club
8024,cylance.com
165671,go3.pl
891461,goldendesi.com
211276,afternorth.com
725223,makercase.com
947186,top.host
636641,franciscanalliance.org
281785,srhtech.net
818618,rektabold.com
317677,20770000.xyz
227431,idealsciences1.com
805055,mydovetale.ca
934882,tourclient.ru
779230,frolalirt.com
758070,bakerssport.com
141575,dutchreview.com
434384,tuser.online
489670,bridgestonearena.com
745927,ud-tech.ru
231673,northcom.mil
109239,salvationarmy.org.uk
18901,funeral-notices.co.uk
662061,allurereport.org
340563,partir.com
110279,mqtt.org
859744,namobot.com
247967,fradi.hu
43173,chadd.org
807952,novaspiredigitalmarketings.com
476937,extreme-bondage.cc
932945,liliputjatek.hu
688368,rockportmail.com
73031,adels-contact.com
57290,leanplum.com
89663,unsam.edu.ar
953362,92du.com
623986,panamsports.org
914400,epicchain.io
332336,statmemory.com
194883,7censimentoagricoltura.it
215598,jungtan357.space
376873,tradetools.com
627827,cm-sv.com
871466,msoft.af
1383,nikkansports.com
627871,focusrh.com
406380,attackmagazine.com
1553,redbus.in
656085,a1234.info
601238,retopro.co
329953,xlgaytube.tv
764056,cartoll.ir
805319,myndsaas.com
84899,ettnet.se
190327,sinocare.com
521682,wwe.biz
798640,lytzthebest.com
672870,kentakai.com
616322,avlabo.com
931659,expired.sg
416121,harddrop.com
143888,argyll-bute.gov.uk
897624,transmoralis.shop
79302,spk-berlin.de
508728,amatw.org.tw
666148,travail-emploi.gouv.fr
332276,affinew.com
115346,madkox.net
663340,aogr.com
370797,elle.rs
9738,uukanshu.cc
328400,69sb.cc
342518,skoda.fr
903727,pepsicoito.com.br
390327,cyu.edu.cn
276623,discovermerchantsettlement.com
819384,riwiacollection.com
497917,futureslotspro.com
808204,nudeuse.fr
698387,chatm.com
415730,gamgokbiz.co.kr
771078,dingdong82764.com
227798,uu8uu8.org
535710,bessec-chaussures.com
896578,netgobi.com
691110,kygo.com
880788,gzjlmr.com
311236,moon33ables.shop
182552,bsjgjt.com
498695,regiaonoroeste.com
574516,qtfo.cn
680550,kinomanone.ru
236129,frenchcarforum.co.uk
936009,strong-tech.com
578368,coderspace.tech
699914,newlordonline.top
133286,nagawinplus.site
186647,lubman.pl
672455,re-library.com
801980,michimall.com
88885,pharmacy-x.co.uk
744601,visitlead.com
280504,mattkc.com
485841,208g.casino
52951,konviva.com.br
216191,mochi-ya.com
283884,bisebwp.pk
755221,aphrodite1.casino
805912,naghshealmas.ir
270501,skinflow.gg
671466,wisebilling.ru
752926,agrosoftware.in
710545,healthywage.com
420487,dadoftheroads.com
412167,corepokermarket.com
470754,thelmagazine.com
723413,millichronicle.com
66744,owdcodgersontour.online
765134,chan-bike.com
251468,hctra.org
387435,sahityam.net
982441,islandhospital.com
246826,webpartners.co
983189,nyfikenliv.se
551084,aclt20.com.au
657859,densan-s.co.jp
964784,bankerim.co.il
674601,guanxichudian.com
316810,zee33mornings.xyz
640375,inshotzpro.com
416100,allsop.co.uk
913149,lightship.net
477903,lejournaldedubai.com
232576,webpkiplugin.com
808147,ntgsfund.com
71116,mfortune-casino.net
336719,90tq.net
327076,dnstool.net
714865,click.gt
449774,hdreska.club
12246,itoolabs.net
683062,promaxelectronics.com
469578,rivieratime.news
687454,musique69.com
289710,igot.run
800269,matemaginando.com.br
104913,bto.org
715228,invidcomputers.com
372685,inovanet.pt
238858,ge-dns.org
367193,folkeskolen.dk
234847,wfwf473.com
367766,dddscom.com
68786,abctelefonos.com
877838,mbike.com
109197,dissidentvoice.org
398228,portlandmaps.com
553192,cosmiccasinohouse.com
464971,socialpubli.com
609462,trueeventscorner.nl
101248,billyj.com.au
457258,autowelt-schmidt.de
479633,breastinstitute.info
271362,okx.pro
463432,aie.su
159797,aybu.edu.tr
270065,moleonline.com
509785,bighostservice.com
593183,savoirsplus.fr
615582,nextgamblenetwork.com
462767,daffodil-hosting.net
544151,distritostreetwear.com.br
229181,thekking.is
169024,vt3.io
827645,streckermax.de
678709,somaliwave.com
356960,stellarroyalflow.nl
631013,freakend.nl
123820,key.live
262361,goldenvolunteer.com
144194,lapak71.com
634210,broads-authority.gov.uk
894662,overdare.com
515016,3d-hentai.co
153669,democracyinaction.org
118007,dachain.io
28109,redflagdeals.com
745310,paclights.com
521265,ricoh.ca
729607,coyoteblog.com
851712,az-pinco.ing
146245,plrjs.com
261394,mova-shop.com
234721,senior4d65.shop
275371,paraplegie.ch
770257,dentisoftonline.com
635600,erofilmy.net
767574,consorciobrasil.com.br
698181,metr.ua
570576,inteum.com
901399,dk-porzellan.de
285013,lqobll.com
245202,carbuzzimages.com
885301,inntelco.de
623505,xwis.net
748658,55c2.com
670049,irelandwestairport.com
328239,agent.ru
682807,lemonlimeadventures.com
497778,alioth.net
601230,bfrust.ru
529245,revistaclase.mx
226229,maoshengwood.com
986915,crowdflower.com
516202,club388.com
610575,3wok.ua
423186,gigo.co.jp
58009,cicero.de
897968,kdg-nameserver.de
636691,stimma.com.ua
79203,eliseai.com
766792,cmr.mx
286348,wj2ep.com
751445,a188.me
181266,geodns.info
947164,ajoneuvodata.fi
997962,babu88pkr.com
625416,gamemeta.ru
711722,pika-kasinot.com
574699,nflpickwatch.com
76354,aba-music.ir
229246,advancedaccess.com
770333,derby168.net
431478,webtran.ru
590270,theautomotiveindia.com
757396,aw88bpm.pro
525442,nye-bonuskoder.dk
482531,crezu.mx
957878,414500.cc
549455,shoujixs.com
217176,sajhajobs.com
935019,pxman.net
704406,swaasa.com
325105,moon61foods.shop
40282,leetcode.cn
117320,vskmizoram.com
921630,culturalspot.org
273078,autotc.ru
859908,burn4free.com
167287,komoejoy.com
300925,alavann-tech.ru
737056,grill1.org
428418,threadz.com
478458,outlinekeys.com
995454,ztasks.app
834294,typequick.jp
862460,nuetahosting.com
337048,adminkpan.com
29274,komikdewasa.art
83450,nyassembly.gov
498453,redium.nl
799996,markasobral.com
942283,9y3qf-azinomo-bile.icu
856686,polskadladzieci.pl
993534,moscow.ovh
160544,tabakstore.de
431713,itoolmart.com
271703,zhaoonline.com
422143,trinseo.com
391134,auxiliarjuridico.com
903821,factoryfrag.com
796087,lebenindeutschland.eu
414550,ecoleduclimat.fr
777013,farmaciascurie.cl
917820,thecenterforsalesstrategy.com
711412,fpg.taipei
623395,obd2-scanner.edu.vn
579406,teaforum.org
853851,suhuslot122.com
577602,hasegawasaketen.com
194945,szu.cz
138667,cityofsacramento.org
946121,e-cert.net
765444,chevroletcx.com
152107,kinhtexaydung.net
865822,koroshhost.com
475638,ipfm.net
828218,superbid.com.pe
829422,talentweb.com.br
607492,boitempoeditorial.com.br
384067,le64.fr
467399,dicks.com
671649,teknoblog.com
30679,textrepeater.com
220311,russiantownradio.net
665874,sportsup.gr
979289,vtindustries.com
341163,uphero.com
172173,boletia.com
242083,dime.co.th
935620,notizupdate.de
624183,thewhatutalkingboutwillis.com
969360,masloprodukti.ru
322243,mabukwin266.com
996827,acatarinensetecidos.com.br
611745,iphoneforums.net
697787,in-cdn.net
890427,chshb.gov.tw
852341,bw-i.de
392960,jigsaws.pro
982431,lucky-kasino.fi
632290,balkantelevizija.net
816226,punamflutes.com
689152,sainthilairederiez.fr
99323,fangoria.com
917177,southeasttraders.com
956628,889993019.xyz
375049,minaprotocol.com
886000,ezvillageswift.pro
856493,thaher.tech
872615,calculatoredge.com
521599,hydrus.gg
602212,showhua.com
738568,altvpn.com
195420,omnibus.net
19109,adovid.com
809232,olindashop.ru
236841,maximilianequestrian.com
168475,illicitencounters.com
980800,axamarketingdigital.com
543286,greenapplemusicfestival.com
65049,screenrec.com
329884,diagnosticimaging.com
305252,tabloidbintang.com
214939,filmyfantasy.com
212653,archtoronto.org
910996,slotline811.de
907747,timtul.com
511489,seria.net
966338,hi940.com.tw
471941,iqcdb.com
660630,vnews.agency
134925,japaneselawtranslation.go.jp
592066,vid3y.com
220156,xoilacce.tv
116044,paym8admin.com
352207,nextcasinopoint.com
515239,cpasbien2.cc
155614,whois.eu
12748,sovcloud.cn
729838,casino0179zr.fun
105046,gipernn.ru
590712,solmax.com
249365,flylady.net
827118,ssvvonline.in
250525,russianflower.ru
855052,ninjacat.io
37783,apphud.com
656442,consumerluxe.com
219616,henryjenkins.org
809445,one2ball.co
137068,vidaxl.co.uk
730847,hrd-portal.de
82702,webme.com
984026,bestonlinestoreshop.shop
467784,digitalistmag.com
253418,rfqexperts.com
912681,ikonica.de
631830,capriceberth.com
927743,plaintexts.us
202393,secntfy.app
878928,mybrandedapp.com
18635,chickenkiller.com
580869,galleriesnow.net
639773,unesco.or.jp
810920,pa2a8cd0.com
626371,atoc-moto.com
304800,aktiviteteruppsala.se
418259,sps-sro.sk
421768,siammovies.net
461354,craftkettle.com
839457,wheels-mania.com
510703,gradient.ru
498265,bangaloreinsider.com
3758,simplisafe.com
337455,nothingbuthemp.net
626413,sexycenter.fr
544981,coffeesnobs.com.au
292993,iconnect007.com
580286,iso50.com
299769,shopcwo.com
865947,pioneerenergy.co.nz
542059,nlnetlabs.net
82498,lendplus.ke
541878,magalu.com.br
79657,essity.com
844227,0typaqr8.com
852399,syriascopetravel.com
216131,mgmotor.it
205555,deductpursue.com
882682,datasn.com
286165,ucanassess.in
728405,hario-usa.com
755082,anuragamatrimony.com
293870,akspic.ru
347249,floozytube.com
231682,gbci.org
886861,howardkennedy.com
655131,maennerhilfetelefon.de
477956,sahibindenhosting.com
329908,hbsdealer.com
800891,medcenterplus.com
474265,sikatpinoy.net
946014,kaspi.az
201915,jltele.net
455914,metrowerks.com
260902,agria.se
699156,redbull.in
820062,rr33r11.com
252175,mangakakalot.art
349647,zee7drops.de
681786,trysnow.com
552024,nowgoal.app
346997,rsgt.com
101688,airvpn.org
232717,econocom.com
588208,luxdeco.com
551046,priomni.de
439181,pulsearenapoint.com
803770,motorslot77n.com
281981,julieroys.com
322012,imajbet1612.com
607741,bayrampasa.bel.tr
235955,wordincontext.com
531839,lostpassword.com
255936,main-xxxtube.com
139974,severodvinsk.ru
51441,blogunteer.com
997105,aksj2777wajjwd.com
674462,arauc.br
94943,sg-casino.io
658101,gathermachine.com
702557,banktalar.com
407120,exploretalent.com
960204,vikingtherapeutics.com
925699,a-hosting.de
986018,blog66civil.shop
461525,youxxtube.com
813669,pkrslots57.cc
162198,leakifyhub.fun
128366,airlines.org
176679,worldtrademarkreview.com
81185,yometro.com
166543,ashcloud.com
375414,carenhancementsuk.co.uk
197738,easyisp.pl
205026,pnhp.org
10849,dtignite.com
787073,idsmile.xyz
597502,hebrewseniorlife.org
842676,yuhmak.com
148287,cookie-less.org
496026,orbs.com
185175,ccicanpro.com
442623,truelink.net
802454,minuc.vn
102094,honeyhunterworld.com
133465,tuna787enak.xyz
917330,watsi.org
289838,netaltr.com
345039,fiberfib.com
243024,thinktechnologyservices.com
455731,networkhardwares.com
540629,5-6.top
895157,latlong.info
530569,52school.com
823374,shahanii.com
925281,ocean.gov.za
867119,infonetsolucoes.com.br
817693,rakurobo.jp
758164,bamkhodro.ir
997089,akagishizenen.jp
636346,seattleavionics.com
231263,pcserverandparts.com
484208,limi.ink
231485,sydpower.com
129430,livedoor.net
114583,acumbamail.com
689726,screwfix.eu
375062,shureweb.eu
618813,nexusdatas.com
726108,blogcreative.fr
355911,95q.casino
976860,sistemmidas.shop
475399,2222s.casino
10407,samsungmdec.com
548174,sneakercage.gr
742161,mini-trip.ru
454940,speedscript.com
201824,doi.gov.bt
873860,touchtown.us
815020,ppe7dey.com
192818,kirkwood.edu
221540,aippt.com
562097,diyticket.it
976504,m-r-n.com
67614,bunkr.pk
748650,55bmw6.club
272221,asam.net
639525,goatpowerbikes.com
274481,xb.nl
858183,awardmag.com
649239,ilmiotempolibero.it
126226,phonescoop.com
271878,helmbankusa.com
413928,acerid.com
600674,unimedsa.com.br
862320,mykmu.net
250561,airmilescalculator.com
168435,microlins.com.br
513455,cmcss.net
420628,partnerbookingkit.com
549564,klaas-und-kock.de
705776,data-stream.io
511308,marbo-sport.pl
832049,tmr168.com
501686,zcebbank.com.cn
529383,movilforum.com
120142,lenovosoftware.com
474257,bushoojapan.com
69919,ondemandkorea.com
595503,hairinjob.com
480644,vampireporntube.com
30614,phoenixnewtimes.com
675534,phpbb-es.com
693612,bookstores.app
743991,visitalexandriava.com
731261,electrodunas.com
245635,moorings.com
868013,tbilisskoe-sp.ru
243901,autotex.de
602369,zfb-ms.de
563995,futureroulettelounge.com
695447,westport-news.com
496446,piscinayspa.com
853546,buergerschaft-hh.de
735434,moon7agos.xyz
155166,horror.com
464501,vinao.pl
383151,suzuki.com
125702,blacksocially.com
8185,partsouq.com
134187,cruise.com
587528,the-bests-servers.info
472258,mint-mall.net
896988,xevion.dev
594166,foscai.com
536704,modernbet13.com
390915,jsycxf.com
729173,coinbound.io
938189,smartflowcentral.nl
410958,99-1.ru
213803,apkhue.com
624739,hermistonherald.com
129274,homeplus.co.kr
26187,instalker.org
787873,indopaket.co.id
448288,pertalubs.com
996072,471979539.xyz
625732,moon-watch.co
93076,dreamexch999.com
443959,bflysoft.com
963478,extremepc.co.nz
313919,colombiawebs.net
611314,elxis.com
296903,al-shaaba.net
616397,competishun.com
170371,ili.ir
884591,osmokitchen.com
97462,kingads.digital
320503,luochacha.top
471884,timesascent.com
186052,sgtreport.com
873505,codersera.com
149799,hostcini.com
741058,russianforces.org
219382,virginiabeach.gov
762015,brahmagems.com
470518,thatsup.co.uk
133903,moshua.net
126818,bliks.pl
975241,55pbx.com.br
860777,inteyun.cn
682906,akcnihracky.cz
50921,momentumtelecom.com
521075,autoads.asia
240190,linuxhq.com
916540,mecc.edu
684402,computerwelt.at
674723,ethicwater.com.tr
302998,tokotermurah.com
9194,tracookiepixel.xyz
628518,tanihost.biz
382361,sukses-tajir.online
363326,humandevelopment.va
904986,startsomegood.com
284208,dunung24.com
593081,jvspin-bonus.shop
256273,netvale.psi.br
260803,maquinadoesporte.com.br
209492,oggiintv.eu
173010,riobet.com
857927,haiyu.com
252501,2mhost.com
751323,9mx147s.co
240188,stubaier-gletscher.com
65470,c-trader.com
957145,net88.gd
66757,soundraw.io
363500,exaffiliate.com
836215,v87h7w.shop
539605,skyrail.com.au
506669,numeric.io
380909,ckg.ac.jp
216757,playou-iq.com
856079,frih.net
218041,vkfilmizlee.xyz
159818,shelfari.com
922822,digitalitis.it
255581,tekama.ru
851270,vhod-official.casino
62391,nearoblivion.space
91206,dataversity.net
376748,krtv.su
411887,calcarcover.com
365412,finntrail.ru
664344,adrisehub.com
117424,fasttelco.net
694858,host-setup.uk
139990,dizipal1552.com
894650,nnsfgljd.com
399083,8515.casino
111651,whatismyip.org
234114,fusiongirl.app
631766,official-lvyin.com
781243,ggf6698.com
102877,inppcdn.com
622371,wmd-dns2.com
49181,userinterviews.com
581620,trjho.com
618038,costar.co.uk
623383,uzmancoin.com
643799,beiwojie.com
844573,primadona.net.id
538454,anniewright.com
370804,stavkraygaz.ru
5709,ultradns2.com
261726,tempo-team.nl
690647,usebloom.app
990926,wispyhardo.top
394761,oldtimecandy.com
633441,spaceimaging.com
908878,dailysmart.co.kr
483088,motoristapx.com.br
868952,trazodonedesyrel.online
845301,intune.net.nz
589158,allmailorderbrides.com
601689,wagasyade-saiyo.jp
898952,storeycounty.org
116536,7wickets.pro
987184,coveris.com
210485,dcz.gov.ua
901849,halcyon-host.com
251680,weshine.im
178299,idws.id
902487,bicolink.xyz
372501,elitespinhouse.com
843179,ze-qqreg.baby
73584,prodlitvpn.ru
233442,beerbuddy.app
274899,novi.ba
830261,telagatogel.com
12378,deodap.in
184404,rakuseimodel.co.jp
353396,abcservs.com
849700,cglcloud.in
704429,thurlownunn.co.uk
681246,iler.com
110448,vital.sh
193575,clientportal.link
286618,qwesxzxngtf.cn
348114,alphapokerstudio.nl
997808,auto-plus.tn
10121,sex-masry.com
819350,risuma.com
19619,apartmentguide.com
302269,tybsagfa.com
514341,memorialhealth.com
178662,eulacfoundation.org
875934,govaride.net
547062,inera.it
270292,dzerkalo.casino
9799,educacao.sp.gov.br
165818,manualsdump.com
978249,nissiserver1.com
847262,ichinobo.com
749340,68u11.com
345538,sdpei.edu.cn
127423,protec.it
424069,asapaerosupplies.com
218758,vyos.io
223757,joy.money
514955,lyclaude.site
193101,uj.com.tw
777898,fine-cloud.net
245308,maturescout.com
798825,m98vip.com
954727,server-on.net
396895,meilleur-artisan.com
992546,modadil.com
716587,hkcorporationsearch.com
484771,fusionluckyworks.nl
407577,tribospace.com
618376,miniblox.io
242166,skinkraft.com
113902,skippnet.com
594453,mistralbonsai.com
618506,thyroid-world.com
997823,autoedm777.com
896181,revue-fonciere.com
718490,cliniks.ru
592959,albuhaira.com
909892,weilotech.com
823178,sexsmsoglasi.com.hr
121614,gabormelli.com
243281,ufinet.com.co
127665,uws.ac.uk
525261,ebucks.com
820838,sadi49.com
578925,vitashop.ca
740838,suihua.gov.cn
356753,moderncasinostation.nl
540257,4627043.xyz
871398,insuriponorogo.ac.id
106226,mlc-wels.edu
55019,bestwatch.ru
383015,practiceaptitudetests.com
495761,mareespeche.com
60331,theleague.com
301069,wolfraw.shop
210681,trannycamshows.com
684164,takdes.net
439309,newsserve.net
775603,esoullyf.in
54415,flashscore.at
906040,csgoco.com
398797,shckp.ru
408297,munozbosch.com
933371,fepem.fr
195200,mxradon.com
533855,digitalleisure.com
966085,tamga-group.ru
785691,hoodehcards.com
277646,cpdwineliquor.com
789604,jagopecahwin.com
196614,cabaseku.jp
620992,casinobonusmania.co.uk
554871,batonrouge.ca
894171,klartextmedia.de
965386,eclipsespinsmatrix.com
75471,opinew.com
554158,euroclear-services.com
697367,9085.casino
905861,smartpoker778.com
313965,isleofwightfestival.com
835836,useepulari.com.br
837847,vivaflirt.fr
817501,rahaspecial.com
566918,pogodynka.pl
642903,xlauctions.com
813426,pinticosmetics.es
630825,main.pl
888212,computrabajo.com.mx
787336,ikontoto.com
192678,idvdns.com
800147,maslot168.pro
556661,stellararenaplatform.com
930249,orbitscrimgo.com
363680,epicarenacentral.com
406303,map3d.com
813655,pkrbet.com
943886,pasqualebruni.com
600731,videodesexo.blog
431104,gazeteilksayfa.com
333586,perfumerflavorist.com
358616,telenec.de
270776,livredepoche.com
602900,moory.fr
733374,dals.com
769684,datapuri.my
732746,jonesgamewp.com
907075,wageraland.co.uk
464455,jishutao.com
240793,venew.io
276763,market-quotex.trade
17539,onthebeach.co.uk
265880,ichkanndasschonalleine.de
367575,1vgames.com
953013,fantasynerds.com
112111,systemintegra.ru
915735,centroinfissiromanord.it
966083,gravura.ru
459278,brightdicegroup.nl
850510,electromechpartsdepot.com
606170,trusa.xyz
76003,uncensoredhentai.xxx
732094,webzerlongwise.nl
218348,zhongdingpme.com
383551,mygovernmentonline.org
747113,1uponline.co.za
594022,sport-passion.fr
317816,nyist.net
894771,xq7777.net
240929,planetary-networks.net
113213,winxdvd.com
408036,frrouting.org
600194,saxoinvestor.be
750442,868paga.com
493474,ziggo.io
347118,bayluna.com
947301,madornomad.com
845490,metadados.pt
604610,diadok.net
626016,satorisan.com
631991,shieldproxybest.com
361077,topelectricsuv.com
936449,frannet.com
364916,adis-assurances.com
773956,efolia.com.br
900047,gmrt.org
812752,peykekhodro.com
374328,80a86cn8.com
482043,nsvista.com
256135,gmb.ro
198950,kamera-express.de
765658,chouraka.com
307381,pokercoaching.com
335550,eblong.com
765771,cidlatam.com.br
19177,denfaminicogamer.jp
87270,23bajeevip.com
689949,atlasbus.ru
257440,intelli.host
64747,cgv.vn
57599,cdc.gov.tw
558326,lesbellescombines.com
395102,chemtradehub.com
370536,toyamashi-kankoukyoukai.jp
117220,sweetroad5.com
17283,nicusa.com
42223,cincinnatichildrens.org
698304,renue.ru
95126,yewiki.org
223697,pantaenius.com
781038,gesturas.com
566022,visitflevoland.nl
123495,criu.org
424471,elcirmo.org
770584,dewagaruda-b.info
278008,g-mana.live
175737,rkhpbpyj.cc
157434,digitalcreators.jp
783380,gurubesar.my
253646,ycshunwei.com
986364,sagerealty.com
179094,automobile-error.jp
285827,shopsmarts.store
571372,astrolog.org
636928,echofiber.us
683092,suio.me
787784,indianporno.tv
776117,evoluaprofissional.com.br
606336,kintafitness.com.au
8682,p-world.co.jp
477625,tourbuilder.cloud
169960,pyronixcloud.com
55626,gamepoint.com
449574,veira.net
28783,262645.xyz
41426,revopush.org
635808,flashreport.co.uk
355898,moon33rates.shop
644608,provrach.ru
378407,youtube.ro
965413,1xbet-vu1a.top
48359,vfsglobal.by
997731,atelierbadajoz.com
814926,poulailler-direct.fr
851792,iperactive.com.ar
261143,ncable.net.au
676981,cases.media
554790,brendmaster.com
185932,rasaneh3.ir
92082,sulasokvids1.xyz
933154,dicausa.com
246879,jackcooper.com
648425,car-diagnostic-tool.edu.vn
20776,lnk.bio
738996,focustechmag.co.uk
877314,veromarine.co.nz
937681,agfmanu.com
667141,babetkovo.sk
977564,supertechhubhub.nl
495511,propr.net
205958,bookdna.com
756342,aslcagliari.it
577142,kwaaijongens.eu
756522,astrialms.com
247237,slutroulette.com
210045,guidefororlando.com
667831,urbancorner.de
440745,islamidavet.com
603078,balticflow.ru
854862,teidetrips.com
444522,axisworld.co.id
707252,spsionline.com
932538,had.de
753017,ai4all.mt
371469,giantsclub.com
332267,gemplers.com
404215,kaizenep.com
207534,financebuddha.com
680443,imalert.com.au
386699,nishio-rent.co.jp
162731,vee24.com
891557,rigasrogainings.lv
512427,nhentai.io
811300,panchalclub.com
818898,resultadojogodobicho.net
651692,ingilizceciyiz.com
262822,consultant.net.ua
455715,irenlucegas.it
93351,gstadmission.ac.bd
539954,70kd.casino
19710,chroniclelive.co.uk
917946,orthooklahoma.com
914580,paradise-tracker.com
744600,orion.town
685991,annaharkw.com
821295,sampan303.work
259418,hotxt.net
3604,gimp.org
846988,s0x.cn
828853,sylvanianfamilies.co.uk
888611,trw-4s.space
787640,in-karystos.gr
557151,oltremare.org
296070,sisteminformasiumw.ac.id
509333,dynamicpokerbase.com
456287,inbal.co.il
104358,doddridgecountyroots.com
667894,1xlite-47644.pro
580303,suvaco.jp
431262,sholland.gov.uk
591223,strobes.co
247608,959fffdae3.com
937398,nethead.se
224484,dolan-jenner.com
276161,uniformfactory.ae
786923,ictpanagency.com
235454,kavkazcenter.com
489053,tubs.parts
689447,chrono24.fi
712339,audi-faw-nev.com.cn
62943,sheplers.com
703136,yomogimidori.com
470900,thevolte.com
323187,fru.pl
594066,healthmedsrx.com
779081,freejapanesefont.com
388176,help.com.br
926911,solar2d.com
118704,familylife.com
650769,almacenesbrissa.com.co
752832,aghry.gov.in
169076,dicebreaker.com
575839,aaaep.fr
641418,chubbsafesonline.co.uk
735675,rapedvideo.com
211774,psgtech.ac.in
409766,infotainment.com
870387,aerztekammer.at
670392,velocityrestorations.com
526381,ehrliche-tests.de
130069,edinburghzoo.org.uk
692774,securypath.com
23723,e-docs.es.gov.br
418695,transitionbikes.com
526832,totalin.net
155072,bethesdamagazine.com
173310,gregmoto.com
946376,toddknaus.com.au
892656,northspot.de
53019,hotfile.com
600970,1018hosting.nl
492413,biggerfuture.com
374209,carebalance.org
554196,superforo.net
815430,primogaming8.ph
869633,eveandersson.com
950837,tecmedicsv.com
835140,undgn.id
161198,mospat.ru
467206,px.de
157406,marrakechtours-trips.com
597266,guidingeyes.org
530302,zee7fasts.de
861496,shuffle-kaszino.com
779459,funabashi-goldenroger.com
207646,afas.nl
484437,fukuya-dept.co.jp
802662,mitraearns.com
816847,qqn432.com
107891,minisforum.com
556850,renthunter.nl
878857,worldgolfawards.com
218094,wc777i.com
957641,chandrakantha.com
132177,ajkd.org
195700,radioworld.co.uk
784973,highstream.top
675978,b4392.casino
704335,reavivadosporsuapalavra.org
812039,payser.com.tr
386133,dokfest-muenchen.de
938943,melbetagents.com
802361,mingobierno.gob.bo
909158,mundoobrero.es
746076,mithatkonar.com
877711,caststream.co.uk
87105,myinfinityportal.it
565932,londonchinese.org
536878,slotjournal.co.uk
954795,realtxholdem.com
180317,eurolab.net
328817,partnersgroup.com
967938,1xbet-ert13.top
646326,mirrorkomik.site
267612,teknosos.com
181921,folaplay.com
533517,trin.net
427135,jeuxvideo-live.com
350594,genesishealthclubs.com
919287,krw.ru
644120,anykey54.ru
460181,google.uz
625402,mypum.fr
210151,toctocshop.com
170936,evanstonroundtable.com
425535,hdzytech.com
249658,lacunarycoefficient.ru
655218,lcshmetal.com
442414,gleen.ai
134987,gomusicads.com
850661,zerorestriction.com
448640,brightlucky518.com
213674,ahonoora.com
765787,ciexelsalvador.com
899699,bitkomplex.de
945881,inflcr.com
274778,sundt.com
990636,blueshorefinancial.com
412386,novabetstudio.nl
190337,mstbm.com
92341,tizam.org
383653,alphawagerdaily.nl
682329,artish.co.kr
277564,beekeeperstudio.io
736575,auscycling.org.au
546945,digitalstore.com
484990,edtech.com
195414,affiliations.site
440980,mz-forum.com
309215,geojson.io
149026,tangerangkab.go.id
770950,diginet.co.il
606526,mvpproshop.com
486974,digitalstack.io
290883,maedler.de
367427,pathfindertravels.se
267606,mbhs.edu
966904,pekaobiznes24.pl
89973,qhupdate.com
637813,dmart.ua
645666,protechdrivezone.nl
127175,madaracosmetics.com
22539,chobirich.com
164305,theta360.biz
179233,icnl.org
811508,papycha.fr
333159,btgonecloud.com
437004,karviservices.fr
899605,efoodcard.com
68545,cigarbid.com
181742,magnews.net
160920,fukuoka-sec.co.jp
977221,etrack05.com
871294,shaltzautomation.com
910168,freecoolporn.com
245165,frikinexo.com
312924,innertraditions.com
803149,modelovip.com.br
412874,sexyxart.com
341794,uslecce.it
890907,parlayempireprime.com
516193,circuitstoday.com
14608,rover.com
48269,union.edu
434643,soldiermountain.com
812140,pcht276.net
142692,bbdclients.net
258263,smartidea.cc
745975,alphapet.ru
563260,radio-philippines.com
243210,casino-i59.lol
563678,madrid-destino.com
180874,dragontranslation.org
977525,charlesstewart.com.au
975397,perkas.gr
942795,onlinecu.in
128925,searacon.nl
66979,codmon.com
892637,pediped.com
324513,lofta.com
268681,benelli.com
296243,idigitaltimes.com
249860,viridio.net
889823,humancomputerinterface.com
142472,caau.online
798728,m3h4k4j.com
290027,tr202512.com
73223,mypeopledoc.com
971950,mr-loves.ru
456863,convin.ai
961101,orbitland.ca
234842,wfwf462.com
115359,mangaplus-creators.jp
903341,itop.es
227472,motorsbay.net
220831,macrosfirst.com
124733,hoteza.com
147724,buchhaus.ch
335053,winbank.gr
764541,ccscentro.com
130998,time2play.com
416731,socialpubandkitchen.co.uk
723048,eru.cz
786836,iceonline.in
314200,clearbuy.com
305101,xxx-video.mobi
564600,ehcbforum.com
406419,williamsfoodequipment.com
892978,emporium-italy.com
577956,alphawagerplatform.com
221912,offlabel.io
601062,baz-on.net
436002,toutvendre.us
538169,edubenchmark.com
857070,mountaineagle.com
153622,advancedaudiologydewitt.com
390968,openroad4wd.com
465741,periodisation.co.uk
119834,bancasai.it
672108,timmons.com
827423,stickerpoint.es
180104,hosterbox.com
550112,apgghosd7j.cfd
719679,racecar.com
353693,almenrausch.at
326643,vdeiyy.com
452145,startpleintje.nl
123436,cbhq.net
208436,coolantarctica.com
889828,jeniustoto.com
360785,fastify.dev
899936,sinergiediscuola.it
560544,strperformance.com
635971,mozcarro.com
373347,if.eu
429790,saintgermainenlaye.fr
664979,elecom-tl.com
434998,amazon.com.sg
924111,post-code.net.au
795172,l3n5c4u5.com
69292,nasponline.org
673814,betpredator.com
772844,e-card.my
459639,adhoster.net
303238,bowling-weser-ems.de
365621,kockw.com
581307,caagearup.com
48308,pocketpair.jp
359449,911truth.org
183940,histologyguide.com
791758,k5j4w8e.com
266395,nnettelecom.inf.br
230831,dizipal2080.com
649731,1xbet-24reg.top
514070,chargedcycleworks.com
902221,ludomani.dk
903094,olineservers.com
197109,soyfetiche.com
815960,psara.gov.in
308612,vyvod-iz-zapoya-na-domu-samara-3.ru
915354,xlcatlin-axa.co.uk
513914,centralcornerline.nl
157074,miraton.ua
154510,xn--41a.ws
41395,pricerunner.dk
404814,gotomeet.com
191586,littlealchemy.com
320708,nautisports.com
880501,livelawbiz.com
690708,rulocus.com
70074,merlintoon.com
50804,polarislibrary.com
628331,dbstalk.com
844917,dztecs.com
476773,disability-benefits-help.org
639374,bomenenzo.nl
633746,smmyt.ru
177705,galeriedebeaute.gr
573678,kiacheapparts.com
49137,caughtoffside.com
522625,didier.be
819257,rimsgay.com
248491,iconbuild.com
835385,univer-novaya-obschaga.org
971238,goldmodernplus.co.uk
226622,rsaweb.co.za
805294,mymheya.com
68659,appalachianpower.com
339033,iflr1000.com
101965,kaminari.space
78647,spd-cloud.ru
173989,wildlifedepartment.com
363857,bidder-embi.media
14171,wtfismyip.com
869218,chroniclesimple.uk
666194,noble.com.au
537556,zenlogicworld.nl
161455,srcscholarsmedia.com
255415,4safety.pl
576144,netlingerie.nl
548047,gumi.hu
66612,golazo.ro
533845,homeslandcountrypropertyforsale.com
551748,abujan.com
824195,sigmarh.com.br
6425,playerok.com
105096,soshified.com
286563,dramasphere.link
70756,transfermarkt.ch
204992,f2j6p.com
782304,goodluck711.fun
662961,jala.lt
368120,cyberbettingplus.nl
853427,andovertownsman.com
77147,dropboxbusiness.com
824617,sisgedoregiontumbes.com
344499,eops.nl
863389,vc.com
350455,tve-4u.org
757948,baemin.in
212321,kanyewest.com
500724,nisanyansozluk.com
294633,reutlingen.de
823422,share.go.kr
135660,greenwebspace.net
768926,cutrale.com.br
712829,scope10.com
591398,kers.sh
980739,simtrepainty.cz
588933,cm88.vision
418293,miuku.net
856829,jha.or.jp
911256,dlta4k.com
185560,a-mobile.biz
100904,bullionstar.com
916210,myslenidne.cz
392631,getthebigpicture.net
230696,eresultats.bj
204398,viewtrade.com
650250,elitevisionzoneworld.nl
526705,weatherstats.ca
975906,focusinspire.fr
284162,digiaisolution.com
914021,watchfreekav.com
82461,submitle.com
377738,baederland.de
245150,cloudnservice.com
61246,slotzen.org
627064,listdns.com
376696,mattcosta.com
267418,austria-tourist.net
498383,xiligolf.com
867681,46maoar.com
317553,1agame.tv
552692,amyris.com
880777,modular-pictures.ru
514358,twmlabs.com
861042,quooker.co.uk
473017,nobetcigazete.com
373615,indusface.com
485241,bankofny.com
421622,casinospinnews.co.uk
104851,aboutcookies.org.uk
972099,propranolol.cyou
945168,popmenudns.com
769186,d82hfh3i.com
893311,kvmr.org
634537,ahdongchang.com
216539,onthiez.com
223535,sinfony.ne.jp
158280,siedlce.pl
107762,aecloud.io
992657,tillvaxtsammanfattning.se
425191,smartfoxhost.com
72115,crwflags.com
460526,grainql.com
517853,royal-house.nl
307699,automobiledimension.com
518051,rusty.com.au
654511,aon.ca
267718,hammersunited.com
354964,radicalphilosophy.com
850723,wesecurehost.com
704693,aglets.com.br
290538,safetyio.com
40938,herbgreencolumn.com
498188,bnaibrith.ca
440648,graphite.dev
801737,meuresiduo.com
469706,globalchristianrelief.org
447756,mediazona.online
127872,jewson.co.uk
108113,qqoffice.ru
466473,mydlink.net.cn
350616,evalight.ro
279192,genoapay.com
968493,zerkalo.xyz
976209,byvampire.com
70481,afc.cl
615831,urbanmobs.fr
446356,lyricsgram.com
614036,spotta.nl
136153,yelp.de
291364,bongino.com
484335,publichealthpolicyjournal.com
29038,anura.io
889660,qvantaro.org
113316,mk-guitar.com
146326,bigislandnow.com
973573,slotvision516.de
944185,idtcloud.net
884686,mwcy.net
936763,attvnow.com
36787,adameve.com
389607,gorilladash.com
513363,whorunsgov.com
622599,investgtr.com
748492,51sports.in
982221,lolliradio.net
333753,swimlane.app
449003,baileyboys.com
73290,clfs.org
930856,apolonio.es
821817,satusumber.my.id
440045,kaufcan.com
394906,grautogallery.com
136681,salemstate.edu
156459,thewinesociety.com
71413,citysquares.com
512624,hazine.gov.tr
949761,xiezuofang.com
355692,obackpage.com
826651,spk-mecklenburg-nordwest.de
112172,iec.co.il
859980,chanel.com.cn
60009,kesq.com
734839,miamur.com
866150,therapymantra.co
112264,geektimes.ru
640090,stretta-music.es
36967,redehost.com.br
34175,rchsd.org
294107,glueletter.com
837838,viva138gas.org
410961,the-highway.com
508136,brainmanager.io
337951,metroland.com
221067,busbud-int.com
556209,trendfrage.de
815418,primenewsnetwork.in
143706,v1digital.com
130337,olato.com
612060,skyeurope.com
927405,eccmid.org
10050,dailystar.co.uk
493724,backmobi.pro
516934,orioasis.pt
509276,annebower.com
376340,pcpao.gov
843121,zarvaz.top
394928,hfcu.org
114586,1xbitcasino.net
612968,hotstoday.com
322377,nadimland.xyz
432529,zeninsightglobal.nl
639896,nsfocusglobal.com
250855,memberspot.de
151768,carglass.de
36252,cronometer.com
590232,petersburgyes.ru
371411,trainingcove.com
958854,walk15.lt
16700,gannettdigital.com
652413,sofino.ua
733797,slotresources688.de
393199,zee7behinds.xyz
957476,sbip.com
23413,99exch.com
92954,crewforall.org
343665,swapcards.com.br
898010,cbdns.co.za
517748,ocrv.ru
43806,kuna.net.kw
571278,grupooneair.com
163658,welectron.com
915545,jtdove.co.uk
666175,mall.sk
111198,atmovies.com.tw
511786,erasmusplus.org.pl
981680,lechskiresort.com
190573,shopatkings.com
979520,cielodrive.com
348491,picturesongold.com
999379,cellopark.co.il
768883,cursosgratisenlinea.com
737747,zonemaison.com
274621,riss.ru
300858,sci-ence.org
389458,partner-alphaintent.com
97400,thecubicle.com
343635,kegnbottle.com
344589,ca61steps.top
249165,server274.com
744364,casino-xplay.com
193390,pesa.net
732835,sport-dostavka-russia.ru
191432,yandex.lt
672230,sagepub.co.uk
885992,arkansasnews.com
358445,namuk.com
676168,xnxx-miss.rest
240035,jack-wolfskin.com
774367,elektro.volyn.ua
696574,glagol.press
573869,busy.az
625060,pet-net.ru
344413,dpcdsb.org
76188,ibanez.com
600191,savetik.io
52666,healthtap.com
129941,slotscapital.org
396046,plitka-sdvk.ru
720279,clearvisiondirect.nl
882732,reiseplanung.de
653964,abudhabiairport.ae
532401,piscatorialpursuits.com
402991,hcaster.co.kr
637687,stormsurf.com
431971,hisco.com
378445,secure-tix.com
115885,theparliamentmagazine.eu
91372,jogemovie.net
645573,aggloroanne.fr
863045,ferienimmobilien-kleinanzeigen.de
471318,seedbox.io
761620,bookizon.it
342952,1851franchise.com
553884,bridge-salon.jp
361895,krisline.com
615511,bofort.pl
953582,iowalandrecords.org
200415,kakaopaysec.com
734100,visualphone.com.br
847526,axalife.com.sg
113062,roon.app
220322,arketa.co
635632,psmfc.org
146253,arval.com
930733,zammit.shop
691165,dreamscapeoutdoors.net
888882,goldenarenaarena.nl
724640,pepco-stores.de
678857,snoweeanalytics.com
628189,camgirlsgallery.com
833461,tripre.jp
530581,easyterra.nl
523598,empathy.com
947282,hollandbikes.com
227681,herewallet.app
248016,longbientruck.com
680222,theedgesusu.co.uk
549179,chankysupply.com
735342,ws-rose.com
480464,ns2.mk
992239,viethansecurity.com
852925,secfix.com
120652,mopop.org
456074,pustak.org
500957,caramenggugurkankandunganherbal.com
927396,frenchmaids.nl
160782,o360.cloud
730585,mgcvt.com
464355,safetyglassesusa.com
329105,lahsic.com
639542,hannaberlin.com
386598,mainelobsternow.com
424648,monolocal.shop
263520,rfei.ru
902800,phanpy.social
374862,laufstar.de
909507,yes4u.co.il
994129,4ashoponline.com
452199,tweetsoku.news
622762,piedini.gr
217082,ritacollege.be
930853,oddsslots.us
281235,guardianrfid.com
385066,wingsandwheels.com
218839,605m.casino
984345,shortpedia.com
547749,royalpines.co.jp
784730,hermosalogistics.com
280417,drtuberlive.com
453955,xguyx.pro
648892,jimsquickdrawfirearms.com
990963,au.cl
652068,40calgames.com
357263,cbi.iq
388421,savedogcat.com
973851,jala4drj.com
714498,gutdolls.com
232752,tomahost.net
712733,nerio.cz
420200,kelloggcompany.com
402745,aerzteberufshaftpflicht.de
192954,n.pr
908735,bravedns.com
828231,superconectados.ar
274160,tnt-tv.ru
165347,groveatlantic.com
21707,fnal.gov
966208,nextjournal.us
280341,portugalglobal.pt
199161,networkx.org
283061,entheosweb.com
446565,burkett.com
929404,tagesglanz.ch
922167,kw-con.net
807944,novaphone.hu
429734,debridge.com
863837,arkhegames.com
609986,easyeat.ai
69781,worldgbc.org
808056,nrcursos.com.br
83958,my.gov.il
637714,acesefi.com
962248,1xbet-gofe.top
534647,qikanba.com
581367,breakingweekly.com
110770,capital-partners.com.au
812528,perfumistta.com.br
517074,alabamaart.com
52314,wrdns.it
559431,miloan.ua
690727,iamovers.org
525686,nwdb.info
997884,awasystem.pl
313841,stanfordlawreview.org
386659,dasaja.co.kr
560625,binsys.ru
462397,columntoday.com
916622,focuslifeblog.co.uk
598742,gescolar.ec
364593,midnrreservations.com
733286,elitearena.co.uk
893753,depotwpf.ru
435403,goldenviphouse.com
154620,migdal.co.il
506565,cascadeloans.com
760123,bhamadesigns.com
841723,xxxtubeasia.com
802451,minthookup.com
864950,perspectivemedia.com
544827,witel.it
850829,maticpp6566.com
180625,handpickedhotels.co.uk
366703,dy0366.com
558540,aohoaviet.com
179963,niko.eu
277475,000000.net
455030,branden.shop
185448,lamodeuse.com
72400,marieclaire.hu
209999,sabadapp.com
920185,age-of-innocence.com
687300,signin.google
773125,eacc.go.ke
945834,coram.dev
203121,opblocks.com
291957,focolare.org
434717,bearingsdirect.com
329127,spb-inst.ru
504048,vidahotels.com
887555,quby.io
298597,sportdb.live
93944,neg6tasl.com
42568,eda1.ru
487405,ttt.sh
722920,exonyx.com
50098,prisjakt.no
795065,kyarafashion.com
828101,sunagolearn.com
452983,costconext.com
223855,gaycity.love
869054,unepccc.org
739754,kyujinbu.com
803222,moga4d.com
446077,adpos.io
7429,tibia.com
403143,precisenetworksinc.com
931775,xifos.net
154528,atudo.net
969273,moon7proves.top
457697,gunpo.go.kr
269119,ukc06.uk
376070,adierpoins.com
271516,worldinfomall.com
725182,firesend.download
746125,aadija.in
22082,sertastore.com.br
898185,vectordecklevelup.com
7296,cloudhub.io
113251,tricycle.org
62544,viajesfalabella.cl
514775,aginfo.net
812671,peterpan.com.ar
13555,hr-link.ru
898979,magnusbox.com
328527,seasidegalleryandgoods.com
962547,7389eu4.com
45191,arcamax.com
945270,secure-ed.com
103,ui.com
735894,kleinbottle.com
219295,tourspecgolf.com
819728,rommelmarkten.be
191533,tkgepard.pro
31720,wurfl.io
495509,filerestores.com
921762,33aml.com
145917,benjaminsupply.com
198768,xgalsen.com
5657,honda.com
371117,youcellar.com
494335,bicycles.net.au
986892,rapidworksworld.nl
747107,1ty2b8.com
697983,ssdnetworks.com
536468,ferrari100.com
658130,clearpathway.fr
201933,thedailyjagran.com
653083,encoding.com
463103,criticalresistance.org
133705,yeditepe.edu.tr
273536,comici.jp
565952,multicom.by
897999,freshonline.us
858764,kashlegal.com
936066,servidor9.net
13611,lieferando.de
265291,mangabox.me
76161,cellimagelibrary.org
205413,pipiping.ru
580050,mrsumkin.com.ua
585411,snapfilerecovery.com
895658,halfmoon.com
959358,stakemark.co.uk
858868,menghuanwo.com
489553,inkasarmored.com
924976,premjera.ru
927613,goldenfocusgroup.nl
4472,ualberta.ca
426416,adaremanor.com
25649,viralxxxporn.com
85494,incaptest.co
537693,quant.jp
294536,oasis38.ru
959650,twinkl.co.il
427074,ideia.ua
694582,unfallkasse-nrw.de
610637,webserv.pro
364576,foodland.ca
306415,movieboxph.app
470116,serverpoint-dns2.com
76945,rustoleum.com
289992,stsec.com.br
748810,56mxn.one
79470,c-sqr.net
207645,c-t-w-india.asia
629836,thisisunfolded.com
938037,teatulia.com
437638,alloywheels.com
533123,shootersconnectionstore.com
183726,sdtek.com
765488,chichgaixinh.vip
134319,dau.edu
802595,missioncentroamerica.com
19656,vacationstogo.com
490787,wordpres.com
918426,twistedblister.com
917364,realmrift.online
711110,carner.gr
430923,avalonadvancedmaterials.com
211548,maquinadigital.net
333551,d20.cz
563878,sydneycatholic.org
29036,inews.id
772729,dwctraining.com
299570,dramakoora.com
397909,dunlopkorea.co.kr
315040,visitnao.ru
73376,coomeet.pro
916829,casino898.fun
465192,systematic.com
818784,reppos.com.br
153366,mangazin.org
159605,dataheiheihome.com
716141,playgameoflife.com
185757,avenberg.cz
202312,cboss.ru
658217,thehuddle.nl
865792,stal-cherepovets.ru
765704,chunithm-net-eng.com
234432,insuretoro.com
182234,unrulyvideo.com
71589,rarehistoricalphotos.com
87346,kumamap.com
989852,bloolee.net
495232,nationalzero.com
417017,paddockspares.com
242595,names.rent
562778,tcg.gov.tw
373332,namaz.su
841984,yamatenki.co.jp
772575,duit447.store
789679,jaiho777agent.com
860621,blitzbazaarroulette.com
889221,imvann.com
717094,filem21.net
467121,homies.la
174886,megamatch.ai
220021,adscdn.cc
395029,maya.live
551822,matchs.ir
608526,adirondack.net
568613,wazamba-8605.com
178611,javelinstrategy.com
135137,kinklux.com
955485,fgcbit.com
17064,liberty.edu
755531,apriltoto101.com
206968,caitlynminimalist.com
73088,yctxgtpokc.net
293458,fistbumpmedia.com
826779,sportssocial.in
992072,stellarslotsspace.com
10617,wego.com
381709,matematica.it
99548,bidstack.com
921643,homylike.com
427589,ryobi-group.co.jp
39684,vikiplatform.com
364854,triple.app
694762,1mal1japan.de
765649,choro-game.com
522070,goldgrube.at
822071,school.ed.jp
884052,22dakika.org
758892,bdg3927.com
143924,19slotgokil.com
118412,frankfurter.app
685982,audionova.com
239814,newtownbee.com
978582,bolddaily.de
650392,o59.casino
929277,cdbelectricaltucson.com
456662,esska.de
317512,bladesofdrayton.co.uk
591395,leszexpertsfle.com
768040,covetrus.nl
170787,nyuhs.org
847715,investinperu.pe
987486,luckyliftz.nl
471887,stellarmr.com
537479,ccl.ru
778522,focosonline.com
422167,novazonescope.nl
22540,19216801.one
450640,intersw.ru
525910,compliancesystems.com
965513,turiweb.pe
677443,nextclubplatform.com
196954,tijuanadatacenter.com
424888,sportsonline.top
317028,ca61stays.de
378829,cookislands.travel
333892,urbanclubmarket.nl
627855,wellclicks.com
306148,ozon.tm
627604,fcqjjjcw.com
831002,theflexapply.com
254200,fntoday.co.kr
4089,google.com.pk
283315,wfuniverse.net
115663,kiwibox.com
589981,infinitebettinghub.com
8688,youappi.com
2502,al-adtech.com
816570,q7m4r2k8.com
218239,xpresstunez.com
595674,ammoniaenergy.org
963042,new-primewire.com
816762,qmed.asia
618978,club830.ru
993132,beyondlink.live
279756,evolutiontlm.co.uk
490347,eramba.org
756275,asianetbroadband.in
60350,proxyempire.io
236720,wasabiweb.se
342140,coreexpert.nl
16813,gamefound.com
660517,gantep.bel.tr
533255,uptourism.gov.in
445059,deepodirectory.com
198975,10010oa.com
345386,snomed.org
845600,leuchtturm1917.us
778414,fluyebottle.com
934651,gemday.com
584273,skyts.cn
774106,einkamal.is
884786,germanculture.com.ua
601681,scsos.com
542877,virtualwebdata.com
868683,digital-insider.ru
113984,project2025.org
261844,wsfsbank.com
870569,htsfhtdrjbyy1bgxbv.cfd
713243,zipfm.net
158873,eondns.net
359066,vn-meido.com
348184,gameresultsonline.com
250260,kkco11news.com
461587,guitarsite.com
503223,nicview.net
201288,miit.ru
734108,highbridgecaravans.co.uk
101004,gov.am
582330,shadowfite2.com
969589,omron-ap.com
764740,cemah.pt
617890,iwsti.com
852270,egiptologia.com
652852,ngmk.uz
844210,sfnet.com
551812,ferpam.com.br
574939,vuvjch.beer
485886,moderntiredealer.com
528804,totorajanew.com
59004,pornoreino.com
695440,margaretcho.com
131497,magica.com
352804,provinciegroningen.nl
459843,phtg.ch
513071,cash-one69.ru
22493,phorest.com
217134,ruanghumas.site
448715,supdepub.com
848724,online-casino-spielautomaten.de
464361,kmxsrvs.io
32421,blz-contentstack.com
389628,arcpointlabs.com
237549,helpwise.io
879475,saltwatertides.com
311333,ticketmaster.ae
563331,seekcrush.com
127689,virtualacd.biz
32323,onlineslot-nodeposit.com
895581,projektraeume-berlin.net
107476,mercedes-benz.co.uk
710652,hackquest.io
44203,app-41283.com
53281,hartfordmedia.online
562526,hila.lt
711590,ys5zrg7r.com
12433,c-ctrip.com
670691,comtalkdns.cloud
196688,meta2kids.com
430416,lianhaishengwu.com
868194,bestcafemolido.com
195811,bajabikes.eu
506139,sra.co.jp
181571,flyflv.com
213628,accidentintakeforms.com
225523,gdfasc.com.cn
291189,renttoownlabs.com
44741,gnolia.com
92773,betinexchange247.in
890501,spencerstuartllc.top
74056,rev.iq
73782,ping-atlas-cfosspeed.com
143460,metronetinc.net
533394,mega-xxx.tv
9862,azureserv.com
161596,links.md
357642,opstatistics.cn
996614,980155.name
317942,risonala.org
967953,bizbudding.com
604523,modernlucky968.com
635290,gebbeth.cz
114536,lamenteesmaravillosa.com
469955,spraktidningen.se
247351,j88play.com
593103,fishbox.com
472597,bxp.com
643741,globalsteam.online
991050,kingsairwave.co.uk
322063,jk5as6df.com
465937,ifleet.cz
103840,misfitsmarket.com
634419,getscl.com
231236,myplainview.com
272192,trueaccord.com
327889,brand-auc.com
831920,tivita.ai
863310,consolebankmax.com
547791,ki.nu
984639,hometechlybrand.com
733467,telecolor.net
242936,aimour.fun
544311,thedaonline.com
346963,sengkitchen.com
286954,v2nodes.com
257600,migrationology.com
700478,yumyumvideos.com
654635,winescout.com
927982,loopi.com
590854,na.com
337460,fairharborclothing.com
450539,powersoft.com
907196,betzoneworld.us
856177,grindcitymedia.com
854638,datasydlotto.co
166621,sony.com.sg
971189,fishfyi.com
950562,coloradostyle.com
475946,sportdafa.net
822722,sendaefact.pe
60097,kfc.co.uk
980900,install.download
342564,sdushor81.ru
312934,starkeytelehear.com
981327,flightsimwebshop.com
47146,rplayrust.com
87246,unich.it
399406,interiorcompany.com
166583,i-netpartner.net
378174,nccommunitycolleges.edu
676865,paranatural.net
151586,securelinkcloud.net
303729,kcsouthern.com
250932,barrancabermeja.gov.co
942889,sourcepoint.com
933312,primelogicroutespace.nl
768540,crypto247.club
39435,naranjatec.com
754419,amobile.co.kr
847199,bokershop.ru
373547,wrizzle.ai
816117,pu.ac.ir
470055,worldoceansday.org
612697,speedupyourwebsite.ru
707458,giltechtechnologies.com
353382,dodbuzz.com
998563,bishop.jp
328470,indonesiaindonesia.com
336494,horseapples.cc
871324,casinozrs.online
893089,shanahanre.com
746902,188w.group
13306,keepersecurity.com
102346,mosfet.ru
874974,duskinstant.com
237932,advinservers.com
82737,zerodayinitiative.com
719596,inbetcasino.top
290125,asahe-korea.co.kr
473512,inseparalled.com
432115,englishjobs.de
188833,dreamkitsapp.com
39084,aplaut.io
30122,bbc-reporting-api.app
240443,lendlli.com
569987,teikyo-hospital.jp
338548,rackitdirect.com
625034,coregamble1.com
87072,the-boys.me
187616,ammunitiondepot.com
268124,jolyn.com
42033,atakdomain.com
68699,bergfreunde.eu
980983,altavista.de
413792,roadthemes.com
725467,lordfilmseriol56.life
429438,bang-movies.com
355143,uniquehomestays.com
26529,liv.ac.uk
83215,tezfiles.com
123139,iseehair.com
669289,i3f2.net
71687,netline.com
440048,1socialize.com
584104,blueswellplay.com
262939,dn-s.org
937834,payme.io
454008,brunswickcc.edu
531116,lightsystemsoft.com.br
500286,journalistwatch.co.uk
813901,playcontentipo.online
154301,ikea.is
35799,attdns.net
487972,sixticks.co.uk
501042,roastedtoperfection.com
947187,tsc4.com
532800,kaisercloud.io
772754,dxgj68.com
900861,qpilot.cloud
988830,artsclub.com
831899,titanjet.co.za
811950,payasia.cc
260512,xaviers.edu
327107,sketch.london
101150,xxxbit.com
235931,gemini-tracker.org
878302,peopleprotectors.info
733531,mobilefish.com
502698,medfoodstuff.com
455923,grupopaodeacucar.com.br
315539,usa33pages.shop
141900,quicosenza.it
722277,sungsimdangmall.co.kr
12259,kugou.net
965236,volkenkunde.nl
877571,widexs.nl
808898,ogorodik.by
557201,rvasia.org
919964,swissparadise.in
498039,munichre.cloud
471990,res20.top
67352,erocurves.com
191937,gosuslugi-help.ru
613247,sanjeshp.ir
810059,orangetech.com.vn
167880,idsc.gov.eg
58211,biodigital.com
489740,hk3.site
67211,wcyb.com
969418,dr-dirk-specht.de
724238,statedrives.com
604268,kingpintattoosupply.com
96997,skyexpress.gr
260835,vincispin.com.es
151706,machomeautomation.com
323553,adac-kreditkarte.de
439480,brunata-metrona.de
850462,luzhouxi.com
410743,theclintoncourier.net
366212,auctionsinternational.com
355857,6w9hps.com
213524,78winnf.plus
497777,netspace.co.ao
563666,sugaredopal.com
74882,prettier.io
497441,payloadgrind.com
18869,investor.gov
96852,kulupu.party
982177,rsbfurniture.co.th
153468,browsertotal.com
818917,resultslotto.us
687029,travelbusinessclass.com
76029,goodereader.com
884644,ridgeview.com
517716,axc.eu
888272,biblesa.co.za
864779,montanapbs.org
641574,hqerotico.com
474798,unsiq.ac.id
622958,yesai.su
950697,motherrussia.ru
624418,klingspor.com
265884,worldnews.com
590860,yabokefu.cn
946954,hochupodarit.ru
928503,mojakomunita.sk
151591,pocketbook.de
242631,campingdirect.com
147959,thepointyspritesclub.com
319132,uniongang.net
362445,rael.org
899950,suplif.com
608204,amira.cloud
689346,filmepornoerotico.com
60721,sisense.com
798646,lz39495.com
591094,houstons.com
387252,globepequot.com
636947,epicura.be
351016,dj.ru
37429,secureservercdn.net
517079,polyzaim.ru
185184,kmtc.ac.ke
88200,appuser.ch
665879,aidants.fr
222481,tanganrss.com
370029,tatanutrikorner.com
816006,psmf.cz
30939,awsdns-cn-24.cn
916855,axisfinder.de
192309,e-shuushuu.net
459849,turbokino.pro
631568,asianportal-fishing.com
81085,lakeshorelearning.com
865833,craftcenter.uk
201090,getvdm1.com
895295,localcenter.uk
168152,postingandtoasting.com
693213,rapidroyalpro.nl
281833,catzwolf.ru
601265,camzillasmom.com
813600,pk1947.blog
898532,findadeath.com
794202,komejepang.com
107486,lebanonhub.app
377328,ksldigital.media
304661,capfed.com
993824,visitwinchester.co.uk
771797,domnuroz.ro
79512,r-s-t-5.com
465824,acosm.com
790817,jobflexy.com
202538,xoilaczkkz.tv
793809,klafoutis.com
253315,anuschkaleather.eu
124090,emergentmind.com
485435,autentapp.de
681189,blockchainmedia.id
383865,catchtable.net
311039,biya.in
38557,ipqscdn.com
680358,unwiredmaps.com
136937,madihost.ru
259268,vaguiosfurors.cfd
734822,modellboard.net
519968,trinettime.com
285759,sanyteam.com
991920,cpwhn.com
616903,toothsi.in
869057,wellfittreadmill.com
38983,pgatoursuperstore.com
218394,jac-recruitment.jp
813663,pkrbet8.com
132939,67speed.com
765392,chenesi.com
859757,rateit.com
694043,dodostarscoffee.ru
504103,ifconfig.so
578903,sagradafamilia.cat
953750,slashwrestling.com
557231,stacysfinds.com
886273,gayporn69.com
320821,dzgxq.com
615534,symamobile.com
836997,vetriias.com
110208,targetbay.com
422526,vf.at
345847,leisureshopdirect.com
200270,elektro.ru
687409,matshotshop.com
882996,rotter.name
814679,pornoenspanish.es
911931,goldcasinofun.com
612661,onlypatriot.com
112786,htx.com.gt
660651,threader.app
98887,smartigaming.app
333282,castlewales.com
581729,onot.co.il
424464,postium.ru
703579,myjob.mu
177710,delawareopencarry.org
244879,saranadata.com
905807,copabet.com
941013,kia.hr
415480,literatura.us
507290,stanradar.com
80075,hdplayer.live
162781,vectron.cloud
329782,arrowforge.de
361581,ca7views.de
811283,panalobet200.com
596159,gartenfreunde.de
77937,weekday.com
714707,atacadocollections.com
642190,roadlakeescape.xyz
682616,spectrumenterprise.net
194375,loophost.co.uk
509860,bergeon.swiss
935299,etnow.com
450827,myonlinetraininghub.com
888607,primebetpulsezone.nl
504839,ellinger.eu
461573,critiqueslibres.com
405255,uniform-porn.net
840941,xiaomistorehanoi.com.vn
904811,slotsbeatbuzz.co.uk
798332,luckyslot444.com
997406,animesbr.lat
857814,l0rdflm-filmlight.store
650770,amelia-store.com
365215,litscape.com
691582,propertyinvestortoday.co.uk
865836,radiusimaging.com.au
638456,febt8y.space
308365,vmd.co.il
884484,hiphopcorner.fr
829481,tamilfontconverter.co.in
899600,barulegroup.com
54039,ottvs.com.br
272450,gwdang.com
965588,lebenslichts.com
836939,vertuka.com
272574,hgmsites.net
645550,planchessecret.fr
53358,euppublishing.com
237100,eworm.de
916425,slotflow101.de
628061,copsuzbakkal.com
223763,cdnjhd.com
727748,dnslab.link
240946,davisvision.com
859455,axa-banco.com
303511,yelpadppcpromotion.shop
248610,unleash.ai
784608,hemkauf.de
73554,freshbets.net
136885,bjpenn.com
494310,consolace.com
61145,december.com
482893,jiji.sn
763486,camperclick.it
65685,netcomponents.com
898639,credential.com
266782,bakerella.com
78580,orical.jp
216950,quytdau.blog
234251,bolly4u.gd
384308,kinogo.news
595389,vod.farm
748641,55bmw0.club
814402,polfast.live
974709,latzko-websoftware.de
543123,mangazeya.com
147530,sdbeifute.com
121023,viberu.com
237925,christenseninstitute.org
167203,minuteman.com
915802,pixelsprox.com
361956,bukinfo.com.ua
156554,usfigureskating.org
589629,zgdlyzc.com
643998,vipisbgirls.agency
534878,selfloveplatform.com
769035,cydev.my.id
289771,lhnekn1l.com
503820,mainstreambeer.com
264244,in-istria.net
276149,wearpepper.com
698190,auktion.se
859978,casino1292.online
376953,payot.com
973220,linkoraland.co.uk
22849,illinoisstate.edu
276424,chtrse.com
28491,btgpactual.com
426240,poltekkesjambi.ac.id
546677,firenote.io
986921,regionetz.net
813963,playnaw.online
308844,securelink.com
194870,zoglo.net
665059,pinehoster.net
789088,italcol.com
873952,ketrawars.net
397062,erkers1879.com
312669,erochats.net
251049,ozna.kz
577566,qwe.pt
172318,flyertrip.com
208815,hashmicro.com
730063,fpr-diplom.ru
193894,rushcraft.net
962146,clientjslib.com
59549,nic.ninja
430544,concert-diary.com
8761,timebucks.com
417990,caixaprepagos.com.br
4340,joinhoney.com
278574,coventgarden.london
149902,snowcrows.com
306493,smanegeri2madiun.sch.id
194610,telugu.cyou
734507,daihonzan-eiheiji.com
448490,saba.com.au
565335,tradessource.com
465923,inet-svcs.com
504542,2411.casino
349374,zencardslab.nl
898360,hocikto.info
862860,sommerimquartier.de
869129,hjtc.com.cn
304002,playpokerogue.com
950904,vopsuitesamui.com
978064,skeddly.com
123433,praiogen.ru
279603,360.net
454622,byteshifters.id
811911,paushokim.com
353246,soliddicespace.nl
230008,cinepolisusa.com
723146,eurowizja.org
261208,papa.com
134540,wildsinospin.com
924767,movexspins.ca
304090,site88.net
412599,qualityunit.com
106782,viacampesina.org
548277,afresh1.com
933871,eib.org.tr
500585,laogewen.vip
173463,ourschool.net.nz
130479,spectrum.com.au
600853,xmbroker-fx.com
16039,mindspring.com
781740,globaltalpakan.com
313904,1bytedns.com
294250,pooltracker.com
586170,mostrapixarmilano.it
561615,our.com
148159,pharmacy128.gr
756805,attmail.pl
90741,wikibuilding.org
861318,faber-castell.pt
997099,akroix.com
739684,megynkelly.com
374567,dolgunhost.com
420538,sudoku.game
44070,dickies.com
545564,pronto.es
777749,film-plus-app.com
309755,pineconeresearch.com
525291,standupnight.com
372590,hiphop-n-more.com
497900,learnbeat.nl
910632,axsguard.cloud
415890,metrazh.com.ua
697022,secoda.co
312241,assiniboine.net
898534,nubeprint.com
355646,globalis.ro
453074,nsp-center.com.ua
859603,hubglobal.uk
480908,lovegraph.me
699641,hb-forum.nl
662185,acibadembelmedic.rs
189904,riptutorial.com
364208,zee33careers.xyz
142964,jra-tickets.jp
133875,sheldrickwildlifetrust.org
795012,kvcc94.com
620426,lidgroup.ru
911717,bdxtbz.com
490067,infocomercial.com.ar
470267,fm93.com
80305,yutori.co.jp
831707,tiktokios.id
281959,vintagepostcards-archive.com
743766,doods.pro
915485,saumyasstores.com
572108,rainbowballoons.com
271486,papadustream.institute
306928,computercompany.net
187333,skibidi-toilet.wiki
507937,cmpsystem.com
310879,storeforce.com
563510,rgmechanics.info
783230,guaratingueta.sp.gov.br
242672,sec17org.com
39983,awesomescreenshot.com
993009,excelrealestateconsultants.com
9222,proxyium.com
395765,elearnmarkets.com
271351,rkf.online
694655,parmex.com.mx
480135,kchcomunicacion.com
79932,zxcs.eu
303818,4r3rerf.casino
288692,medcode.ch
482960,lamplight.online
941916,westedmall.com
852685,yuyingka.com
389299,trueluckyonline.com
624854,postfreeclassifiedads.com
179716,ycotetmzhf.net
86881,chengshir.com
644281,byte.edu.pl
95242,3ddvapis.com
111190,westanice.qpon
104427,ariston.com
979039,eliterivermarket.nl
554973,ascendara.app
526764,volkssolidaritaet.de
123033,sourcecable.net
853604,mailmerge.eu
87957,evg.ae
463020,hpu2.edu.vn
870342,petersontuners.com
256664,suboptout.biz
885704,pixiepuzzlelab.com
459815,cornishforageharvest.co.uk
485491,staffbase.dev
29873,mygov.in
477003,filmin.pt
284111,das4655ds.com
964307,oddsempire.us
732964,nijhofschoenen.nl
313275,adventinternational.com
548486,smil-control.com
667384,famemagazine.co.uk
592233,clearblackjackstation.com
306429,netacoltd.com
528061,javruby.com
94076,payabc.app
402443,wormyumaru.cyou
506110,acko.ru
691918,fcka.net
980070,mp-dns6.net
35991,samsungpay.com
514701,crazytime.pl
410208,kinogo.dance
829460,tamarindnthyme.com
88173,recordsetter.com
449256,profi-pumpe.de
367068,portaletrasparenza.net
668606,aeroliteluggage.co.uk
625100,icon8.com
637834,erogamemod.com
117967,ratingbet.com
273850,subsidesports.com
809033,okaidi.de
926184,dictall.com
855745,biobeautezen.com
722794,williamsonsupply.com
899827,iltutto.com.au
111443,sportisimo.com
520438,johnnylawmotors.com
670916,ata.es
459970,mothernode.com
893048,themindsetshift.co.uk
362307,newsbit.de
608410,businessalabama.com
931675,nordicclub.co.uk
616994,media-awareness.ca
986814,ictsecuritymagazine.com
159173,xn----7sbckgukdcd3bza3ak.xn--p1ai
846433,xburn.online
911635,fly88.free
983869,marsimautogroup.com
619818,lyr-8.com
922377,procyclinguk.com
415442,servisiremont.ru
702516,agrigem.co.uk
934935,allphly.com
452761,askmattrab.com
403979,netreputation.com
750985,9485ker.com
360692,scambusters.org
783374,gurez.com
727880,stakes-mx.com
776715,factura99.com
505964,misiones.gob.ar
960760,blendfresh359.de
261500,tamilguardian.com
4466,techlab-cdn.com
92198,oranthservice.com
731377,oiu.edu.sd
968051,kanthal.com
44991,simpplr.com
499666,marqueedash.com
652291,withlanai.com
697024,quanbixuetang.com
77817,k8s.ooo
481769,evt.com
973409,connectsa.com.br
580661,belorta.be
755933,armurerie-douillet.com
833827,tuankuda28.xyz
372624,fujibikes.com
230052,jowlkj.com
352902,officechoice.com.au
608443,davoiisp.com.br
621890,sexystart.info
606483,myarena.site
766466,clickcrm.com
712165,baker-carterfamilyhistory.net
118219,xenos.nl
933099,noticiasya.com
322115,kerajitu-top.icu
96909,innsbruck.info
105631,americansforthearts.org
68533,sxmentsvcs.com
178166,cy-pr.com
150088,hyogo-c.ed.jp
827776,stylecom.ua
700589,urbanwinnerfinder.uk
703653,plumoi.jp
298738,roadrunnerwm.com
658038,skec.co.kr
863878,barmherzige-regensburg.de
279560,anarchopedia.org
853410,iphonote.com
131980,usue.ru
458194,stampasi.it
493296,ertech.io
802628,mistoremx.com
611042,16xx8.com
812529,perfumyfrancuskie.pl
960730,bluetides.xyz
508346,cpg-gpc.ca
383818,bitency.net
136767,checknews02.site
197693,uwow.biz
132474,am-usercontent.com
837806,vitellimoda.com
585325,ideacomputadoras.net
972998,vavada-asqf.top
100414,sja.org.uk
801532,mermanbet1.co
598342,deprisa.com
99512,webcartop.jp
481049,toki28.com
811624,parisperfumeorg.com
175861,girlscoutssdi.org
399152,popsike.pics
964424,gac-nn-autosalon152.ru
301341,climamarket.it
469168,opex.ru
745121,hachost.cloud
751417,a-sas.ne.jp
597162,gobridgit.com
747739,3355bet43.com
990647,088b.cc
794484,kpkrudal.com
968383,abcweb.pl
861933,hmckmc.co.kr
924274,exportbusinessmart.com
650484,blueearthcountymn.gov
468863,infochoice.com.au
589910,collabs.io
354020,combohr.com
195388,girisi-pin-up.com
608244,vectorpoint.nl
977382,perennialle.com.au
851643,wheelup.es
290784,techorange.com
948017,lupinepet.com
950643,safeconnect.de
934327,nowdoo.net
826715,sportbn.live
693028,openpay.co
442480,heartlandcollegesports.com
78713,jonaspasche.com
473412,cartepedia.ro
378064,casinogranvia.es
385154,desenvolvimento.gov.br
559116,free-fonts.com
423721,funinusa.net
171725,moniker.com
876069,plweb.online
993788,taike.fi
737725,x-sou.com
182114,alasu.edu
951784,diecast.org
46694,voltairenet.org
61776,kingdread.de
14138,apkcombo.com
408273,narkolog-na-dom-moskva-4.ru
716987,bozhonglj.com
139692,lpata.ru
243830,cookiedelivery.com
31076,tableph666.vip
900152,zehllaw.com
291608,prime-squadron.com
6993,ensonhaber.com
673231,queenofversaillesonbroadway.com
335052,fifauteam.com
554535,issan.net
967354,arinka.eu
377204,candyhouse.co
855326,net.work
307122,dragonflycave.com
920151,61win.com
427457,needco.com
493655,nitttrc.ac.in
594054,ppo.fi
389292,woodwing.com
892320,offersuae.online
370074,lasvegasnow.com
62177,niaobaike.com
177639,kryssakuten.se
321145,smartintercom.ru
712679,explorer-electric-forum.de
887988,veteranmonitor.co.uk
578587,testpphpcss.shop
714936,dennisbeumont.com.br
879236,cheapsender.email
326849,madeira-web.com
923653,bawabatii.com
431605,youtubego.id
904931,privatesugarclub.com
309691,nemetschek.com
727333,purebiocore.com
110034,comlaude.co.uk
978856,termodizayn.com
707570,parawestparasailing.com
45426,upinuke.com
634463,hentaiwebtoon.com
874546,landdata.de
980472,saffronwaldenreporter.co.uk
273419,ordiks.ru
357595,huengaynay.vn
640743,lingyufadao.cn
143882,tucomunidad.cloud
269639,nngasu.ru
186556,recruitingblogs.com
562546,seongnam.go.kr
702105,theswellesleyreport.com
560302,setagaya-pt.jp
232456,impossibleapi.net
194192,dhwnh.com
96008,strat-o-matic.com
543584,ipm.com.br
599216,kosik.sk
490901,modepark.de
314034,usa61groundss.shop
635992,juicymergefruitpuzzle.com
489488,80p.casino
167447,asiachan.com
918612,fyndyourplace.com
15302,ntt.com
468950,mobiletopup.co.uk
54468,tgh.org
475879,mint.gov.gh
747757,33bd8.com
166399,bfe.org
46695,rebuy.com
275438,violetimages.com
791228,jssresearch.com
733942,sonica.mx
488420,medicinecontact.com
468453,getraenke-oase.de
743876,baccaratflow.com
274098,portside.co
335401,webwork24.ru
128023,ghibli-museum.jp
843621,zonatecno.com.uy
90040,csinvesting.org
673097,presencialismo.com
643065,ziopp.ru
642142,ironpalmtattoos.com
985234,ehsd.org
453970,globalgamblebase.com
765152,change.sn
764255,casinonational.site
979101,drodd.com
954939,getchostore.com
420173,summitrouletteonline.com
562313,wfts.su
345142,zee7currents.xyz
574133,crocusrest.ru
66928,funandnews.de
842365,yokohama-sky.co.jp
825584,smmxstar.com
521791,cosmictoon.to
802786,mking11.com
516082,klickfix.com
920452,condeco.cloud
202897,jbl.com.pe
698184,agentaxabanque.net
487711,chateauvillandry.fr
106862,icloudv6.com
19533,funcom.com
39954,zaragoza.es
451989,sergiubaluta.com
671824,bostonparentspaper.com
953547,inntelhotels.nl
950777,artmiami.com
440589,shadowdance.info
318118,my-freecams.net
857689,kilho.net
285033,m2atecnologia.com.br
721965,opticlasa.com
546532,pequenoprincipe.org.br
60880,cresta.com
188505,healthjobsnationwide.com
793799,kl108.live
490253,justhpbs.jp
960313,chenxil.top
163035,mediastorehouse.co.uk
625803,earch.cz
427520,nakas.com.cy
864830,barnett-waddingham.co.uk
631622,chembase.cn
91166,sos-contador.com
160061,plutomall.com
496835,thegoodstorebarcelona.com
267853,iek.group
434126,pawshakecdn.io
461579,kaidaqiwl.com
3677,emarsys.net
97461,cosmopolitan.de
691539,ddos.win
213826,apross.gov.ar
830634,tethermine.online
327901,huntingpa.com
212787,clubpenguin.com
376765,moon33republicans.shop
638241,velokyiv.com
723689,lumicasino-suomi.com
491459,page.ca
900542,meliacuba.com
880394,waterloochronicle.ca
778641,foodpantryhelper.com
282855,lukasrotermund.de
152746,xfastest.com
340405,balticum.lt
432492,iamxxx.com
119390,imisayurveda.com
202102,intelx.io
797596,loki88hot.com
599184,kinderloop.com
830123,techx-corp.com
5034,channelnewsasia.com
824533,sinu.edu.sb
394637,wmfts.com
760231,bibliophiles.in
273809,spisokrabot.ru
188599,trailing-edge.com
428609,wfb-bremen.de
706104,plugindns.com
868738,pokernestport.com
100757,darwin-online.org.uk
462223,zt-tuning.de
564878,miraculous.is
760931,blackcloudgamez.com
297142,xronos.ch
545414,atlanticajuegos.com
957271,spasibo.digital
486716,sokrates-swiss.com
353075,zzswscw.com
860950,boxingscope.co.uk
771672,dodorm.com
120948,leapsome.com
303128,peugeotforums.com
111165,osho.com
648589,weddingcubachannel.com
876804,helloezra.com
37518,expertise.com
830307,telephony.gov.eg
22050,savetik.co
729599,vertexdaily.de
786440,hymetnet.gov.vn
610948,dcmilitary.com
831119,themagplus-bd.com
163241,fwme.eu
531422,epsylon.net
692762,theater-bonn.de
506672,aeondewine.com
997103,aksesjp999.site
619363,pashanhoo.com
964877,protocol80.com
427934,corendonhotels.com
207067,onlinemanualspdf.co
659244,fisystem.com.br
675521,radiogrenal.com.br
607337,uncompagnon.fr
299367,shopotlag.com
293369,breakingthenews.net
309094,clone.nl
101916,lucky-star.in
354175,alphawagerspace.com
859645,neogafimages.com
227364,select-essentials.co.uk
169877,bravofleet.dev
653020,sufity-napinane-wroclaw.pl
400659,siblu.nl
629826,suuhouse.pl
906720,xldesignprofessional.com
265736,laluxurydesign.com
405902,teleline.ru
157628,scottishdailyexpress.co.uk
648454,operadepot.com
323331,scripbox.com
357942,iceporn.club
124416,sprengnetter.de
208179,goryh.one
956119,span.app
93028,dgkanal.in.rs
450955,apartments.com.gh
115463,columbiasports.co.jp
9238,vidmate-official.com
488878,su.it
573186,scoutnet.be
14081,bseh.org.in
566251,snn.gr
121292,openview.co.za
271415,dailycartoonist.com
716639,salutcoffe.ru
822809,seostudiotools.com
496450,trueluckcasinonl.org
240742,hungerbox.com
873888,uchportal.ru
519884,croydon.com.br
791223,jsla-23s-da2e-ja1.com
111330,aomori.lg.jp
543279,toplineswitchgear.com
478870,moon61focusss.xyz
640901,tickfitness.com.au
12293,echofungames.com
324484,rabathotels.net
150202,fotbo.cloud
869543,lepartidegauche.fr
434298,gerchik.co
416665,itojuku.co.jp
589228,tampabaybeacons.com
158472,stepupstair.com
836141,v2hotel.com
87489,bokepkorea.tv
365057,delm.app
947637,stlsnow.ru
909402,dermatologie-chamonix.com
239444,crobox.com
513479,afpnet.org
753783,allcamps.it
769252,dadhesab.com
480125,sabangnet.co.kr
816398,pvcplaneligat.top
824663,sistemacrece.com.mx
69745,nnsqqhjzl.com
659118,elot.org.cn
338856,business-money.com
305818,allspark.com
265230,qnax.io
904131,thetechexplorer.co.uk
869552,twitter-thread.com
699250,kaamastra.com
561696,start-pagesearch.com
300417,evcforum.net
235764,ru-pdd.ru
96354,onlineshop.cz
331442,gendo.app
820812,sac.ba.gov.br
194978,designyourway.net
464415,soverin.com
654593,kitlesel.net
194420,tmobiapi.com
819509,roamwildproducts.co.uk
170779,cygnus.su
638303,novosti.cloud
904965,fantastik.fr
351360,kraken14.biz
281364,newshell.it
602925,openscied.org
905185,cspmj.net
483504,sveafastigheter.se
889487,greghublerhyundai.com
996344,777fe5.com
533989,bevspot.com
238970,888starz-egypt5.com
931386,smartwinpowerpoint.nl
915635,cambridgeshirecoins.com
716177,fapabelno.com
56845,dailyinqilab.com
467504,truehost.co.ke
842028,yardiasp20.com
714581,pinssaver.com
937640,silvercasinospace.com
324832,gargalianoionline.gr
797886,lottovipteam.com
227120,wikiindex.org
700625,elvium.com
28168,rezdy.com
76754,nasscom.in
666131,taojike.com.cn
7413,xhwebsite.com
300891,s2manga.com
107241,iwmfi.life
860415,petrotool.ru
352906,pagelyhosting.net
950038,capitalroulette.co.uk
105448,autopoisk.vin
65056,imigrasi.go.id
437602,edu.gov.by
922925,889993520.xyz
527637,bxdu3158.com
689507,studyoutlaws.com
579955,guaymallen.gob.ar
544768,b-urist.ru
786,it.com
18565,coursesu.com
878895,worldtrackgps.in
986420,jcia.org
747379,25s22.com
852849,mazeto.sk
128614,qualitysnacks.net
139434,asciitable.com
915885,memocasinoe.co.uk
701723,glowpropbetspark.com
875341,e-a-a.com
543381,jaakhoo.com
723516,rihelp.top
31333,netcenter-cdn.com
618302,imgkc1.my.id
518910,adlaboratory.com
386385,avner.us
333166,bypass.vip
51719,mouthshut.com
481621,grandluckyspace.com
965604,nichenarratives.co.uk
721951,ohbyozy.com
302099,interconnect-dns.eu
229759,lixincchip.it
208539,nubex.ru
953604,maxbaseesports.com
21118,cdnhwcvix16.com
53799,vsekolesa.ru
153937,livelox.com
335370,dungarees.com
215242,hd-station.net
909497,batteriesnews.com
288713,meshforcewifi.com
761160,blueworld.co.in
180915,tmi-idco.net
13640,iobit.com
334783,genshinlab.com
843207,zeefliz18.lol
915727,shawneemissionpost.com
672820,paper-helper.org
328196,tehik.ee
982865,tpondemand.net
868760,kirchenbezirk-schwaebischhall.de
950083,casinobonustips.com
24924,majestic-files.net
224892,open.edu.au
835349,unisur.edu.mx
463152,colonia-versicherung.de
261190,osfashland.org
957063,fileabuselawsuit.com
340852,nicksboots.com
212222,livigno.eu
269555,lahora.cl
390034,mobiledemand.com
39724,novapost.com
821419,sangbluroblox.com
476788,nilclub.com
324609,3298.casino
465697,redaktionen.se
208214,thevou.com
139624,minetest.net
883088,khyky.net.gr
540881,becloudsolutions.com
115390,ifwglobal.com
500289,appsontrcks.com
606342,unomobile.it
980327,ur3.us
558177,splashcon.org
332957,haruyama365.com
45419,zoom.com.br
638950,sb74.ru
283769,at77hh.com
754667,androidgroups.com
829974,tdchb.com
343656,anytask.com
535599,kundeerfaringer.no
883513,penaltyshootout.es
923119,qncub.shop
164288,one.net
408174,cmedia.com.tw
916805,belidomain.co.id
746109,dynamicspinpro.com
821462,sanko-fukushi.com
160576,wraltechwire.com
654444,mygeosource.com
262341,folhadeemprego.com
176594,religionunplugged.com
89930,ucpa.com
230242,symptoma.es
344846,colehaan.eu
193320,groundspeak.com
599590,mticket.com.ua
739086,esho.co.uk
429822,uoguide.com
865211,engineeringtds.net.br
12942,maine.edu
581723,allmerica.com
549315,premierdiscountlink.com
671663,nodion.app
857382,dollargen.com
769155,d57yhwp7lhqv.com
354250,jointhawker.com
378840,fightinghawks.com
131622,endpoints.news
403726,freshcasinobase.nl
674110,everydayfinanceadvice.com
924660,content-ai.com
269000,digitalvidya.com
53208,procrustes.top
867075,joaskin.co.kr
528100,kapsul4dnew.com
396423,buffalo.nl
441983,martas.com.tr
277693,bsn.com.my
858087,direct-seguros.net
678851,forgeronbrillant.fr
948518,hostventures.com
444970,babybayw.xyz
546586,bahnbilder.ch
879303,mycoding.id
223037,5db51045da.com
177771,fashiola.de
242033,reservhotel.com
53824,ngastatic.com
140738,man88.at
597452,secondharvest.ca
832856,towheree.com
434603,iran-daily.com
189075,severgazbank.ru
497885,yuhs.ac
145836,atxhtgtx.biz
527941,getholidays.shop
149700,proasyl.de
274484,superbed.cc
29333,tlc.com
624400,filmdates.co.uk
69211,trinks.com
162894,hacesfalta.org
906989,platformlondon.org
129164,keywordspy.com
766730,clubpk31.com
576954,elektro-master.com
471297,lemmyland.com
956652,machineryline.kz
295888,echonyc.com
219553,freeflarum.com
83240,omegle.com
738445,veen.com
654292,tdi-tuning.com
171388,umg.edu.pl
398938,zoozoosexporn.com
943744,likefm.ru
307234,delottery.com
444072,stellarspinflow.nl
546830,sepahangostar.com
807492,nkphb.com
770068,dekorzaly.com
160796,muvhost.com
979241,645123.com
532288,ruby-vegas-casino.io
716706,afwerkingshop.be
817710,ram.com.ar
759499,best555.live
179128,realistimo.com
931089,ias.gov.mo
930516,hnits360.com
814000,playsgogle-game8.com
912012,arcium.com
48601,mycwt.com
354740,starmf.jp
172556,ej.ru
621842,litespeed.com
287783,comisiondelaverdad.co
192843,ttc.cn
661461,legionelladossier.com
80395,potentia-insight.co.uk
302318,listonce.com.au
327602,montclairlocal.news
425598,5gs.com.cn
768203,creatorhandicrafts.com
809570,onhouse.com
166254,fondazioneprada.org
180436,coastreporter.net
298958,wondershop.sg
821853,savasld.lt
133319,pataplusmarket.site
902757,anap.fr
197334,lingeek.com
637286,cakhiazko.cc
670477,johnsonu.edu
414264,alternateimage.com
886987,swflhomesforsales.com
264362,touring.be
642359,mdx.de
755463,applyfy.com.br
14361,mewe.com
37108,coolworldcn.com
856345,abulsme.com
679272,kimbino.mx
255700,streamingucms.com
355095,kino-1080hd.com
191452,sleequipment.com
274594,myconsumers.org
944738,rapidedns.com
825531,smilecredit.bg
154133,onlygayvideo.com
334123,macfoxbike.com
653607,afterschoolhq.com
107710,gentlefieldpattern.com
432940,workflowjunction.co
163820,avenuemail.in
521040,chaoxixsw.com
127094,in-der-nahe.de
308491,waappitalk.com
141709,fantaclub.it
393128,scorehero.com
427662,subbota.dev
371488,clarkrubber.com.au
592551,hellingerpa.com
791856,ka9.club
728705,eduscapes.com
497239,1fd.ru
630075,tropea.com.ar
218204,xikoyalar.ru
849030,bravelight.net
868490,myatlascms.com
21407,ohmynews.com
781285,ggtotolivechat.click
855817,africaschoolassistanceproject.org
874637,battlezonefield.us
876225,ganqi.net
809409,onasaez.com
113312,sting.com
41358,halkbank.com.tr
284661,ilkokulyayinlari.com
272778,nursing.com
910851,1d4chan.org
306389,line83300.com
699514,kikunoi.jp
352400,infoentrepreneurs.org
179964,bundesliga.de
365802,networkats.com
610593,utahavalanchecenter.org
824664,sistemadecobranca.com.br
749094,64personalities-lifepath.com
482310,antwerpterminals.be
806884,newgenpharmacy.gr
926205,2000.ua
856782,vvkure.com
23842,tochka.com
62917,moebius.com.br
417465,thepulseboutique.com
103009,utcourts.gov
922275,vpntype.tech
412791,aslappliancerepair.com
287986,friesenpress.com
436461,brookshirebrothers.com
440982,doctorvape.eu
676512,jinuoeryyl.com
821786,sattakingresult.in
825325,smari.io
636137,vertexroyal483.com
955482,playzonecentral.us
235486,novonordiskfonden.dk
740839,lux-military-antiques.com
232575,27p.net
875659,chefworks.com.sg
890958,elevategames.co.uk
874857,featherandhare.co.uk
471234,wartell.com
285287,nrk-dir.jp
540804,aptoweb.com
809994,optimize.pt
847972,bedmap.co.uk
936421,simplyshredded.com
246454,geriatricnurse.ru
297776,cinemaos.tech
833902,tuitionseba.com
61991,real.gr
511569,swko.net
866761,cruyff-foundation.org
192943,vendini.com
857810,ravenszone.net
417717,dovoba.de
826634,spinoy88ads.com
897061,webcraftonline.com
480656,elcometer.com
741606,urbica.ro
393117,fresnosheriff.org
186135,nprofit-hosting.pl
626152,legacygamingstation.com
19876,sz.gov.cn
420233,visiongamblegrid.nl
462366,wealthysinglemommy.com
435426,tula-zdrav.ru
711401,numere-romane.ro
243869,scfundplus.com
524383,klm.com.br
626432,franklin.com.tw
501222,janozin.com
675419,asunsports.org
833118,trans-tec.mx
830490,teramedikce.com
264375,zhue.com.cn
442653,vptech.eu
629136,ioneal.com
702430,griffin.net
440023,ifa.com
215164,goodrichmall.com
14268,kuula.co
150450,ae911truth.org
552697,wylaczenia-eneaoperator.pl
286281,vncrypto.info
204158,spoo-design.de
698365,trigonometry101.com
257209,novatours.eu
795383,laczynasdart.pl
638879,42go.ru
537835,snewdental.com
519768,cgiboy.com
687720,38-82.ir
439175,mom3.online
740475,farrapo.com.br
602302,hbcsm.fr
578037,gaytsunami.com
345061,level5.co.jp
1249,wiktionary.org
732217,prospect365.com
7991,purepeople.com
762265,brmoveis.com.br
462037,dampfalarm.de
811341,panelia.fr
77090,umall.com.au
518504,lovelypackage.com
171953,lightspeedvt.com
553537,healthstaffdiscounts.co.uk
155953,mybestbrands.de
736439,adsempire.com
843871,zzx9b5.com
729340,pharefm.com
45537,marshall.com
864714,robsonforensic.com
358648,financemycare.com
295038,ca33directors.xyz
986422,icmemorychip.com
379856,opalstacked.com
21296,stripe-club.com
674334,re-quest.jp
795519,lalatslot1.icu
552167,offervault.com
773642,eden-villages.fr
950489,linebc.jp
585151,ribasinvest.com
562049,frankreport.com
647606,gigcloud.com
305204,lsi.com
790519,jiolottery55nu.cc
297786,zmedhealth.com
387626,elrellano.com
929981,mzcngzgpnn.fun
974789,expressglobal.fr
990042,syucu.edu.cn
183734,5tv.lol
725284,money2301.casino
939255,ofr.gov
364747,pressair.ru
890285,topbrightfusionzone.nl
627676,cornercenteronline.nl
956604,creativetools.pl
151891,awardsworldwide.com
536720,nittsu.com
10957,zadns.vn
330810,kusuriyanohitorigoto.jp
206042,foody.kz
485155,shootinguk.co.uk
956022,jacketmakers.com
566030,rabota.wtf
806893,newipigeon.com
613594,mixednews.ru
918843,axa247365.co.uk
444269,visionblackjack208.com
87497,shuanghor.com.my
182612,fast1dns.com
116224,fertonabet.com
732669,sipsych.org
74658,0221.com.ar
349659,golden.ru
517620,myubiquity.com
507504,servecentric.com
530747,pedigreeskishop.com
889967,dailylane.us
68299,virtualsheetmusic.com
866738,hellodata.ai
227133,21cmc.com
754606,anatc-gift.jp
552912,gogowin-br.com
186840,flumotion.net
549143,nebesniy.com
560543,skinceuticals.es
397291,zsw-bw.de
638137,tractorsdekho.com
537093,incogdns.st
484979,megamarsch.de
510871,dogar.com.pk
343354,380v.ru
55465,adkit-advertising.amazon
262503,elche.es
620974,everycircuit.com
790089,jdi77.org
311615,tfri.gov.tw
475691,mlahart.com
79060,slj.com
742448,roshplay.com
492232,sandhillsexpress.com
24841,eenews.net
327404,seniorhomes.com
70215,cocoapods.org
959106,vbs-store.com
89443,xtruyen.vn
665722,nclibrary.org
495197,posters.pl
700341,team1sports.com
361245,melbet-20269.today
784438,healthmetrics.co.nz
479868,hobby-bee.com
501530,finelinens.com
946405,yejiya.com
636851,nestlogicx.com
297289,newday.ch
284220,e-ieppro2.com
76764,mibait.com
962097,avtometriya.com.ua
306761,nbn.org.il
227579,d-nb.de
55924,tu-tu.ru
512976,ynet-fun.xyz
464495,strideworks.nl
403606,agedcareguide.com.au
375487,sgarden.cz
390606,lognet.ca
66912,rosario.gob.ar
861101,mixtorg.com.ua
290620,nacelle.com
706032,justusdeitert.de
612563,laprimeracloud05.com
761738,bosch-home.bg
756905,aulavirtualmusica.com
904149,consumer-debt-consolidation.com
62320,schuhe-lueke.de
678304,astrologialuzesombra.com.br
491264,kunsthaus-bregenz.at
390423,patente.it
247012,alohatube.icu
632697,jili777-8.com
456246,pornohub.hu
830147,tecnologicoargos.edu.ec
32460,milwaukeetool.com
251964,gupurst.ru
611333,publikneues.de
710063,wonderbaby.org
587117,consult-exp.com
7536,wordplays.com
850360,hdtruckforum.com
132270,unitedstateszipcodes.org
738531,playmetropolis.net
851852,forums.red
98655,romyilano.com
383474,seongbuk.go.kr
501331,tradewills.com
660661,joanshome.com
666199,rappicard.mx
108255,tripdata.app
2593,drupal.org
829857,taylorfreelancestore.com
973967,cocteautwins.com
148812,helsinki.org.ua
699155,elheraldodechihuahua.com.mx
26910,gametech-app.ru
640401,rosaholics.com
25672,lokalise.co
783006,grupointerbus.com
664059,essaouirakite.com
953552,kingdombusinesses.com
630566,contona.ai
334041,nomadat.net
749164,666d9.com
257225,gotoupnow.online
189147,ukmto.org
839201,wecoverit.shop
121188,atalayar.com
854743,wykw.com
673422,unbindgear.com
881048,bwcommunity.eu
594067,merlinsbricks.com
792108,kamakuradog.com
404789,paitohk6d.biz
559674,zurini.co.ke
226595,teluguone.com
753157,airshift.jp
811816,pastesaja.com
929761,uphere.ca
384971,free.ai
899798,ffvolley.org
667278,kemnakersipkk.com
662010,kepugu.com
159423,thai-amulet.com
315858,protechtraining.com
569790,iwacu-burundi.org
902663,axaregistration.com
507356,youroverseashome.com
419266,1413w.casino
354899,cruisesbyowner.com
246846,17sucai.com
168129,screentv.site
292544,coinageofindia.in
278388,domainpark.dev
858681,garnek.pl
871961,argp.org
332765,browser.lol
218937,antich.at
173959,berryglobal.com
715262,junora.se
769101,d16003.com
213461,55hho3.com
41451,trendforce.com
25449,upcons2025.com
527612,bollycric.com
508737,fightcancer.nl
438388,drebedengi.ru
338037,dedar.com
650252,joscha.com
701139,goldenvisiongroup.nl
899620,harmonycares.com
871930,wescan.vn
184862,sugirl.info
820548,rv16888.com
553703,gumtree.ie
221744,sealskincovers.com
840365,writercorporation.com
850774,theqiflow.com
47372,ashoka.org
621128,theluxuryinteriors.org
718195,bilsoft.com
831822,tinyesm.ir
747783,33pk365.com
817692,rakurakukids.jp
687608,aerosolvalves.com
590676,snap361.com
618828,everywhereist.com
444511,naylornetwork.com
569511,ptwi.com
786119,hse24.ch
428379,hydratis.co
957541,manitobaharvest.com
511947,flyplugins.com
537281,betandreas-now.com
441092,britishsuperbike.com
568830,practicepteonline.com
336556,teveo.cu
789065,isuper96.xyz
429123,acbs.com.vn
480875,teamworktechnology.com.au
63991,cnvmp3.com
250853,crossmap.com
162859,afphabitat.cl
495372,grsthrive.com
304519,earth2.io
169004,bonita.de
963823,dy8j.shop
459827,boostrush.co.uk
397615,parsrad.com
799906,marcorover.com
102540,sparta.cl
55707,arquivo.pt
93676,lilyogis.in
983916,insightmoderneonline.fr
759046,beautybeauty.site
950433,axabanco.com
887101,cyberzootopia.com
519881,extremesportswear.com.pk
546867,allats.ru
289245,onlyplugin.online
789099,italle.com
607446,kokuyo-shop.jp
53563,emqxsl.com
484519,webmedia.pl
164234,th.com
266987,sudokuclubgame.com
213517,788win11.com
73637,englishhome.com
452709,printyourticket.de
240863,hostingapps.net
719153,jewishvoice.org
2726,jtvnw.net
930942,travisscott-jordan1.com
179679,visionexpress.pl
146325,truculentrate.com
94478,snookbet888.io
402657,cerby.com
361146,alphacardsstation.com
327946,antibotcloud.ru
957848,institutobateson.edu.mx
283012,aurora-vitaspa.com
304700,storm.hr
487126,starlingbank.dev
24318,icomera.com
174290,hitbox.com
10036,eufy.com
15276,vegamovies.market
464618,bcc.cd
250328,prodajemauto.rs
640039,laflecha.net
492572,origintrail.io
94474,smlmahindra.net
998861,brastagi111.shop
241952,lcrcom.es
966291,andsimple.co
904701,ca61glasss.de
186123,lestrades.com
889909,kzoch.cn
727005,gorutkab.go.id
715908,twentybet-luck.com
502891,balticdata.lv
884288,cig.gov.pt
962574,bigsarees.in
515166,rsvt.co.kr
33081,imp.ch
108653,whitepages.com.au
925191,fnaf.one
61420,mackenzie.br
390865,cegedim.cloud
281283,jobvertise.com
571616,tuxmen.de
482054,skulabs.com
64904,flvc.org
305340,lwc.co.uk
231249,bibloo.com
861602,safetygearpro.com
51943,solutudo.com.br
560785,jaypeehotels.com
567902,ccgp-sichuan.gov.cn
131409,speedpay.com
200965,classificadosdegraca.com
214732,einsurans.com.my
571341,mazameer.com
319381,ravewonderland.com
153152,borderfree.com
703140,zamonavi.tj
63823,russiatoday.com
304290,pornuniversem.com
659254,grasoku.com
574492,timesofislamabad.com
922384,allthingsdogs.com
773288,easylmd.net
88712,gakken-ns.jp
606103,imagesdefense.gouv.fr
551394,modishstore.com
795950,lazarocuero.com.ar
728481,chi.or.th
271886,nigeriasoccernet.com
272363,wataw.online
465770,airforce.ru
681325,realityanti-vpn.xyz
191295,megaubytko.cz
435043,fostani.com
480930,allscores.io
171227,telcent.com.cn
830017,team26.jp
785597,hominis.com.ar
290998,dynamicbasin.online
599359,lula-beauty.jp
481119,ohiohome.org
904821,wowtalkapi.com
683131,xtravelsystem.com
144352,sbcollection.co.in
375834,cousinsuk.com
759036,beautvip.com
577654,magadhuniversity.ac.in
766007,cita4dwon.work
344976,azturnandburn.com
15104,zviewcloud.com
455504,kriacao.pt
376121,jambot.com
391562,infinitevipexpress.com
627624,nexus4web.com
711498,mts.baby
666649,pointblanknews.com
47933,sciencebuddies.org
837120,vibet7777.com
425873,pflanzwerk.de
959934,transistor-mosfet.com
50512,googleplus.com
938055,evermail.eu
806552,neighbourlyflirts.com
431178,jec.org.uk
225959,suttercounty.org
873584,blogideasvision.mx
810740,ozeta.sk
396330,erfahrungen.com
736964,elsatis.fr
489951,6782.casino
202148,codeshare.io
651647,fc-saarbruecken.de
87437,animalwebaction.com
419301,ddt-consult.de
428155,zsd.co.za
835516,unvg4.com
5061,krone.at
649310,bm-holding.ru
530873,trustdeals.co.uk
584354,amerian.com
640694,depthfirst.com
53936,gazoo.com
374598,zimsonwatches.com
193903,libertyglobal.com
218675,thefantazy.com
512258,bytovkirf.ru
165397,finescale.com
137087,kvalitne.cz
545592,myenglishguide.com
147626,sentry.report
416036,epicjackpotpro.com
532875,radarcomics.com
693025,nuvemgestor.com.br
599139,jvs-mairistem.fr
101298,hydro-wiki.de
125188,wneibbxa1.vip
959232,resuco.net
614659,emsnow.com
790040,jbbo8888.com
581272,remont-okon154.ru
986689,cielo.net.au
282497,taragana.com
25867,emqxcloud.com
681129,dedal24.ru
287595,istockanalyst.com
54321,hands.com
858197,peppergeek.com
709965,hellmannsberger.de
589026,eatviandas.com
170538,fraport.com
20160,artmajeur.com
866990,contractortool.com
775981,euszolg13.hu
944670,thetottenhamindependent.co.uk
718692,compassrosesurvey.com
898909,wholesalepoint.com
931039,zma11.casino
438121,late71.shop
979501,clearreading.au
228352,freedomnavigate.com
833679,tsberlian.net
59643,szallas.hu
800144,maskedeleven.com
244425,wsau.com
739297,qfyf1toi.com
253405,radikal.cloud
528433,pedang-togel.com
78867,sipag.com.br
520212,clearly.com.au
398448,sofeh.com
394740,5flow.net
461639,geeknetwork.fun
324677,directory-king.com
597778,apontafacil.com.br
566432,fetchcourses.ie
630043,sarafabazar.in
601056,duochang.cc
800655,mbp.com.co
758149,bamabingo.org
731979,king-maker-casino.org
13904,storagexhd.com
419015,wingsoverscotland.com
281679,photonindustries.io
466601,agrinesia.co.id
445302,pewete.com
585822,filmyflyz.com
460809,earthsatellitemaps.co
319706,nextbase.co.uk
723291,okayjourney.com
700919,cubex.kr
928887,serayunews.com
767061,coinverse.io
228181,healthwatchcoventry.co.uk
654861,gloucesterrugby.co.uk
267681,nectar.services
125261,amren.com
950257,jallacasino.ee
674669,port2port.co.il
174138,hr2.de
398237,bygoodiebox.com
882892,conorab.com
188796,alcambio.app
67951,moongiant.com
152157,ordipat.fr
117722,nbeads.com
477713,med24.se
218087,waw.su
450874,parkina.com
252363,copilot.markets
933352,termy-zakopianskie.pl
674774,ageoforiginsgame.com
619906,litamarket.ru
161290,point.me
473374,brightluckycentral.com
377726,lovesex.su
336624,delhiescortsncr.in
57975,tylertech.cloud
848547,superleaguegreece.net
620164,dbms.be
283332,hotel-mix.in
769861,dcontech.net
800272,matematikciler.com
626062,bma.gov.za
668554,transrentals.in
36250,decentraland.org
778012,firsthealthmychart.org
886750,nvcasinos.no
130255,zabbix.cloud
547880,aldergrovestar.com
420174,tchibo-mobil.de
206623,everaoh.com
818427,redkicks.ir
701564,slotcenter1010.de
139903,ha-vel.cz
860579,acuteanusky.click
910350,ca-infotecs.ru
353106,univ-droit.fr
814766,portalcolegios.net
204986,ytlvvulh.biz
786187,hu8gu9.com
368257,taisinternationa.com
682812,diccionariogastronomico.es
571555,beattransit.com
811753,paseos.co.jp
101285,cabotelecom.com.br
603845,rapetube.name
421435,epicgamingexpress.com
617917,soakymountainwaterpark.com
791921,kadhayezhuth.com
681344,pornvideos-step.com
519149,ava.me
984123,wavewise.co.nz
611116,tnx.co.nz
695051,pharmcare.co
521278,urdu-books.sk
476840,amusement-center.com
476067,smartenergi.org
342832,transvision.co.id
142846,silencercentral.com
608357,sdxomn.today
859368,2bulu.com
870009,novostroyrf.ru
159078,danishendurance.com
166110,cmohs.org
310013,svadebnye-platya-msk.ru
426893,luohuedu.net
618385,portadascreativas.com
972478,interviewcake.com
771173,dirtsstore.com
304523,rxelectronics.pl
487174,remark-apps.ru
209485,tablasdemultiplicar.com
153588,openmoko.org
899968,unidigital.global
152237,lifebridgehealth.org
490179,sainsmandalawaluya.ac.id
848847,infofamouspeople.com
856342,eplk.ru
714702,artesta.es
570556,saltybet.com
377493,wyldcatalog.org
956331,cyberdefenseawards.com
215466,iris-toreca.com
453239,mxtotal.com
206260,ext-dc.net
977662,realfoods.co.kr
547181,litiran.ir
459819,freshishastore.com
226842,oreo.gg
391815,e-ptolemeos.gr
743619,pacificislandtimes.com
863807,poridge.club
75054,indriver.com
555063,wallednetworks.com
929121,medicaldetectiondogs.org.uk
230815,stich.su
71529,mootools.net
820572,rwt.nhs.uk
291778,bungie.com
16557,customeriomail.com
888273,echosciences-grenoble.fr
130360,homes.co.nz
410448,dv8offroad.com
813380,pinco081.win
809225,olime.com
376389,gz-jj.com
884626,baldursgate.com
55866,stlpr.org
205507,getsnworks.com
876462,honorstrip.co.uk
706219,okuratokyobay.net
64885,copart.co.uk
82789,grayscale.com
439260,dmcaplus.com
521901,findrate.tw
93882,mrush.pl
920899,manacube.net
50214,fastaichat.ru
665964,mptek.it
988592,pajamas-universe.com
449709,shopkissonline.com
663157,machin.cz
161816,codeclimate.com
838095,voisineintime.com
934986,119okk.com
479391,siennaliving.ca
748459,5050markets.com
224928,databasegalore.com
17000,lovetoknow.com
63716,philarchive.org
557952,shopbuilder.hu
696030,granitesubaru.com
101874,frankwatching.com
423163,littletagsluxury.com
104496,puredata.info
336692,ticaretnet.com
389820,hboyqkfr.cc
60222,boca.gov.tw
574615,zomasleep.com
421946,zee61fathers.top
621572,suzukiconnect.com
439124,daveskillerbread.com
177397,panafoto.com
334244,rgu.ac.in
5029,hyprmx.com
637670,finnvera.fi
895469,rmi.net
875509,redefiningstandards.cz
221535,breezein.net
120612,gruenderszene.de
481956,aues.kz
765562,chinesetest.online
691139,relionbattery.com
217380,sinezy.to
189663,yeepay.com
840900,xhjm6841.com
291004,mitele.es
914825,diamondparlayland.com
925216,audiocenteret.com
774698,emicar.com.ar
187116,01.ma
984253,avveniredicalabria.it
223711,ngp-discovery.co.uk
963927,ipron.com
478506,sofiagray.com
113109,aliyunddos1021.com
141339,zoshbase46.com
82089,ksby.com
517572,smartviewonline.net
538564,corespins750.com
233072,belstu.by
450235,halohangout.com
835430,universosugar.com
881761,rustok.ru
212046,zaks.ru
696677,jilievo-ph.com
235856,kaunas.lt
79261,internet.org
39610,coelhotecnologia.com.br
126286,cac.es
515956,concorsi.it
873028,harleykmodel.com
310084,doujin.com.tw
259550,cxgyy.com
734453,vtbstrana.ru
164021,euroline.com.ua
863109,dashkitshop.com
109646,whizzco.com
804707,mutiara78a.online
161297,sym-global.com
896155,telegramshk.com
459872,modernspinspace.com
966696,1xbet-evui.top
481402,etzion.org.il
717020,transjoi.com.br
176928,gymbeam.it
161135,gilbertaz.gov
919633,protectedserver.net
188351,shizensyokuhin.jp
609931,transgourmet.fr
913644,totohost.hr
691445,yatsen.gov.tw
782535,gpdp.nic.in
845785,irtek.am
503992,ecco-verde.com
500564,pejnya1.nl
868669,fsdml.com
666154,voodoo-armory.com
152808,niceic.com
297690,dpls.lib.or.us
777903,finefragrancecollection.com
211620,airpointsstore.co.nz
680786,freshlydeskmagazine.nl
3266,ripe.net
678179,razaspet.cl
581907,getonline.support
826891,squads.game
956410,chipflow.nl
335395,wakewiki.de
771594,dobem.online
602219,payperhost.asia
685781,ivimall.com
791772,k67.game
296017,cvk.de
983131,casinodealen.se
31825,gbede.com
675078,789956.xyz
387773,zee61imagines.top
428894,lolitashow.com
59841,gtanet.com.br
683684,hadithashk.com
175673,instructure.site
110733,avaamo.com
306788,kronor.io
99377,overleafusercontent.com
910314,rideclutch.com
172133,adopsboost.com
289673,gtmailplus.com
68404,waldos.com.mx
452159,loafstrangelysuperintend.com
237915,krpwwftglvkznmtv.com
179966,digistate.nl
671357,coastit.co.za
455391,epicclubdaily.com
53568,think-cell.com
103869,eroticmonkey.ch
32485,wtae.com
255970,ignitiondesignlabs.com
497459,iaee.org
338894,imakewith.com
985405,justbit.io
952299,publituris.pt
254996,lemfi.com
905304,medicinform.net
376202,hochbahn.cloud
521765,faulknersubaruharrisburg.com
155905,saveagreekstray.com
635485,dealissime.com
845861,globalplace.uk
124943,deako.net
509808,iflyoak.com
204447,refashion.fr
856533,odatermostati.biz
237579,botentekoop.com
294458,motac.gov.my
258808,techgenyz.com
829357,take-top.com
458368,securegateway.goog
178081,malwee.com.br
866303,kasino-ru.casino
200422,futa.edu.ng
912068,amarkets.live
576701,climb.sk
134135,alaskasworld.com
827580,storyaichat.com
949631,emberbingo.co.uk
687646,goldengamblegroup.com
716482,mpj-portal.jp
303258,bancaetica.it
972904,pakistanchristiancongress.org
125784,bluecatdns.net
89177,hungyen.gov.vn
611036,matrixvaultbuzz.nl
398585,veocdn.com
410681,allfordj.ru
530102,doorhere.com
259137,netzlaboranten.de
347745,swgr.org
265419,econdos.com.br
994714,hyperblackjack.com
982279,lemondedutabac.com
552864,cosmicreelslounge.com
771933,doremiset.xyz
685475,fromearthtolife.net
776021,evdiz.com
382633,wildflour.com.ph
954171,koodeserver.com
788430,interportsecureparking.com
578049,dns-spain.com
911871,jetx-games.net
736996,farmquest.com
755341,apolloinsys.com
541160,detecnorecepcion.mx
541421,godmoren04.sbs
598735,gemre.com.pl
45420,merlin.net
265887,gorvesti.ru
709954,thaiddns.com
913145,myprefikar.es
510555,0o0o.io
596215,advisorsdev.com
658710,androgogic.com.au
160825,farmaceuticos.com
262161,geekandsundry.com
492002,brightreels912.com
371329,4ns.su
59464,bromcom.com
235086,informationpages.com
179661,onit.com
556223,megarama.fr
115532,topnewcasino.win
177642,melbet-0861.bar
144551,stepupforstudents.org
735356,mattcastrucciautomall.com
551159,circopedia.org
952453,youse.sbs
283414,127bundatoto.site
181220,capetown.travel
906794,geotargetly.co
446862,shirbooni.co.uk
681048,epcatalogs.com
8301,shalove.net
12609,philly.com
423244,sonnenklartv-reisebuero.de
248292,oneacrefund.org
12984,terraform.io
696707,cs-open-case.ru
221536,delftship.net
319932,petclassifieds.com
899147,theksa.or.kr
464068,setia.ru
959302,hksi.org.hk
909872,zjjzzs.cn
921111,mydearyoungshepherd.com
162014,annuaire-horaire.ca
842570,ypph.com.my
518877,book-of-ra-online.it
36277,www.com
255083,falkirk.gov.uk
115403,ewm.co.uk
527922,gas9win1.pro
893424,goldfocus.de
239643,filedeliverer.com
293004,pkb.edu.my
212156,rosextube.com
109619,bionika.ru
742709,yuki.lg.jp
946799,dualtron.uk
6451,academy.com
205194,kvidex.net
788575,io-opt.com
461033,wear.tw
931048,thenetbg.com
822776,sensesindia.in
465336,renew.ro
615800,dnlf.ie
814472,polrestasidoarjo.com
484465,kkr.in
380250,mamaowl.net
324829,milyin.com
986446,omegalevelup.com
731118,shortcat.app
245080,thinkful.com
577541,aezadns.com
111251,monkeybrains.net
403658,oddgrenland.no
392311,picasee.cz
972682,mii98.com
769974,decho34.com
909070,kbbtv.tech
316094,pvxchange.com
302045,linkodirectoryproductpromotion.shop
370658,ich-1.com
965091,media-service.kz
677933,computerzaak.nl
265819,blog44sure.shop
133523,xn--4-wxf7akh2i2cvc.com
592842,cuevana-4.com
553700,twpowernews.com
184906,reyuhjwwmh.top
936125,veruscorp.org
129722,syloger.com
819291,rintopup.com
459957,orbtalk.co.uk
159950,asanwebhost.com
993334,darcyf1.com
116867,insurecompareonline.com
276746,adventure-journal.com
825632,smtvurdu.site
195459,mayahenryjewelers.com
552049,reporter.mk
549463,airportus.ru
174426,xsyst412.com
530824,destromacro.com.br
903715,gluta-c.com
489202,city-airport-taxis.com
3351,signalr.net
158646,huolala.work
168199,superagronom.com
358764,boldreelspro.nl
401993,hfzq.com.cn
85777,npptec.ru
343884,cclind.com
644941,171.casino
369627,abbathemuseum.com
756960,ausl.pr.it
265757,thecraftyblogstalker.com
780126,game-game.com.hr
92683,ashton168.com
359005,ubi.li
180817,i-deer.net
596573,brightstream.us
730834,neovapo.com
310425,servicekod.ru
487975,chechilas.com
293199,bouygues-immobilier.com
252078,maverickbfe.com
36306,csftr.com
845564,lifeloveandgoodfood.com
44736,aucegypt.edu
650975,netballpass.com
101493,mstroy.tech
258360,golodanie.su
49639,mastertel.ru
69404,silotis.us
921987,livelighter.com.au
336381,gesundheits-lexikon.com
8020,tu-dresden.de
424,amazonalexa.com
314462,payworld.online
661956,heimerer.de
365274,ignite-gym.com
185802,domitech.pl
780113,gamapo.jp
701483,noah-initiatives.com
777181,fawryretail.com
824882,sketchware.pro
443081,khyks.com
2602,protechts.net
163863,cbre.eu
316375,antikvariat.net
943202,blowbyracing.net
418821,vvd.world
82741,iliad.fr
607507,pandasthumb.org
724623,lordyx.pics
620504,blueremote.blog
527622,botakbetelite.com
200010,cloudcannon.com
221580,orangtele.net
69886,soilassociation.org
626178,wildreelmania.com
24712,autoimg.cn
954671,perfectcareerstreet.nl
219282,descargasdecfdi.com
329043,thingdust.io
587739,ploom.com
898187,solved.ac
577208,betgrandcasino.com
942522,grillitype.com
546600,lazrusgolf.com
644807,stadstheater.nl
238750,dotnice.eu
937041,games-super55.online
481908,advantech.com.cn
205935,homains.org
241933,tmo.gov.tr
433451,medora.com
971312,mvu.com.br
394774,hentairider.com
901873,adelheidzwollo.com
526625,gaia-wines.gr
737182,lanotiziaweb.it
591486,reallifeglobal.com
313844,thriveautosales.com
860867,glennjensen.com
323160,kno2fy.com
685363,whatscontabil.com.br
279071,webjet.ru
628696,healthtrackrx.com
753916,almaaschicken.store
804834,mxpymnt.com
883794,frs.info
165244,poembook.ru
97282,eterfund.ru
700582,peeayecreative.com
830305,teleperformance.es
601035,aranykoronakft.hu
154124,arkku.net
184961,jwnetweb.jp
715045,exanak.am
103964,infomaster.co.kr
911483,cnlaserol.com
611690,polizei-bwl.de
641849,rfea.es
601847,50dating.com
243715,ns1.tas.gov.au
692857,buymechocolate.ai
779022,frdating.shop
231293,drfc-vsc.co.uk
509977,vws4brkfst.com
517643,bgtourism.bg
819413,rk55t9.com
949525,uaa168.com
69154,funrize.com
128164,tainio-mania.store
688471,mintzone.us
306497,stake888.com
666842,kreator-terrorzone.de
806276,naturgytarifas.es
880614,pixelautocity.nl
141136,svipsltmtg2.cyou
350825,ca7focusss.de
112104,gant.com
54904,iclg.com
976711,theamericanreader.com
252521,123animehub.cc
977726,hvymetal.com
692818,aldo.com.sa
35407,lumendatabase.org
231663,pureromance.com
956249,bitcoin.com.au
990103,euroborsa.it
771768,dom2-line.ru
220323,cmsab.org
688510,contactus.ca
503428,sovido.de
846111,xbyb.shop
20733,geforcenow.com
775507,escorts.co.in
920105,legi-lib.com
389176,comteck.com
711096,mastoner.com
135223,owlbirdco.com
811342,panelsell.store
5586,kit.edu
491431,isrageo.com
894199,bravoscout.com
822293,seabeesjp.com
771627,docomo-icc.com
608569,happydaytouristik.de
863891,ougla.gr
927846,librairielesgrandschemins.fr
304117,huurcommissie.nl
991326,anthony.com
315268,seapines.com
419114,twcc.ai
68016,alanchand.com
42467,136.in-addr.arpa
185213,dot5nameservers.com
102613,minsknews.by
701510,frg.im
51804,aus.com
94642,tipsguru.in
856156,entersoft.kr
353637,travelfrom.es
717997,track1099.com
568383,bmocm.com
758292,banjaraelectronics.com
918223,openlyposts.us
542707,thankvpn.com
593082,uochb.cz
18476,discuz.net
667835,chikenroad2-italia.it
392099,massaget.kz
489092,bollettinoradar.it
564040,waly.ch
510755,verificado.ai
798720,m2v7k5z.com
771522,dmchaber.com
64251,orangewebsite.com
24468,t-j.ru
947795,startupsreal.com
563064,coin68.com
572024,lesormes.com
955116,ngtsystems.in
173602,thedoctorteam.ru
492330,1c.kz
971864,202area.com
375154,bnbpooling.com
966874,anderscpa.com
290219,kandianshu.com
604323,akadia.com
556270,zencloudpoint.nl
176028,omegaedi.com
374247,gambit-rp.com
113426,iamido.io
767499,confiance.com.br
46786,nakedcapitalism.com
783965,hangloose.com.br
430338,dustyape.com
875724,casinotalkspot.us
137989,giosgusercontent.com
5160,cybertrust.com
232109,agong-market.com
601342,istitutobeck.com
395859,fulledu.ru
752472,adorie.com.ar
858565,obconnect.io
941660,hostingfier.com
989490,web-host-servers.com
678100,markless.jp
206433,aviafly2slot.net
183812,maximus.com.ar
578648,loymaxsc.net
576559,dap.edu.ph
510644,atamanchemicals.com
677408,limontasarim.net
337678,vbarter.com
886605,majandofu.com
542773,trunarrative.cloud
454189,teatroespanol.es
956040,mylicenseone.com
997751,atlas-web.jp
554934,hi-couplering.com
629928,elizabeth.co.id
828507,sushiro.jp
558402,proletarsky.ru
21472,clarowifi.com.br
111071,xhdesign.blog
976430,guidesociety.uk
755127,aolbeg.com
156848,aace.com
30768,sebokep.vip
546969,d44.buzz
31380,teknokrat.ac.id
283112,underoutfit.com
729688,big-bang.lol
595463,codinmur.es
978821,wizdii.com
828447,surgakuwd.com
385554,apmt.mt.gov.br
73904,bookmarking.site
534951,floridagunexchange.com
516418,beaconexposeoutlook.co.uk
181198,svipgulr.com
84955,netnam.vn
224354,leicraftmc.de
678792,magcomsen.com
289277,epsom-ewell.gov.uk
687034,raclettecorner.com
224229,marketingevolution.com
38052,emjcd.com
410562,instantusername.com
803840,movie7.org
180524,chihlee.edu.tw
921576,axa.art
818430,redlands.nsw.edu.au
658794,fluidhosting.net
676284,kupit-diplomys-v-syzrani-63.ru
181433,ahtv.cn
483150,nissan.bg
419435,tube2.top
607376,advanced-digitalphotography.com
452451,fabtolab.com
275183,expert.services
851724,flylady.ru
707156,can.ua
258311,lmax.com
283609,83virtual.com
539953,netherlandscasinobonuses.com
183003,vpliuse.ru
412322,lokalebasen.dk
539906,koggames.com
417467,cbtulsa.com
467355,mineralnaya-vata-msk.ru
654208,dccolu.or.kr
177109,aybl.com
396133,mirdjgtht.lat
103219,securityconference.org
505352,vava.chat
713175,yanchungeng.top
297975,performancefordwindsor.com
742747,marriottcn.cn
500378,10xddl8puxw5rn3cg8pdus.net
118647,rtbserve.io
253205,siekman.io
46047,gcfglobal.org
177770,severstalauto.com
485559,kuzey2.com
648696,aptual.fi
262906,sm-ns.com
527907,gadii.in
423417,e812c.net
975199,shiangshow.com
177025,melt.ru
868925,tiffany.sg
126238,4gameforum.com
438920,enablz.com
757284,avi-vcd.com
123279,myprivatehosting.biz
974989,k118.org
885854,powder.gg
12787,morganstanleyhongkong.net
718965,simatix.ru
691854,gethalva.ru
344833,xiongmaodaoju.com
374210,zee7grounds.top
114159,aio.lv
333417,nationwidevehiclecontracts.co.uk
728987,petrockblock.com
75704,KwedothisallyearQ.org
858833,cleanarchive.us
168250,theweeknd.com
540470,nobodesign.se
977284,hostigen.com
436384,malelions.com
548954,pegasusmc.com.br
206159,cvsspecialty.com
941459,viatelecom.eu
187615,br57br.win
737199,logitudeworld.com
551736,babestation.com
401404,archina.com
683302,tarjetarojas.com
582020,autostradale.it
833862,tuchance.com.ve
269976,e-tsuyama.com
194571,cernerworks.com
581453,onehopewine.com
826654,spkbopw.de
124654,chiayi.gov.tw
298011,xshaker.net
682302,urbanbetsworks.uk
538435,chetx.com
52111,ispras.ru
540981,captain.ai
940606,hotelsapphire.com
251488,patchretention.com
399707,dytt8.net
578411,axa-im.co.uk
821866,saveporn.cc
286357,wolf77.co
243087,greatpetcare.com
807972,novema-nova.hr
84953,chmisdyt.lat
723894,impulsiva.shop
962347,undernylon.com
86748,rcbcy.com
428570,humanresourcesmanager.de
185235,armurerie-loisir.fr
100801,animationexplorer.com
264556,rw.net
558681,combinedinsurance.com
602823,utahsadventurefamily.com
378706,minimallyinvasivesurgerymis.com
783799,hairnet.fr
400289,centrifico.com
66798,certik.com
935665,10te.bg
870116,guqdio.team
851487,equityrealestateusa.com
788404,interlook.pl
289380,minirate.ch
280822,tenha.az
533420,tyb.xyz
597344,hdreska.icu
858078,thedelimagazine.com
246877,walletron.com
215839,lewisstores.co.za
900711,bokksumarket.com
832476,topanhanime.com
188885,wpc-store.com
113866,etlong.com
701861,schellack-plattenshop.net
846226,q1w2d3.org
82017,onfirex.com
113552,exefiles.com
151561,aj1907.online
752778,agencyexpress3.org
205222,e-cadastre.am
263460,unicornplatform.com
936926,polymersearch.com
385584,baseballdata.jp
187024,bunniestudios.com
733708,loudspeakerdatabase.com
603479,mgimgs.com
403682,stoneeagle.com
821590,sapporotenki.jp
749191,666w88.com
680905,ifreshporn.com
958750,emiratesnbdrewards.com
703397,highstil.com.br
957229,web6.blog
396943,yabalovo.best
537150,rebellegion.com
500839,lafurniturestore.com
366595,rtmtech.ru
473038,tashir.net
136580,hausoftools.com
664900,hxrcjy.com
218746,coolmuster.com
698107,onsv.org.br
675512,georgialegalaid.org
927370,housingdigital.co.uk
40631,wewomedia.com
237653,beamysue.click
550466,americandatanetworks.com
958642,thewincolumn.ca
853174,1xbet-online-1xbet.ru
529445,coachingindians.com
614069,jackpot2.best
88241,tix.com
555440,match-trader.com
325264,oddstorm.com
903702,forgefield.ca
581493,evostudio.pl
94349,sattaindianmatka.com
986723,sev.org.gr
650848,essentia.com.pk
517578,wpsgo.com
444558,pokemon-movie.jp
262436,carpe.net
672027,zenreport.de
171410,v7labs.com
7774,bongacams.com
88227,eservices.gov.za
974167,rostovka.net
513510,allurion.com
23894,smartsuppchat.com
851991,roger365.io
987001,bromo.nl
763564,canadacoquin.com
827393,stepnet.co.jp
180197,strokeassociation.org
988291,ambilet.ro
482409,bluemint.com
468262,fps.edu.br
598614,filmebunehd1.com
349295,ca7modelss.de
562155,online-calculator.org
720133,nw-dyndns.de
701354,negriarredamento.com
405824,stirlingsports.co.nz
924609,ramsch.at
986080,illostration.com
623852,gamingsoft.com
114774,mealkeyway.com
693624,2houndsdesign.com
990300,devicie.com
868558,ravindrabharathi.org
23658,metacore.net
236716,vcc.ca
669851,goodfellascigarshop.com
771837,dongdam.pro
313134,inoti.com
134260,qtickets.ru
487799,pornobuzz.net
900990,dbrk.it
418355,lorientbretagnesudtourisme.fr
174966,prosiebensat1puls4.com
910906,pearlriver.com
339380,uniserve.de
147352,ultranet.com
533230,igims.org
253110,morski.hr
832438,top-bet-tz.top
729289,bookboost.io
545713,systemofintelligence.com
860883,fastrootserver.de
773303,easypaydirectgateway.com
209499,martinmarietta.com
984797,openusability.org
817181,r10sport.com
677294,savps.ru
607585,solargamingcentral.com
243444,ccapi.co
356715,node-netwave.digital
487139,onx.com
30806,yadongtv87.com
952936,childrenscabinet.org
686859,jchosting.es
844369,educationexchangeltd.org
756087,arubabet1.com
738236,jsbs.kr
864796,magentrix.com
163733,dmcc.ae
66466,youjizz.sex
348036,joripress.com
556742,roottcostore.com
153527,yw11.com
695552,intima.ph
140326,cartel4dx57.com
24158,simplywall.st
446443,diorboutique-il.com
968389,coolmobile.nl
254934,scoutingmagazine.org
805443,myschool-login.in
999026,buzlu.com.tr
23620,comfrt.com
835496,unseki.co.jp
280628,hflabs.ru
472253,hurtglass.pl
904985,stardev.io
523937,toshibahomeaccontrols.com
266544,raysigorta.com.tr
586768,disensa.com.ec
480503,fliplineads.com
706526,softnetnetwork.in
814976,powersports.in
34431,khabarvarzeshi.com
860095,leho.com.tw
894797,mouseriver.com
208747,city.chofu.tokyo.jp
379116,mirefaccion.com.mx
846212,aetecore.cloud
511702,oceaniccuisines.fr
532826,pondigital.solutions
594606,theengineeringmindset.com
710723,forexdemo.info
666572,brightvisionworld.nl
761689,borbazaveru.info
778599,fondosanitariointegrativogruppointesasanpaolo.it
926976,drivebike.ru
46802,linuxfromscratch.org
324452,iziyo.xyz
376629,platinumarenaworld.com
542551,sonyunara.com
513763,tmc95.com
830315,telescopes-et-accessoires.fr
489102,highways.today
862032,tunnelrushgame.io
772979,e-sjc-services.iq
323680,allermedia.io
558407,mwakilishi.com
416126,femiwiki.com
538511,timproject.net
419836,liaoliwu.com
68974,jacks.nl
973474,mxpairport.it
805503,mystarbucksvisit-ph.com
521954,rattiauto.it
311121,abbnfo.info
431947,pornoizlel.net
487013,superstep.ru
773144,eagenda.com.br
657331,pocketoptiony-ru.com
150751,fenix-magazin.de
478322,french-shop.com.ua
564694,bullionbypost.ie
689769,cecilelavelle.com
256337,fiftythree.com
393208,summerwine.net
423340,gnrk.uk
674848,sodastreamstaging.pl
159904,consultingservice.pl
137733,bancaintesa.ru
778880,fotosporno.blog
441537,roman.com.tr
624086,machiasobi.com
613052,transactional-mail-d.com
768307,crex1bet99.win
162309,fourstateshomepage.com
929312,gegnet.net.br
2224,forebet.com
87580,audionic.co
37680,drtst.com
570960,anwo.cl
937338,newspromedia.co.uk
224605,outdoor-magazin.com
592089,zoosexsite.com
660041,ayzeze.ro
215533,jetpack.tn
743034,wascal.org
890377,eola.co
113327,rhenus.group
514523,playin.com
240466,thegay.porn
768483,crotch-baseball.com
595401,videochatroom.ru
826188,soportasejanelas.com.br
463745,tupko.com
142577,comet-serve.com
68170,hacklink.blog
55998,ictp.it
81811,ecobolsa.com
673771,bridgeprops.com
843567,znx351478209.com
622325,cinema4d.co.kr
276628,webtender.com
63528,currencylive.com
301783,luulla.com
614788,sovtrk.com
348785,mgmotors.com.pk
411309,novaroulettehouse.com
580013,liloshop.ge
93815,mfinplus.com
539698,submais.com
275612,parfemy-elnino.cz
747590,2rr.biz
852874,norstella.com
518431,agrofert.cz
746111,accordklubpolska.pl
889871,salaryswish.com
366976,short-link.me
802789,mkm.szczecin.pl
915078,ifxinvest.group
365718,ossoccer.org
593726,neocom.de
303713,alpinebank.com
634623,menupricelist.today
35332,cdnhwcaoc115.cn
982426,drawmer.com
301624,orthomena.com
901308,dhbw-loerrach.de
526877,clearvipstudio.com
141624,totalmotorcycle.com
187278,cambio-carsharing.com
957433,actualtechmedia.com
29447,nohu90.com
409555,sharethemeal.org
83703,monkeydd.com
494518,newmarkhotels.com
760478,billberrypos.com
276371,installatieopruiming.com
602723,acecosm.com
560762,sexmoviescloud.com
530113,restaurant-reservieren-lieferservice.ch
409545,rumverliebt.de
977228,lendahandproject.org
346260,pemonlist.com
970638,operacarlofelicegenova.it
330366,thecolourcartel.com.au
558923,infoready4.com
843270,zenithpms.net
739399,xlcatlinreamerica.com
652504,vini-vino.com
981129,kms.ru
646480,1ststep.pk
206887,diku.dk
357170,spiritualsingles.com
321239,uisd.net
274284,releaf.co.uk
257944,teladns.net
965650,1xbet-auwr.top
148853,highergov.com
430327,casevpnserver.net
188366,expedia.ae
752251,activa.education
356276,nikse.dk
272123,boostbox.com.br
54489,partstown.com
688524,inreviewonline.com
986271,consiglio.puglia.it
781452,gigroup.com.br
825526,smile-itemes.biz
404586,sg.gov.cn
954526,mpfspromotions.com
746212,0101b00merang-bet.com
487429,novazonehub.nl
908845,emotv.link
415593,winchestersun.com
828902,syoukoukai.com
140117,_wildcard_.ngo.ph
823269,sg-bdp.pf
784467,heartmoments.com
258534,amalgamatedbank.com
473545,tourisme-carcassonne.fr
857805,hameedia.com
509150,zuihuo.net
251456,otoadom.com
633392,thebongshop.com.au
1886,gdemoideti.ru
546181,futuregamblestudio.com
629120,forexdirectory.net
901205,77bike.com
556931,roostersailing.com
309220,ourchinastory.com
316354,startisback.com
471245,bullz-eye.com
707813,lqqm.com
361120,books.ie
980833,uprav-com.ru
541719,juxta.cloud
551645,thjpg1.top
668699,idealnysen.pl
810980,pacvip.online
833141,transexpress.com
58131,maxi.rs
833114,trans-esmeraldas.com
97331,rpo.gov.pl
629877,ajmotors.co.nz
970245,biblebelievers.com
760177,bhumikavedics.in
24011,genetec.cloud
198854,bradecontrols.com
108766,occentus.net
163368,wavespot.ai
525232,newnewnew.space
429099,reservepromocode.com
752932,agrusti.it
622303,epitact.fr
471034,jdgyms.co.uk
495749,justindianxporn.com
806077,nandhanbook777.com
761948,bpsc.gob.pk
932325,lessolos.com
49325,notegpt.io
817729,ramly888f.com
199086,bokepind.click
66129,kziti.com
583934,pay-me.ru
248577,callbox.kz
410482,lunarwagerhub.com
172373,mep24web.de
563906,droughtpost.co.uk
23878,inspectlet.com
682885,syjccloud.com
383602,kyocera-unimerco.com
157179,rakuten62jp.click
864357,yoloco.io
351085,srvu.ru
413054,chichimall.co.kr
855005,palmagent.com
477162,fnsi.it
533532,shaleapps.com
7151,eventim.de
896714,rapidlabstory.nl
766791,cmpos.com
463893,summitgamingstation.com
587262,learningjquery.com
567942,androidenterprise.community
364073,univa.mx
669326,empirehost.co.zw
523726,ridecell.com
49551,tricom.net
79870,gpslocationtrackerpro.com
483201,otetmarkets.com
524252,the-spot-mediafilm.com
703784,ujbudamedicalcenter.hu
508484,ocko.tv
167793,whatsflirt.com
660430,eyesopen.com
784935,hiddenlust.net
607993,phl63-8.com
582743,abvphelp.cc
7687,examiner.com
908724,parts55.com
326546,digitallogisticscenter.ru
230684,bandit1001resmi.site
809137,okrummysupport.com
653753,alefbank.ru
120368,profeducation.kz
463583,oncosalud.pe
369269,poradte.cz
144290,phimxes.club
537825,eub.no
988980,ulladullawebdesign.com
73654,anac.gov.br
890477,freshvoice.ae
571311,staplespromo.com
111009,nowbookit.com
99360,hacklinkgiris.com
161364,bjedu.cn
939149,trmilitary.com
589327,truckersnews.com
728353,santasementebr.com
863931,dordrecht.net
309901,4fphones.com
646382,pivduyma.ua
702723,glutone.in
983932,amazesoft.com
792658,kd6444.com
201513,hpupdate.info
143594,worshiptogether.com
281020,myswissalps.com
272367,hearst.es
99160,plusinfo.mk
975074,xiaomeihua-ai.cn
468117,icewarehouse.com
516200,cornerfocusplace.nl
964962,1xbet-vndk.top
416785,track-chinapost.com
259913,hostibz.com
136269,research-opinions.com
471804,testiqs.com
23963,sbs-inter.net
685758,augnito.ai
79602,javhdtube.com
471336,crossnet.se
440836,leitungsen.de
87382,nameserver.ru
270399,tjqdyq.cn
890289,vfwstore.org
714563,keramiko.net
941989,verzekering.nl
201137,casino-fastloto-az.com
94579,tambanglog16.xyz
633871,ville-martigues.fr
464547,setupmy.tv
528651,sexymulai.com
891391,gmbh.de
159072,trayport.com
45903,wardow.com
477030,discohook.app
616265,3dpbase.com
754575,anahitamezon.ir
657242,bidx.com
570059,hyperchat.com
593290,holeporn.net
757880,babyrenta.com
226931,striderite.com
73315,xxdbx.com
604895,cairnmillar.org.au
437366,typezero.top
242074,ellengard.de
578567,athena.tools
534252,womanel.com
92213,starcraft2.com
868343,casinoverdiener.com
729322,889993218.xyz
935051,hostspot.com.hr
329029,enercare.ca
739830,stardew.info
448766,detective-banque.fr
630347,betterhomebase.com
625412,museumspeelklok.nl
887119,superplayhub.nl
296364,37486470.xyz
490041,ust.kz
408988,atolls.com
819985,royalx666.com
31496,edreams.com
614730,cuponation.es
454294,ottmela.co
138550,888fa88.com
216499,oktogelgacor.net
688574,1hd.sh
720206,luckyshopprime.nl
195348,vivoglobal.ph
692136,cloudtango.net
187856,geniee-search.net
17898,everestengagement.com
273318,beonbet-casino-uk.com
264483,ilovefreegle.org
476732,2412.casino
282615,brodownload9s.com
976263,guardtime.com
337260,offshoreservices.work
190236,reservix.io
917553,theaterimpulse.ch
622686,redbullradioservice.com
992076,kinkmeets.com
966588,geojsonlint.com
238795,kursktelecom.ru
391216,skatepro.dk
903528,foiredebordeaux.com
929164,twurl.nl
304597,firestream.to
557093,goequinox.com
660281,abejasboutique.com
417322,microfix.ca
787335,ikonicworld.com
564381,kyoritsu-pub.co.jp
561983,stratodesk.com
949367,naverview.com
86250,3asq.org
874913,limak.com.tr
188027,securityalarmco.site
874916,soccerandrugby.com
290423,tubefree1.com
390536,cruisebase.com
655698,chipcontact.com
417691,flowgames.gg
538204,favelin.com
751910,abkangkasa.com
603524,livinglutheran.org
343926,lunn.ru
821330,samuel-windsor.co.uk
931001,clearexpanse.ca
251415,groupon.nl
42180,mave.digital
787316,ikiikimedi.care
128687,lexa.nl
804670,muslimlane.com
397616,jifiti.com
22876,reelsave.app
308246,dotpimbrandpromotion.shop
547814,pccoepune.com
170943,sanlamonline.co.za
761055,blogconect.com
512294,blueguide.nl
22480,lesanciennes.com
325051,lightstrade.com
967078,1xbet-lu2c.top
401212,caxino.com
836135,v2a2j9j2.com
843799,zunaishacollections.com
34588,veronap.republican
807246,nigc-eazar.ir
782446,gotanda-fuumado.com
441203,nationalcar.ca
716675,lordfilmz.homes
94973,cppcc.gov.cn
606683,wincompose.info
751259,9anda138gg.online
416721,hitwsfypmk.com
595384,usatomacchine.it
972585,zenview.ca
576000,a2ne.com
61078,siroko.com
544313,cordellcordell.com
127088,budu5.com
31122,austria.info
474282,flagplatform.co.uk
703955,camerasdori.com
110784,corval.com.au
862708,megacritic.ru
447941,leolinofficial.com
937387,nagel-gruppe.de
492950,snusdaddy.com
136046,aerosoft.com
367635,kickidler.ru
356079,miinto.dk
16093,bigbadwolf-slot.com
405887,vypiska-nalog.com
904983,justmade33.gr
71268,notus.org
656091,netmodule.com
18507,nagoya-u.ac.jp
886266,fiec.org
500416,fukuoka-now.com
19152,gehealthcare.com
587475,corearena467.com
202747,csst.at
990079,mosdon-qa.com
252111,businessonline.it
798287,lucky97.org
684947,cabinetfolliot.com
384359,bacanaplay.pt
158479,tnpko.ru
443805,dynamicblackjackpro.com
410139,tenpointcrossbows.com
631716,leisure-center.com
32337,cloudsebek.com
151126,orionplatform.com
476831,sweetienailsupply.com
379204,lightfield.app
958635,fujimishobo.co.jp
141726,shuinizhumoji.com
43708,vivacut.com
357970,selecty.com.br
968333,patrolhost.eu
419236,sarahrenaeclark.com
997850,avatar-legenda-ob-aange-hdrezka.org
3822,consentmanager.net
397116,harveys.ca
807473,njjgsj.com
453225,dep.com.vn
825420,smartkaigisitsu.net
817077,quinielasypoceados.com
908374,loijtoottuleringv.info
300788,braintreeandwithamtimes.co.uk
218065,waada.pk
951737,rise.business
603145,crerarhotels.com
200777,jhahosted.com
579731,coretrackpro.id
933708,tyndalehouse.com
560587,abbny.com
152653,ftsafe.com
43158,astalavr.com
443829,caliraisedled.com
31861,wooribank.com
447388,gb.com.cn
2792,treasury.gov
238851,northshoreconnect.org
228447,iot-now.com
821432,sanhangchinhhang.vn
151347,babyplan.ru
740507,bukisa.com
4331,nocookie.net
108618,companylens.io
322277,maxwin89x19.com
413009,7775277.com
796308,leon88-s4te.club
178060,autohaus.de
236937,libertytimes.com.tw
301709,xxxmoviesdownload.net
25129,playkot.team
117608,australiarevival.com
456043,officielles.fr
981696,aldia.cr
45960,desktime.com
909992,talent-axaservices.com
785533,homechoicestockport.org
30175,zaubacorp.com
37588,group.nec
545241,1xbetmobil1.com
380644,altayoto.com
49359,flightclub.com
242177,cll8.com
203873,scriptintel.io
912264,oztivo.net
255007,dllpgd.click
990942,bbcinfodelivery.com
180334,euskaltel.com
93948,netmafia.hu
481012,pohon4das.com
545558,chefpersoonlijk.nl
902864,asa17.com
277263,aparentmedia.com
961321,srx8801.click
571060,7customs.com
79730,nusadigital.net
138015,octopuce.net
358769,goworkwize.com
779327,fubet.la
438722,grillrescue.com
576511,state.wy.us
163309,lookerservices.goog
889013,coldwar.org
753275,akaanseutu.fi
150195,verloop.io
331538,fontbros.com
992131,softyshield.com
747220,21tbajee.com
242605,eunic.net.ua
292230,mp4v.top
196710,beadablebliss.com
401645,northlight-images.co.uk
213484,666p1.com
146516,herospinaustralia.com
13149,skyrock.com
878566,liquidinc.asia
475328,cathalaunia.org
737820,futuretracker.de
770047,dein-gesundheitszeugnis.de
121641,promorexona.com.br
649467,dsf.my
845908,fastnewsforum.net
522277,arterytek.com
727454,efbetkazino.com
97096,abvpn.net
179082,c6k6.com
73889,ssnp.co.jp
543510,epilepsyfoundation.org
882101,bouwhuisit.eu
612419,online-tischreservierung.de
922596,kzaricoq.xyz
258086,mmdm.ru
781629,gkums.com
757177,autozubak.hr
826270,sota.ua
236331,libertyflames.com
171534,mymanatee.org
986624,scotweb.co.uk
687256,darevie.cc
594550,deltasd.bc.ca
945377,xbox-interactive.com
719053,boldhub.us
502587,pocketbase.io
573807,stormnewmedia.com
522454,kolbapps.com
663098,chordify.pt
961975,centralcareerspark.nl
611774,bynv.com.br
464273,esper.com
239204,51hmdg.com
724844,urbanluckynetwork.uk
68131,famousfix.com
896127,nikonphotorecovery.com
201022,facmedicine.com
706578,gyrosco.pe
2780,mysecurecloudhost.com
489415,uzmarketing.com
842154,yemenhr.com
965459,skycolor.com.cn
421748,eplastics.com
448176,medscheme.com
275289,s-crypto.by
336428,payhost-gate.com
89747,cult.cu
513551,famedkonsti.cyou
800648,mbm.group
8045,cdn-net.com
582582,pinupapk.com
489712,beibei858nr.cn
695864,vitanium.com
887035,familyfriendlycincinnati.com
12010,superwall.me
176478,elghazawy.com
380730,bape-aman30.site
106676,libdiscovery.org
588388,smcyberzone.com
106264,monstergovt.com
774473,elistars.com
26642,datocms-assets.com
241452,galateatv.com
419515,vmmcdn.com
108870,fh-ooe.at
641089,ssd.ru
318105,iboxmoto.com
537135,compass-group.fi
425914,decky.cz
879574,gamasonic.com
941642,harbourvest.com
438103,hervis.ro
657436,belet.tm
139661,justinbiebermusic.com
7054,parkingcrew.net
363528,jobspaceindia.com
998936,bser-exam.in
106599,muz-tv.ru
756118,aryton.pl
974935,broadbandvoice.net
728107,shorehealingllc.com
905396,platinumvaultzone.nl
706140,electrictung.com
287508,ic2itsolutions.com
854934,minorpulseeindhoven.nl
626893,apli.com
162473,fansfirsttickets.com
895696,familytreewebinars.com
236065,camif.fr
545795,mgt-commerce.com
483340,reliablegun.com
218748,ansons.de
601206,hga.com
408439,nagasaon2.net
955126,ysk-book.com
798570,lv39.club
74812,banplusonline.com
680328,alpharoyalexpress.com
821323,samsungplaza.com.np
232191,phimsexlive.net
357065,hdradio.vn
179918,purehost.com
966462,meyba.com
245180,webdiscovery.ru
588875,is-asp.com
393587,newsmaticaapp.com
992778,cutematureporn.fun
71304,webicom.si
215202,h22.center
971661,randysworldwide.com
447411,poorpeoplescampaign.org
112168,as3491.net
247558,tmu.ac.in
863305,youthhawk.co.uk
462132,tsugarubrand.jp
199095,passionnextdoor.com
938215,scgs.com.cn
548359,tubikstudio.com
721794,maisoncosmetics.de
729249,lordserialtv2.pro
35702,cba.gov.ar
581475,dvg-duisburg.de
931009,aoavant.ru
508195,corgifunds.com
479437,bst-moto.com
156443,directoryholiday.com
533544,useinsider.email
318219,bridgewise.com
157094,wisniowski.pl
63007,laprovinciadicomo.it
174601,grasset.fr
676409,osaka-dent.ac.jp
11122,bromium-online.com
609413,pathguy.com
870613,shouyubearing.com
661069,syair-togel.life
535260,ritzychee.cfd
841807,y3f1t8k.com
63408,filestore.app
116976,mantra88main.com
31053,mindafansub.one
530698,consol.de
196929,hs-weingarten.de
914430,newsonline.biz
963232,betheweb.co.nz
594356,knights-visual.com
602731,haschill.com
399909,stadtluzern.ch
601219,canon.fi
887669,xueshiwu.com
890897,cysys.de
55472,inilah.com
136988,moxi.onl
210803,in-ulm.de
283097,cloudora.com
520966,manglikmatrimony.com
484011,alinto.com
24908,njal.la
837305,viewmedonline.com
918735,bracketzonestation.com
863115,gametap.com
565716,cmder.net
374878,sunrise-resorts.com
160595,bj-yhxy.com.cn
367261,instinctdate.app
896884,1cbit.online
518747,warrior.com
103410,mydnsforfree01.ru
704435,toptex.es
659727,upn.co.uk
607900,reading.edu.pl
240438,acorndomains.co.uk
761889,boyjackpot.com
218032,vital.com.ar
232222,torrentbot246.site
736000,aduro.pl
508869,ageod-forum.com
228110,bookmarkingalpha.com
738723,mabelangry.qpon
700204,starsaremade.com
83823,bixbyllm.com.cn
394113,gorhody.com
340132,ford.com.co
326540,toben.or.jp
43603,bongacams6.com
687912,smartgit.dev
456984,ztqft.com
440717,werbefranken.ch
524592,cesis.lv
558097,hpforbiddenforestexperience.com
418428,vegait.com.br
594415,banricard.com.br
261560,c3reservations.com
699423,codycrossrespostas.com.br
586807,kd12.org
529975,portalmarketbright.nl
565611,hostinglizard.com
983937,sachsenhausen-sbg.de
987883,netbcp.net
725242,subcult.tv
989304,myluckyears.com
955226,thecraftsupply.com
188614,sandwichconscientiousroadside.com
123428,team4china.com
604442,khpcontent.com
807327,nimi.gov.in
31031,ednuva.com
190451,360imprimir.es
550617,pornmedia.pro
228356,glasseson.com
553522,jobandsalaryabroad.com
726680,chinmayfinserve.com
339247,freexian.com
265626,hostservers.gr
833317,trendmicro-shop.net
154404,oakfurnitureland.co.uk
677158,pr.ai
70390,breakdownexpress.com
101235,vergabeportal.at
481619,puchshop.de
1389,novinky.cz
819771,roomstatushub.in
965425,infosecisland.com
423368,rntpts.de
301504,hxgxb.com
791621,jysk.me
714685,arabescu.ro
433970,srv020.de
576894,m-latky.cz
230397,planet-beruf.de
414620,decor-discount.com
991633,dfdcloud.com
822424,sedatascikuyumculuk.com
291893,navop.no
853709,naturgarten.org
733174,theposterdepot.com
911011,creteservices.com
490173,atmosfy.io
873123,travelbeautytips.com
447848,solarwagerbase.com
58933,ing.ro
692565,deleest.nl
506860,rocketrx.com
11320,pantone.com
819770,roomspot.nl
178767,nick.co.uk
386418,cosmicbettingpro.com
920650,theluxurysquare.com
472938,mysolidearth.com
197112,toushichannel.net
138554,tmn2010.net
305610,picolog.app
821150,salepost.by
567241,kytary.sk
634489,paom.com
898444,worldlibrary.net
670312,zvmtv.com
889821,modernbase.fr
153601,izet.ru
793814,klap.ro
488333,kttuishu.com
751801,abbigroup.com
429450,goldeagle.com
531022,korsosanockie.pl
497048,yslbeauty.ca
203614,mfroot.org
122475,timemark.com
180307,riverbed.cc
811902,paulmark.com.tr
287528,wha.at
43810,financnasprava.sk
174688,chpcankaya.org
54484,skinport.com
658419,kungurov.su
225636,digchip.com
839591,wikisultan.cc
487143,hcma.vn
919039,unitech.com.ua
186941,century-composites.com
39708,catappult.io
636881,nevisoft.com.tr
742419,nestkastlive.nl
984820,xuaku.com
917183,hansole.co.zw
962473,mersinbilgisayar.com
70105,cdn-simple-life.com
956319,oc.app
649747,eurilca.org
339343,pythian.com
345053,drew-mcintyre.com
133291,ndcregister.com
412626,comercialgraume.com
879580,cvkoopjes.nl
325654,360researchreports.com
743948,leaguejoe.com
878019,nc-vr.cn
892943,dunlopmotorcycletires.com
521111,bsigroup.ru
324853,denverpioneers.com
524534,cedarcide.com
119632,leawo.org
614430,propedron.com
731055,allaboutlean.com
992100,cityofkozani.gov.gr
27111,awsdns-22.org
175821,vr.se
825467,smartsolar.io.vn
221963,meteopt.com
421166,karaterec.com
143505,mypasswordapp.com.au
578870,teaconnect.org
781601,gk.com.br
64231,pragmaticengineer.com
720098,promotiemateriaal.nl
200753,social-bookmarkingsites.com
854697,omron-healthcare.de
239852,shepherdexpress.com
371051,elgouna.com
446091,motordoctor.ro
544656,me-page.com
66561,admedo.com
564239,zpxid0a4xg.cfd
779595,furukawashiko-online.shop
773781,educube.net
445624,youk.co
595928,federtennis.it
339731,nordwest.com
206676,zielony-parapet.pl
856004,leibniz-hki.de
40871,f5silverline.com
229012,44brlbet.com
979359,freshbritmedia.co.uk
486299,bobomoda.ro
732529,appbrew.io
61999,tesourodireto.com.br
226101,spikeybits.com
184247,woolx.com
798670,m11bet32.com
361446,lifull.jp
568060,sb29.bzh
117043,ninipush.com
825549,smkbpn.sch.id
42832,sdkconnect121.st
757730,b5a308p.com
195826,informatics.ru
394512,hk-tencentclb.cloud
658518,meloncube.net
625127,musikhug.ch
734750,missionnepal.org
823003,sesna.gob.mx
416781,strengthandsunshine.com
180040,glinterra.de
51958,lifestylisher.com
749006,5sc7kmw.com
891430,sk-asp.no
676486,dbzoo.com
840650,x6p4d9r.com
317890,blog360media.nl
301721,vipdiandianying.com
805691,n3h4g4q.com
167716,efrontlearning.com
105016,wk.net
424626,shiftjuggler.com
739004,countingedge.com
412698,earncrypto.com
878058,nsp.kg
746619,11xplay.mobi
363406,dk-books.com
376168,admo.tv
596829,thunderbolttechnology.net
285421,payease.in
109056,trulyengaging.com
464914,lordserialec-16.top
929448,fis-asp.de
553792,400.buzz
909005,yynet.cn
559242,ocs-gis-aws.net
197840,businessbike.de
137429,rajabotak133.xyz
307250,sumai1.com
898047,ecovita.ru
921309,gnu.ac.in
165462,fotojet.com
150738,clearmydoc.com
421380,porn4you.xxx
583740,getrix.it
48080,vip.nl
891806,contractexpress.com
130771,epiuse.com.au
305620,runczech.com
849904,bff.com
666295,judiciary.go.tz
976410,mytrueancestry.com
348190,mynudez.com
835906,utabito.jp
83542,yunus.guru
652184,pharaoh1.com
622131,nightguide.it
828002,sulamo.fi
313317,med-mad.com.ua
946281,stickerstop.ru
427475,taiheiyo-cement.co.jp
995762,18g111.com
431674,lancasterautogroup.com
549811,coreture.com
443618,beaufortcountysc.gov
676852,theshot.com
482809,heishop.com.br
183313,admiralbookmarks.com
332840,rrsclub.ru
524131,huddly.com
613487,weixiaodian.com
221968,cmonsite.fr
126038,streamfree.app
412252,sertifi.net
750875,9000ddd.com
705816,xnxx-live.rest
633571,tomswatchbar.com
832532,tophaine.ro
922411,ksc-update.com
889292,betoraspins.co.uk
160871,plugin-alliance.com
623676,picumin.com
89219,rabbitsmeet.com
128758,genparts.eu
817379,radio-detaly.com
352059,sciencelogic.net
185848,inpi.gob.ar
310120,gigbicpodcastpromotion.shop
493213,posterphotography.com
202220,obc.co.jp
829429,talk-is.com
607379,greatgrady.com
511461,boldupdate.co.uk
427587,realestatewitch.com
597765,animesmsm.com
162554,internetaptieka.lv
442706,copagloja.com.br
928110,alientechnology.com
782547,gplinc.com
864589,imidge.com.ua
763100,c5r8k1p.com
985084,lordserials.pics
974403,casinosignal.de
814290,pohrebnictvo-hlohovec.sk
234018,fmu.ac.jp
870790,conhecimentoagora.com
268492,fortumo.com
349032,swift-cover.co.uk
339931,dubaiculture.gov.ae
524501,y4dd4kqw3k.cfd
556382,areonmart.com
385530,vroomdelivery.com
30757,kaltokan.com
119627,i00.eu
604486,inwap.com
440463,humans.uz
535240,nahtigal.si
290144,sexporno.pics
967792,toyotaofmidland.com
154279,ordr.net
667223,tomra.cloud
966369,pjphsquare.com
977230,bukmekerskie.com
283870,bhisa.info
489169,mona.de
582195,deluxetuning.ro
318989,jacobian.org
953653,applerankings.com
418106,arthroscopyjournal.org
697482,igamecenter.cc
840407,wtr.sa
73503,sigma.world
261555,qizhengtong.cn
228937,skillmatics.in
58547,thebestpdf.com
694332,newoeste.com.br
581688,lantech.com.ar
851356,casino-bonuses.ru
244428,tptn0rhbtj.info
721625,intouchglobal.org
540672,9net.org
943584,pvot-apparel.com
685872,adventures-abroad.com
382403,tankwaters.com
185178,u-tech.ru
884750,coreblackjackmarket.com
985451,aveugleechos.shop
120148,oceanhero.today
943426,fly88mb.com
886103,chelaclothing.com
395996,tripbuzz.com
550170,hpocdc.fr
25903,awsdns-cn-29.biz
291566,hooni.net
915324,nutricia.it
577454,skuld.com
338095,pensionsinfo.dk
245968,allspice.io
440511,troyabeauty.com.au
587273,amazonsellerservices.com
494817,radio.rzeszow.pl
60559,augsburg.edu
791477,juragiumedelynas.lt
431838,gpsocialapp.com
119826,prelert.com
784040,happyfishing.jp
103252,vinyl-cache.org
451663,lordserialez-4.top
878167,consejodelaalta.es
556263,we-aliyun.click
442359,safeguard-dns.com
642633,sss-steel.com
750997,958koe.com
633840,boostforward.fr
908021,unipress.dk
453732,kinderart.com
532139,newpet.pt
895462,samkniga.net
496003,mundotool.com
940027,nhri.gov.tw
817397,radioarg.net
53419,cuevana.you
518701,bitiba.it
692501,metaltrends.in
178199,rrbajmer.gov.in
549827,capsclub.pk
283808,baji999.net
154435,distancecalculator.io
463124,deltareelspro.nl
552608,easternuni.edu.bd
341460,inspiringquotes.us
951409,zend.is
654730,brightvip718.com
599471,mercar.co.kr
396972,deinepflege.de
501443,miumlab.com
722086,pugkko.com
393233,ggservers.com
949898,ravn-jonsen.net
123461,hy268fu2u.com
520877,ktozvonill.ru
614178,drawelry.com
247945,trek.zone
520419,doitb.com
612088,cilsuite.com
737090,hogfurniture.co
125908,neo100.io
164908,validx.shop
567954,mysteinbach.ca
703898,araraquaranews.com.br
579805,apuesta07.com
235540,lamrc.net
342645,lakecountyfl.gov
535386,itougu.com
997256,amaderloanbd.com
613130,jober.pl
929680,huge-it.com
995541,goapk.com
260457,blog66evidence.shop
604431,casinousa.com
969073,totb.kr
96900,indra.es
551827,nostium.com
771328,divorcewriter.com
818842,resexy.info
798871,maatjemeer.nl
750664,88omegabet.biz
651082,utbet.com
398484,inkomos.ru
726357,toppodcasts.be
894004,eksjoenergi.se
518925,nedirajtebosnu.net
148659,ltx.io
396842,melitta-group.com
822147,scooternet.gr
705283,scriptrevolution.com
61298,phantombuster.com
166577,gntz301.xyz
769870,dctgardenshoppingmall.com
435059,brightblackjackworld.nl
672492,rajapaito.homes
622668,ossrs.net
963024,xlcatlinglobalcargo.com
500660,merhabainternet.com
252307,lordseries.online
656180,hunter-x-hunter-jut-su.ru
994315,hostinguniversal.com
597918,bearingnet.net
398873,ndls.ie
408431,kvent.ru
792582,kazenouwasa.com
586076,gunsanddogs.com
472485,austria.org
648319,edgeon.online
573168,lordserial174s.top
531211,4626951.xyz
346228,crazymag.ro
339592,musicasacra.com
924485,pwcmobility.io
748438,4ww0ljc.com
896664,slotservices566.de
347093,hfotusa.org
780132,game-room.jp
157641,exxs.net
738513,zimvie.com
4777,orange.com
700255,orangevelodrome.com
35585,ganjingworld.com
863361,xlaxa.co.uk
39936,costco.co.uk
323340,adsmbdc.com
556212,apsla.cfd
551710,vertexjackpotplatform.com
864379,vyjiz-cuv.store
431428,elesi.com
391796,sollybaby.com
858244,kurvasmg.com
233009,boost-my.website
418320,online812.ru
975549,bgsha.com
948066,legendbazaarprox.com
279278,laserpack.ru
783221,gu.edu.ps
902356,ssl-images-may.com
989989,g3sites.com
666830,hindupad.com
914108,trlink.org
280303,madtrue.com
780767,gelora188-c.website
235137,connectedserver.net
516344,principalitystadium.wales
612763,gwscr.com
273763,isp.st
739352,mostbet1-kz.top
812168,pctinstituteofhealthcare.org
596077,galaksiarsivi.com
250868,greenpan.us
149248,harringtonparkpress.com
136990,aviatrixplay.com
807505,nldreok5.com
760452,bila2cuci.site
546919,toply.cz
331668,deltabase.nl
534311,myspace.cn
621834,cosmicroulettegroup.com
285558,pulibet862.com
588872,citymode.tn
701956,andxor.it
515065,dynamicroyalpro.com
841780,y1x9k6.com
761434,boletinhispano.com
718250,oshq.ru
95536,dns82.link
816720,qict.com.pk
920849,marinertalk.com
341860,laganini.com
750234,7qk.org
579680,stellararenadaily.com
368893,oz18.icu
539250,nbcsvg.com
925944,recursosdeautoayuda.com
751988,academia.ly
834298,typewizz.com
802685,mittmotors.com
827606,strandbuen.no
948765,fontex.org
16676,edwardjones.com
403669,westmeathindependent.ie
339027,ctos.com.my
800691,mc88heng.com
836232,v9a5r3m.com
306128,fast-edgar.com
989483,newengendisco.com
105165,deeparc.net
319876,mehrdc.com
719971,techboomers.com
538174,jucao.com.br
329702,donpress.com
654503,thepinningmama.com
883466,treasure-troves.com
497907,kotanyi.com
887115,fulldecksolitaire.com
963880,johnmayall.com
136015,rvt.com
249066,apetito.de
413940,white-dns.info
43062,letnetgo.com
246341,sex-studentki.pub
690980,1asian.cc
161620,polizei.de
9715,fngml.com
72876,ctk.ru
811535,paragonfood.com.bd
887240,erb.pw
224257,melbet-99601.pro
544207,hentainaked.com
278113,5hourenergy.com
293048,web-crossing.net
298922,hoops.ne.jp
426964,luizabarcelos.com.br
141594,classmanager.com
596795,sswd.xyz
357884,visionclubplatform.com
385800,thetahealing.com
653621,visitaltai.info
962835,elucks.io
163201,holidayextras.co.uk
149339,electricbikereview.com
525996,idgesg.net
942583,xn--q1ab.xn--p1ai
216775,pmopg.gov.in
700078,yourcityresource.com
181592,poupa.net
585558,beyondthebox.ph
532379,tm365.net
460686,turningtechnologies.com
701850,scenolia.com
914980,selecthotelcannes.com
733103,kobac.co.jp
855574,pgslot-th.com
702863,mokshaaworld.com
82839,gamehouse.com
500531,immortal.st
646264,job-maldives.com
993357,fe-ddis.dk
273607,videohardgratuiti.top
75033,asianpinay.to
85477,webitrent.com
402654,nihiloconcepts.com
941879,huis-en-comfort.nl
691762,odin.io
486897,clinicorp.tech
647415,zoclouds.com
907755,topmodern.com
431680,climatradeam.ru
414789,softpronow.com
694760,rapportian.com
578183,casino-pinup.ng
809123,okpayweb.com
609736,filmix.date
499081,duneatomic.live
206318,cmr24.by
59334,simplebooklet.com
227918,loftocean.com
667721,balloongoesup.com
514964,urbanlifelife.nl
862976,binarium24.online
283628,98aar.com
608003,mostbetonline.pk
677213,netactiva.com
644069,xostdns.ru
303926,okctalk.com
374040,anovahealth.co.za
134207,ucloudnaming.info
354689,hoobs.org
502555,thedjlist.com
927289,889993588.xyz
57723,karbonhq.com
455311,sagyanpublication.com
47854,tradelocker.com
890865,codespeedy.com
754480,amplifydispensary.com
462764,concera.net
525399,c-zentrix.com
394947,lawgratis.com
606920,polypointservices.ch
838682,walearmeria.com.ar
468039,theredfirst.com
653189,shunyanant.in
569060,ssj.sk
909308,bjorkeberget.se
965824,quickui.org
800717,mcdsmile.jp
802189,mildliving.com
15887,medpagetoday.com
807398,nishatlinenpk.com
552889,yunchengtrm.com
445819,mr-bills.com
859638,dezigndistrict.com.my
519028,trueroyalzone.com
916585,thomasmore.org
723638,louis-widmer.com
739164,bim2go.online
822926,servicejdc.com
837958,vksakw92u3s.com
777522,ffbet77.com
932364,optomaeurope.com
835093,unafamigliaincucina.com
884732,palviet.com
764584,cdnvideiiy.cc
539956,kinu.or.kr
475162,bedrocklearning.org
910050,abathhouse.com
311624,parkos.nl
881595,beregevkaliptov.ru
871119,peplamb.com
261484,orpheous.ru
650822,desihoes.com
81897,olx.io
854449,dev64.pl
921347,dgsc.go.cr
815552,procivil.es
756335,asl.lecce.it
217056,rexlerwelfarefoundation.online
346021,3585.ru
146321,kaseisyoji.com
771764,dolphinweb.it
732575,bylasn.com
793816,klarstein.si
372942,usa61operations.top
857707,motorcenter.pro
599943,polipet.com.br
209067,infinetwireless.com
905658,manutan.com
564715,totaalbed.nl
426896,13hw.com
15513,autodeskplm360.net
683438,playmaster.co.ke
45637,seewo.com
310734,lavalys.com
584657,sgf1903.de
813631,pkli.org.pk
673805,skygamingcontent.com
650801,britishmalayali.co.uk
534343,guiltyaffairs.com
534865,holtankoljak.hu
141737,azallivegroup.com
547768,tiketjuragan99.id
941597,infocul.pt
760300,bigballerclub.icu
657915,tech-critter.com
159591,miacrost.ru
515485,lula.lt
336793,blackcountrymetalworks.co.uk
786340,huntingworld.com
79179,yuma.ai
230911,wieers.com
750155,7baza.com.ua
625377,hdu.edu.vn
151474,maritime-zone.com
913015,relativitymedia.com
842019,yapeim.my
606651,diamondjackpotplay.nl
645724,aqua-aqua.jp
336063,guidetoeurope.eu
515804,serverengage.com
877176,kev.com.vn
390824,crisphealth.org
854716,264e.com
695485,myfindserver.xyz
951707,merittking-orjinal.com
758336,bantengemas77c.com
541409,githob.co
97992,five9-wfo.com
823716,shokuzaishiire.com
34599,museoreinasofia.es
95190,stpaul.gov
693869,energysavers.gov
720722,difusi.net
67769,selectra.info
994733,monoaxa.online
462270,chrisolley.co.uk
946345,thecinnamonhollow.com
282735,thecomet.net
79937,kakuyasu.co.jp
1814,ns1p.net
802459,minutosprime.com
620194,stakes.com
368471,sooka.my
421134,pvpusd.net
473681,v-o-k.ru
364032,top-colo.de
41443,work.ink
204284,630038949.com
967969,exoticdrc.com
40451,rainmachine.com
848830,awd.network
261094,chatruletka.com
183805,extensions-hub.com
587230,calmoncanningstreet.com
492068,a2zsitesolutions.net
726138,theyaregays.com
953537,peakwork.com
636561,buildwinkel.nl
942368,wave-cdn.com
717717,proofcore.io
230086,spnet.ne.jp
674919,acoffice.jp
846253,ojosunglasses.com
515964,friseur.com
257865,klica33.com
94437,silverbhai.com
652218,trueslotsbase.com
569195,oneoklive.com
50231,moglix.com
953049,euvic.com
686261,epicpalacehouse.com
209503,36krcdn.com
479489,elepay.in
789811,janome.in.ua
942732,umcl.ru
451797,mpayble.com
601164,cnz.to
711524,procurious.com
961005,cricketcellularservice.com
358731,spanjewijn.nl
464994,greensolar.at
443326,vaterlines.com
907568,infinite-scroll.com
805166,myhealth.bg
648863,gabrielerusso.it
838560,w7k4x2m.com
674554,tractorfan.de
125648,sabicmaing2026.com
614970,festivaletteratura.it
814437,politec.mt.gov.br
660201,onesuomi.com
491801,gidkap.com
236234,promipool.de
55688,escharts.com
893922,usa7peoples.shop
366694,plantstory.app
675417,gethookd.ai
162876,reshade.me
322792,stars77.wtf
32034,tvmaze.com
605762,maketak.com
390297,malpensaexpress.it
447200,elitechus.com
695499,casinopincoaz.com
908663,cosmicforgefrag.com
84166,mpsconline.gov.in
508614,eurotaxglass.com
780385,ganoeworldwide.com
311142,sianlon.com
95481,knoema.com
241767,sephora.ro
924105,lktech.com.cn
305343,nestle.ru
656815,agbarr.co.uk
418906,batihost.com
501649,gorgias.ai
46269,yellowpagesdirectory.com
721175,bursaplacerilor.com
417664,absit.ru
155211,fjytgy.cn
357634,dealerbluesky.com
103691,celonis.cloud
113780,dataquest.io
769405,dalmiocuore.it
624289,xinmeitifawen.com
688895,adzmedia.com
599022,infanti.cl
234970,namespedia.com
739419,slotlogic542.de
734381,unsap.ac.id
502059,trueenergysolutions.com
746583,11ic.com
597636,9777sx.com
951967,netzwolke.ch
852085,adanigreenenergy.com
892911,sudadocker.cn
516965,karpos-outdoor.com
446856,dlink.com.au
498927,bancodoc.com.br
924642,gemvisa.online
26898,cabidigitallibrary.org
444837,pjharvey.net
731232,financieel-management.nl
113801,39yst.com
940721,effectsdatabase.com
132026,haval.ru
13622,netshort.net
972529,1xbet-smcz.top
683767,lululu.one
457039,fishidy.com
462097,nicoladyandbaby.com
971928,femsmahus.se
561986,romance.com.br
392587,pixy.org
401037,all4rc.ru
432131,ingeek.com
278392,lord213yd.lol
752514,adultboyapk.com
429520,reeldesk.co.uk
230361,fc-arsenal.com
484163,access-ticket.com
772464,dsmetsmart.com
445423,entertainmentheute.de
628186,sprunkigames.io
263943,fresnocountyca.gov
484046,dunhamlaw.com
267199,nbit.it
79909,podnikatel.cz
488521,raiffeisen-media.ru
647691,henkelgroup.cloud
219597,hamsterspot.com
878028,brevanhoward.com
109544,wikifab.org
183311,denebunu.com
713075,grpcomradios.com.br
589810,floridaregisteredagent.net
972745,fensternotiz.de
664492,cableranch.com
692415,eileenslounge.com
997983,bahbit.org
130280,karazin.ua
758630,bayancerah.com
414167,searchrealty.ca
15972,gusto.com
5868,onfinality.io
964519,oregonstatecu.com
112513,wscncdn.com
257096,daystar.com
523071,eastmancu.org
569121,hostadata.com
384560,wernerco.com
573763,casinobloke.com
690510,planchesglorieux.fr
358281,cvejie-cveti.ru
553424,bs0.casino
742925,blokmsquare.co.id
630115,arviz.ru
58305,handelsbanken.se
28213,omegawatches.com
500775,bluntandenvy.eu
842039,yasainavi.com
268586,cryptoadventure.com
607676,kolleno.com
578995,officialwinnieharlow.com
195926,queens.edu
82209,fcdo.gov.uk
236491,harvarddruggroup.com
213685,aisol.biz
366332,hyperslotcentral.nl
479572,yovu.ca
79112,hauteliving.com
405380,homedecortodays.com
818897,resultadojogobicho.com
965355,sergeykhotimskiy.ru
395047,spy-family.net
43528,flywire.com
376467,fjordalp.com
301162,9281.casino
845208,burlington.org.uk
411934,fiocchidiriso.com
356673,wsd2.net
658081,iplusus.com
310181,netfone.hu
737334,occhialando.eu
169113,ibis.net.ua
581005,turisede.com
975707,swanson.co.uk
585000,medienzentralen.de
338225,bechimp-test.de
478399,4gameground.ru
984658,navigato.ru
932382,nzpocketguide.com
905674,primemonitor.de
574342,uowforums.com
949316,apreplson.com
720717,jardinlasvegas.com
250190,yes-frankivsk.com.ua
958427,relis.ru
218400,fashiola.ph
267348,guitarshilin.ru
28415,practicetestgeeks.com
308521,braininjurysupportcenter.com
118810,gamebomb.ru
282396,steadyturtle.com
215648,katastar.ba
38838,francetv.fr
5227,adtidy.org
176488,bangboxonline.com
889061,dunkels.com
844777,adzerk.com
725695,rosarioplus.com
398181,giriumen.com
621013,globaljackpot92.com
576848,shuyiyan.com
341981,rdrama.net
39467,obdev.at
785201,hittersports.in
691772,swzx.com
729051,redbullphotofiles.com
268408,bwwml.cn
341227,playcast.ru
690979,fastbiz.tr
626017,surgerun.co.uk
708359,hardcirilo.com
506739,vegamit.com
159310,worth.com
916213,vertexafactory.co.uk
18280,clan.su
733317,jackpotglobalonline.co.uk
682939,cxyfibsjv.com
755190,apconline.co.in
903532,channelpartnersconference.com
590004,hbi.com
318649,unblockrvpn.com
752561,aegistcg.cl
851135,69av.one
714661,alpinepro.pl
732776,krovelson.ru
445498,abcasemat.fi
45430,orlandoweekly.com
31860,metrotimes.com
263246,aytoburgos.es
365413,poolday.com
674832,teknikom.com.tr
416616,codemeter.us
173906,flygresor.se
689453,actrol.com.au
882603,donlaurencejewellery.com
243670,premiumbeautynews.com
269363,lights.com
903010,bigduo.pl
62938,awsilvcons.com
537208,zg-ns.swiss
502119,taiwantt.org.tw
172465,gd.ru
615795,updatemark.com
16507,universityofcalifornia.edu
194469,6tcrfeevqmqz.net
349051,lordfilm1.fyi
285313,okking8.cc
97086,yinjian.com
864076,lsk.no
557509,tobe-store.jp
103664,dustyspcf.com
213000,sesc.com.br
666595,jowood.com
301637,myphone.gr
927171,smartplatform.fr
24269,50webs.com
922336,jaipurbeads.com
436971,komos.ru
309729,scscourt.org
925532,familysurf.de
55757,coslink.net
537870,sportplus.tv
90354,i-research.jp
566632,muskaanholidays.com
183254,burnleyfootballclub.com
270192,getfeedback-test.com
415136,optimumhost.net
417360,xn--80aegj1b5e.xn--p1ai
502056,pobreflixtv.qpon
534444,cosmicarenabase.com
393028,nestlebebe.es
986731,saurannur.kz
12823,outfit7.com
109153,revi.io
244918,hotelsonsicily.com
148702,fanajobs.com
529925,autoresponder.ai
730886,tiroler-kraeuterhof.com
51649,mt.net.mk
621358,gaypornforyou.com
381574,kudajtgokil.xyz
190038,newschoolers.com
31035,goldair168.com
753825,allindiandjsdrive.com
459770,kodeksy.com.ua
538238,kompp.co.rs
692840,bancoprocredit.com.ec
50687,engoo.com
469854,zgzzs.com.cn
661143,hkspotting.com
98634,cartstack.com.br
503334,togel.shiksha
688457,rubinivitzcoard.com
692297,twwiku.ru
430671,murrayledger.com
365128,cv-library.ie
499044,threadbare.com
592738,dnsfedweb.org
323156,stwx.net
247596,mashhad.ir
687102,samsmithworld.com
191316,protergia.gr
586309,russianpoetry.ru
475763,livenudesexxx.com
458668,minandco.net
725204,travelpoint.ge
713549,harodigital.com
474475,citraweb.com
210294,growweedeasy.com
122849,tanukifamily.ru
580354,scemd.org
125818,kicksonfire.com
299822,latinwomendating.com
310788,filecrypt.to
877375,wmcnetworks.com.br
725987,heftig.de
41761,annahar.com
193170,sigexec.com
598041,brighte.jp
433557,enderman.cloud
37843,yvilllotgz.net
771269,distriweb.be
497558,axentraos.co.in
686404,belpunto.ro
100679,gearfire.com
488469,stellarwagerplus.com
583783,sugarmobile.co.kr
551384,facilzap.app.br
